"fec_id","name","incumbency","party_code","party","total_receipts","transfers_from_auth_cmte","total_disbursements","transfers_to_auth_cmte","cash_beginning","cash_end","cand_contr","cand_loans","other_loans","cand_loan_repay","other_loan_repay","debts_owed","total_indiv_contributions","office_state","district","spec_elec","prim_elec","run_elec","gen_elec","gen_perc","other_cmte_contr","contr_from_party","coverage_end_date","indiv_refunds","cmte_refunds"
"H2AK01158","PELTOLA, MARY","C",1,"DEM",110462.16,0,115900.6,0,83969.49,78531.05,0,0,0,0,0,0,29865.47,"AK",0,NA,NA,NA,NA,NA,8500,0,"06/30/2025",16053.35,0
"H2AK01083","BEGICH, NICHOLAS III","I",2,"REP",1627708.61,635795.96,465027.58,0,104330.06,1267011.09,0,0,0,0,0,425000,603462.65,"AK",0,NA,NA,NA,NA,NA,383450,5000,"06/30/2025",31471.93,0
"H0AL01055","CARL, JERRY LEE, JR","C",2,"REP",7120.6,0,12505.11,0,69290.42,63905.91,0,0,0,0,0,254535.87,61.2,"AL",1,NA,NA,NA,NA,NA,7059.4,0,"06/30/2025",2500,3500
"H8AL02171","MOORE, FELIX BARRY","I",2,"REP",259802.91,0,132167.02,0,125131.66,252767.55,0,0,0,0,0,0,182697.91,"AL",1,NA,NA,NA,NA,NA,77105,0,"06/30/2025",500,2500
"H4AL02170","FIGURES, SHOMARI C.","I",1,"DEM",329834.45,0,166879.6,0,23108.87,186063.72,0,0,0,0,0,12000,78555.03,"AL",2,NA,NA,NA,NA,NA,249050,0,"06/30/2025",50,0
"H2AL03032","ROGERS, MICHAEL","I",2,"REP",904270.16,0,433543.07,5000,1922334.3,2393061.39,0,0,0,0,0,0,601361.64,"AL",3,NA,NA,NA,NA,NA,275975,6000,"06/30/2025",4.07,12500
"H6AL03181","LAPOINT, TERRI","C",2,"REP",2780,0,740.3,0,0,2039.7,0,0,0,0,0,0,2780,"AL",3,NA,NA,NA,NA,NA,0,0,"06/30/2025",0,0
"H6AL04098","ADERHOLT, ROBERT B. REP.","I",2,"REP",240878.4,0,229534.34,0,966896.34,978240.4,0,0,0,0,0,0,83164.43,"AL",4,NA,NA,NA,NA,NA,144750,0,"06/30/2025",0,2500
"H6AL05210","HOWARD, GREG MR JR","C",1,"DEM",2776.23,2276.23,2189.95,0,0,586.28,0,0,0,0,0,0,500,"AL",5,NA,NA,NA,NA,NA,0,0,"06/30/2025",0,0
"H6AL05236","DEVITO, JEREMY","C",1,"DEM",4106.55,0,0,0,0,4106.55,0,0,0,0,0,0,4106.55,"AL",5,NA,NA,NA,NA,NA,0,0,"06/30/2025",0,0
"H6AL05244","SNEED, ANDREW RANKIN GUYTON","C",1,"DEM",120915,0,14723.62,0,0,106191.38,20000,0,0,0,0,0,100915,"AL",5,NA,NA,NA,NA,NA,0,0,"06/30/2025",5000,0
"H6AL05251","DUVIEILH, CANDICE","",1,"DEM",7872,0,4269.13,0,0,3602.87,0,0,0,0,0,0,7872,"AL",5,NA,NA,NA,NA,NA,0,0,"06/30/2025",0,0
"H2AL05102","STRONG, DALE WHITNEY","I",2,"REP",569770.61,0,184976.48,0,628977.42,1013771.55,0,0,0,0,0,240000,325970.61,"AL",5,NA,NA,NA,NA,NA,243800,0,"06/30/2025",9700,0
"H4AL06098","PALMER, GARY","I",2,"REP",314873.18,13532.41,171083.59,0,153239.32,297028.91,0,0,0,0,0,0,196056.37,"AL",6,NA,NA,NA,NA,NA,105000,0,"06/30/2025",0,0
"H6AL06135","DIXON, CASE","C",2,"REP",14542.37,0,9113.64,0,0,5428.73,186.91,8600,0,0,0,8600,5673.38,"AL",6,NA,NA,NA,NA,NA,0,0,"06/30/2025",0,0
"H0AL07086","SEWELL, TERRI A.","I",1,"DEM",593149.42,0,461209.9,0,3470560.9,3602500.42,0,0,0,0,0,0,82421.94,"AL",7,NA,NA,NA,NA,NA,510500,0,"06/30/2025",551,0
"H0AR01083","CRAWFORD, ERIC ALAN RICK","I",2,"REP",247790.42,0,165304.03,0,830826.86,913313.25,0,0,0,0,0,0,92119.43,"AR",1,NA,NA,NA,NA,NA,139500,0,"06/30/2025",0,0
"H4AR02141","HILL, JAMES FRENCH","I",2,"REP",1714879.37,588967.27,704934.14,0,1376352.19,2386297.42,0,0,0,0,0,0,525375.42,"AR",2,NA,NA,NA,NA,NA,596750,0,"06/30/2025",7000,0
"H6AR02278","MCDOWELL, CHASE","C",2,"REP",46458.4,0,34651.63,0,0,11806.77,0,0,0,0,0,0,46458.4,"AR",2,NA,NA,NA,NA,NA,0,0,"06/30/2025",0,0
"H6AR03128","RYERSE, ROBB","C",1,"DEM",9650,0,229.11,0,0,9420.89,100,0,0,0,0,2595.5,9550,"AR",3,NA,NA,NA,NA,NA,0,0,"06/30/2025",0,0
"H0AR03055","WOMACK, STEPHEN A THE HON","I",2,"REP",600471.84,4312,197688.81,0,1715893.66,2118676.69,0,0,0,0,0,0,257645.24,"AR",3,NA,NA,NA,NA,NA,306500,0,"06/30/2025",64.35,0
"H4AR04048","WESTERMAN, BRUCE","I",2,"REP",977466.22,259507.31,255885.98,0,3033560.4,3755140.64,0,0,0,0,0,0,333036.93,"AR",4,NA,NA,NA,NA,NA,368550,0,"06/30/2025",100,0
"H4AS00036","AMATA, AUMUA","I",2,"REP",7100,0,8665.61,0,1656.14,90.53,0,0,0,0,0,0,4100,"AS",0,NA,NA,NA,NA,NA,3000,0,"06/30/2025",0,0
"H4AZ01194","SHAH, AMISH DR.","C",1,"DEM",333661.09,0,126587.05,0,91801.9,298875.94,65.11,2602.68,0,0,0,5902.68,299493.3,"AZ",1,NA,NA,NA,NA,NA,31500,0,"06/30/2025",21.4,0
"H6AZ01272","DEL VECCHIO, BRIAN A","C",1,"DEM",15071.78,0,5826.62,0,0,9245.16,0,5497.78,0,0,0,5497.78,9574,"AZ",1,NA,NA,NA,NA,NA,0,0,"06/30/2025",0,0
"H6AZ01280","GALAN-WOODS, MARLENE","C",1,"DEM",531463.97,0,141335.05,0,0,390128.92,4408.92,0,0,0,0,0,488485.41,"AZ",1,NA,NA,NA,NA,NA,38500,0,"06/30/2025",250,0
"H6AZ01298","TREBLE, JONATHAN","C",1,"DEM",1000628.52,0,129117.49,0,0,871511.03,20586.29,671700,0,0,0,671700,306342.23,"AZ",1,NA,NA,NA,NA,NA,2000,0,"06/30/2025",7,0
"H6AZ01306","MCCARTNEY, RICK","C",1,"DEM",141798,0,12321.47,0,0,129476.53,7000,0,0,0,0,0,134798,"AZ",1,NA,NA,NA,NA,NA,0,0,"06/30/2025",0,0
"H4AZ06045","SCHWEIKERT, DAVID S.","I",2,"REP",1582972.3,567691.07,492046.17,0,49823.92,1140750.05,0,0,0,53189.04,0,171488.42,455026.11,"AZ",1,NA,NA,NA,NA,NA,552450,5000,"06/30/2025",1163.4,7000
"H4AZ02184","NEZ, JONATHAN MICHAEL","C",1,"DEM",80280.46,0,81083.98,0,65175.96,64372.44,0,0,0,0,0,0,59525.08,"AZ",2,NA,NA,NA,NA,NA,0,0,"06/30/2025",2698.92,0
"H6AZ02221","DESCHEENIE, ERIC","C",1,"DEM",188,0,7.45,0,0,180.55,0,0,0,0,0,0,188,"AZ",2,NA,NA,NA,NA,NA,0,0,"06/30/2025",0,0
"H2AZ01354","CRANE, ELI","I",2,"REP",2410376.75,369501,1527726.04,0,317370.07,1200020.78,0,0,0,0,0,0,2016435.57,"AZ",2,NA,NA,NA,NA,NA,24000,0,"06/30/2025",6138.36,0
"H4AZ03109","ANSARI, YASSAMIN","I",1,"DEM",608082.41,0,259019.06,0,10410.71,359474.06,35704.6,30000,0,2500,0,402500,421111.36,"AZ",3,NA,NA,NA,NA,NA,119033,0,"06/30/2025",4576.07,0
"H8AZ09040","STANTON, GREG","I",1,"DEM",649917.9,0,311721.36,0,1015730.46,1353927,0,0,0,0,0,0,474501.31,"AZ",4,NA,NA,NA,NA,NA,175225,0,"06/30/2025",5,0
"H6AZ04219","HONER, BRADLEY J","C",2,"REP",10,0,888.39,0,0,-878.39,0,0,0,0,0,0,10,"AZ",4,NA,NA,NA,NA,NA,0,0,"04/05/2025",0,0
"H6AZ04227","DAVISON, JERONE","C",2,"REP",34514.04,0,26712.65,0,0,7801.39,0,0,0,0,0,0,34514.04,"AZ",4,NA,NA,NA,NA,NA,0,0,"06/30/2025",0,0
"H6AZ05208","BRACHT, BLAKE","C",1,"DEM",3889.01,0,3111.91,0,0,777.1,80.85,3103.16,0,0,0,5103.16,705,"AZ",5,NA,NA,NA,NA,NA,0,0,"06/30/2025",0,0
"H2AZ06155","GRANTHAM, TRAVIS W.","C",2,"REP",307119.33,0,38753.09,0,148.99,268515.23,3500,150000,0,0,0,461911.5,152619.33,"AZ",5,NA,NA,NA,NA,NA,1000,0,"06/30/2025",0,0
"H6AZ05083","BIGGS, ANDY","I",2,"REP",27745.83,1435.05,48855.83,0,458877.56,437767.56,0,0,0,0,0,0,17825.78,"AZ",5,NA,NA,NA,NA,NA,7000,0,"06/30/2025",0,0
"H6AZ05174","STOVALL, ALEX NICOLAS","C",2,"REP",35517.99,0,30796.31,0,0,4721.68,1300,0,0,0,0,0,34217.99,"AZ",5,NA,NA,NA,NA,NA,0,0,"06/30/2025",0,0
"H6AZ05182","KEENAN, DANIEL","C",2,"REP",535435.8,18640.18,174363.35,190,0,361072.45,0,425300,0,0,0,425300,16425.62,"AZ",5,NA,NA,NA,NA,NA,0,0,"06/30/2025",0,0
"H6AZ05190","FEELY, THOMAS JAMES","C",2,"REP",774052.57,0,90446.07,0,0,683606.5,0,3e+05,0,0,0,3e+05,444552.57,"AZ",5,NA,NA,NA,NA,NA,29500,0,"06/30/2025",1254.89,0
"H6AZ06099","MENDOZA, JOANNA","C",1,"DEM",1252924.54,17254.2,667690.08,0,0,585234.46,0,0,0,0,0,7192.76,1177349.74,"AZ",6,NA,NA,NA,NA,NA,58000,0,"06/30/2025",6732.84,0
"H6AZ06107","DONAT, CHRIS","C",1,"DEM",14898.69,0,6129.03,0,0,8769.66,1752.94,0,0,0,0,0,13145.75,"AZ",6,NA,NA,NA,NA,NA,0,0,"06/30/2025",0,0
"H6AZ06123","GOLDMAN, MO","C",1,"DEM",253921.48,0,57512.93,0,0,196408.55,0,0,0,0,0,0,253921.48,"AZ",6,NA,NA,NA,NA,NA,0,0,"06/30/2025",0,0
"H2AZ02360","CISCOMANI, JUAN","I",2,"REP",2312346.31,1018284.8,584469.75,0,236560.89,1964437.45,0,0,0,0,0,0,618671.46,"AZ",6,NA,NA,NA,NA,NA,660227.03,5000,"06/30/2025",12203.92,2500.15
"H6AZ06115","DICKERSON, TREVOR","C",3,"IND",19326.06,0,5371.5,0,12352.04,26306.6,0,14629.06,0,0,0,14629.06,4696.8,"AZ",6,NA,NA,NA,NA,NA,0,0,"06/30/2025",0,0
"H2AZ07070","GRIJALVA, RAUL M","I",1,"DEM",380.29,0,48926.87,0,300661.13,252114.55,0,0,0,0,0,4015.59,0,"AZ",7,NA,NA,NA,NA,NA,0,0,"06/30/2025",0,0
"H6AZ07105","HERNANDEZ, DANIEL","O",1,"DEM",1026691,0,954843.33,0,0,71847.67,0,0,0,0,0,14550,884690.31,"AZ",7,NA,NA,NA,NA,NA,142000,0,"06/30/2025",6430,5000
"H6AZ07121","GRIJALVA, ADELITA","O",1,"DEM",911130.02,0,782760.48,0,0,128369.54,0,0,0,0,0,20767.7,738562.07,"AZ",7,NA,NA,NA,NA,NA,172563.31,0,"06/30/2025",10538,0
"H6AZ07139","OPERANA-FOXX, DEJA CHERISE","O",1,"DEM",671299.11,0,597287.82,0,0,74011.29,1008.17,0,0,0,0,0,657745.59,"AZ",7,NA,NA,NA,NA,NA,12545.35,0,"06/30/2025",2581.6,45.35
"H4AZ07134","BUTIEREZ, DANIEL","O",2,"REP",179946.19,0,82509.4,0,592.14,98028.93,27070.76,136470,0,0,0,144120,16405.43,"AZ",7,NA,NA,NA,NA,NA,0,0,"06/30/2025",0,0
"H6AZ07055","RIVAS, JORGE","",2,"REP",11798.76,0,11205.23,0,0,742.99,5625,0,0,0,0,0,6173.76,"AZ",7,NA,NA,NA,NA,NA,0,0,"06/30/2025",0,0
"H4AZ08108","HAMADEH, ABRAHAM","I",2,"REP",453702.99,194672.22,242388.35,0,36408.6,247723.24,0,0,0,1e+05,0,256016.75,142923.5,"AZ",8,NA,NA,NA,NA,NA,115960,0,"06/30/2025",0,0
"H0AZ01259","GOSAR, PAUL DR.","I",2,"REP",155233.13,0,134095.41,0,91596.98,112734.7,0,0,0,0,0,1500,147033.13,"AZ",9,NA,NA,NA,NA,NA,6000,0,"06/30/2025",342.4,0
"H6CA01228","SALEGUI, JAMES","C",1,"DEM",6719,0,3000,0,0,3719,0,0,0,0,0,0,6719,"CA",1,NA,NA,NA,NA,NA,0,0,"06/30/2025",0,0
"H2CA02142","LAMALFA, DOUG","I",2,"REP",260042.62,0,89240.93,0,684441.94,855243.63,0,0,0,0,0,5810.67,167724.2,"CA",1,NA,NA,NA,NA,NA,91839.21,0,"06/30/2025",300,0
"H2CA06259","HUFFMAN, JARED","I",1,"DEM",304015.13,0,331254.7,0,985922.94,957403.37,0,0,0,0,0,586.57,213207.12,"CA",2,NA,NA,NA,NA,NA,71000,0,"06/30/2025",40,0
"H6CA02267","WILSON, KYLE","C",3,"IND",1877.81,0,1870.85,0,0,6.96,0,0,0,0,0,0,1877.81,"CA",2,NA,NA,NA,NA,NA,0,0,"06/30/2025",0,0
"H6CA03133","HALL, HEIDI","C",1,"DEM",153656.61,0,58181.91,0,2456.47,97931.17,20,0,0,0,0,0,146680.14,"CA",3,NA,NA,NA,NA,NA,6956.47,0,"06/30/2025",35,0
"H2CA03157","KILEY, KEVIN","I",2,"REP",1226068.57,365821.11,214842.66,0,380978.07,1392203.98,5,0,0,0,0,6353.27,723856.48,"CA",3,NA,NA,NA,NA,NA,130841.08,0,"06/30/2025",5562.5,2500
"H8CA01109","THOMPSON, MIKE MR.","I",1,"DEM",688002.7,0,607229.49,0,1209488.4,1290261.61,0,0,0,0,0,38215.03,289861.22,"CA",4,NA,NA,NA,NA,NA,391231,500,"06/30/2025",2834,0
"H6CA04172","TYLER, JOHN WESLEY","C",3,"IND",1190.05,0,1045.95,0,0,144.1,1170,0,0,0,0,0,20,"CA",4,NA,NA,NA,NA,NA,0,0,"06/30/2025",0,0
"H2CA00096","BARKLEY, MICHAEL JAMES MR.","C",1,"DEM",340,0,13.51,0,4738.88,5065.37,0,0,0,0,0,537275.86,340,"CA",5,NA,NA,NA,NA,NA,0,0,"06/30/2025",0,0
"H6CA05377","MASUDA, MICHAEL","C",1,"DEM",23039.26,0,9324.53,0,0,13714.73,0,0,0,0,0,15006.21,23039.26,"CA",5,NA,NA,NA,NA,NA,0,0,"06/30/2025",0,0
"H8CA04152","MCCLINTOCK, THOMAS","I",2,"REP",174833.6,0,237738.9,0,148204.99,85299.69,0,0,0,0,0,3206.04,156343.12,"CA",5,NA,NA,NA,NA,NA,18025,0,"06/30/2025",174,0
"H0CA03078","BERA, AMERISH","I",1,"DEM",241784.79,0,252271.23,0,1873371.71,1862885.27,0,0,0,50000,0,7800,75627.5,"CA",6,NA,NA,NA,NA,NA,166157.29,0,"06/30/2025",5,0
"H6CA06268","BENNETT, CHRISTOPHER JERMAN","C",1,"DEM",33685.13,0,6899.74,0,0,26785.39,20020,0,0,0,0,1250,13665.13,"CA",6,NA,NA,NA,NA,NA,0,0,"06/30/2025",0,0
"H0CA06170","BISH, CHRISTINE","C",2,"REP",5611.54,0,3558.74,0,50.14,2102.94,0,680.03,0,0,0,35749.53,4931.51,"CA",6,NA,NA,NA,NA,NA,0,0,"06/30/2025",200,0
"H4CA06149","DELUZ, CRAIG","C",2,"REP",0,0,0,0,47.09,47.09,0,0,0,0,0,13177.53,0,"CA",6,NA,NA,NA,NA,NA,0,0,"06/30/2025",0,0
"H4CA06156","RIEHLE, RAYMOND","C",2,"REP",19634.78,0,13991.6,0,539.83,6183.01,0,0,0,0,0,23150,19634.78,"CA",6,NA,NA,NA,NA,NA,0,0,"06/30/2025",96.58,0
"H6CA05195","MATSUI, DORIS","I",1,"DEM",366214,0,153023.33,0,306668.8,519859.47,0,0,0,0,0,0,118214,"CA",7,NA,NA,NA,NA,NA,248000,0,"06/30/2025",250,0
"H6CA07142","LEE, ERICA","C",1,"DEM",10265.38,0,5508.16,0,0,4757.22,0,0,0,0,0,1323.99,10265.38,"CA",7,NA,NA,NA,NA,NA,0,0,"06/30/2025",0,0
"H6CA07159","MORIN, ROBERT","C",1,"DEM",10949,0,0,0,0,10949,0,0,0,0,0,0,10949,"CA",7,NA,NA,NA,NA,NA,0,0,"06/30/2025",0,0
"H0CA10149","GARAMENDI, JOHN","I",1,"DEM",149522,0,216017.69,0,1264717.73,1198222.04,0,0,0,0,0,0,72772,"CA",8,NA,NA,NA,NA,NA,76750,0,"06/30/2025",0,0
"H2CA00153","RECILE, RUDY","C",2,"REP",1523,0,1347.08,0,1037.74,1213.66,0,25,0,0,0,31741.66,1498,"CA",8,NA,NA,NA,NA,NA,0,0,"06/30/2025",0,0
"H8CA10126","HARDER, JOSH","I",1,"DEM",1549317.6,82251.53,337864.51,105,1688831.72,2900284.81,0,0,0,0,0,0,1150031.12,"CA",9,NA,NA,NA,NA,NA,244122,1625.93,"06/30/2025",7757.34,0
"H4CA09093","LINCOLN, KEVIN J II","",2,"REP",5861.05,1195,28153.71,0,24124.13,1831.47,0,0,0,0,0,1450,2579.2,"CA",9,NA,NA,NA,NA,NA,999,0,"06/30/2025",207.46,0
"H4CA09101","MCBRIDE, JOHN","C",2,"REP",2889.35,0,2592.44,0,30,326.91,0,0,0,0,0,20112.62,2889.35,"CA",9,NA,NA,NA,NA,NA,0,0,"06/30/2025",0,0
"H6CA09122","SHOEMAKER, JAMES H","C",2,"REP",6877.9,0,5562.08,0,0,1315.82,0,0,25,0,0,10625,6852.9,"CA",9,NA,NA,NA,NA,NA,0,0,"06/30/2025",0,0
"H0CA10073","DESAULNIER, MARK","I",1,"DEM",175947.47,0,134384.25,0,628987.32,670550.54,0,0,0,0,0,0,71339.92,"CA",10,NA,NA,NA,NA,NA,104607.55,0,"06/30/2025",500,0
"H4CA10109","PICCININI, KATHERINE","C",2,"REP",2192,0,867.15,0,2082.23,3407.08,0,0,0,0,0,6345.84,2192,"CA",10,NA,NA,NA,NA,NA,0,0,"06/30/2025",22,0
"H6CA11219","CHAKRABARTI, SAIKAT","C",1,"DEM",608139.23,0,364087.92,0,0,244051.31,0,470000,0,0,0,470000,138139.23,"CA",11,NA,NA,NA,NA,NA,0,0,"06/30/2025",108.34,0
"H6CA11243","HELTON, DARREN WAYNE","C",1,"DEM",5247.31,0,5247.31,0,0,0,0,5247.31,0,0,0,5247.31,0,"CA",11,NA,NA,NA,NA,NA,0,0,"06/30/2025",0,0
"H8CA05035","PELOSI, NANCY","I",1,"DEM",1489541.03,16340,1963151.79,0,2078066.46,1604455.7,0,0,0,0,0,0,1462487.05,"CA",11,NA,NA,NA,NA,NA,10500,0,"06/30/2025",27316.5,0
"H6CA11235","GANEZER, DAVID L","C",2,"REP",0,0,0,0,0,0,0,0,0,0,0,0,0,"CA",11,NA,NA,NA,NA,NA,0,0,"06/30/2025",0,0
"H4CA12154","SIMON, LATEEFAH","I",1,"DEM",533425.91,0,316472.35,0,285654.71,502608.27,0,0,0,0,0,0,457009.3,"CA",12,NA,NA,NA,NA,NA,71000,0,"06/30/2025",3,0
"H2CA13115","GRAY, ADAM C.","I",1,"DEM",1117838.58,7396.04,528512.73,0,191957.72,781283.57,0,0,0,0,0,76369,681547.88,"CA",13,NA,NA,NA,NA,NA,424075,386.4,"06/30/2025",2601.07,0
"H4CA14093","KRUTTIVENTI, VIN","C",2,"REP",310993.42,0,205228.68,0,5799.65,111564.39,201672.37,0,0,0,0,806598.07,99321.05,"CA",13,NA,NA,NA,NA,NA,10000,0,"06/30/2025",0,0
"H6CA13181","LOPEZ, JAVIER B","C",2,"REP",71370,0,31102.16,0,0,40267.84,0,0,0,0,0,22159.48,48360,"CA",13,NA,NA,NA,NA,NA,23010,0,"06/30/2025",0,0
"H2CA15094","SWALWELL, ERIC MICHAEL","I",1,"DEM",1076852.05,0,858716.53,0,300002.78,518138.3,0,0,0,0,0,0,933848.16,"CA",14,NA,NA,NA,NA,NA,110451.75,779.17,"06/30/2025",358,0
"H2CA14162","MULLIN, KEVIN","I",1,"DEM",308267.73,0,227423.14,0,36771.24,117615.83,0,0,0,0,0,2599.42,123867,"CA",15,NA,NA,NA,NA,NA,182911.77,0,"06/30/2025",1000,0
"H4CA15074","KRAMER, ANNA","C",2,"REP",5350,0,7037.73,0,1687.73,0,5250,0,0,0,0,18400,0,"CA",15,NA,NA,NA,NA,NA,0,0,"03/31/2025",0,0
"H4CA16197","LICCARDO, SAM T.","I",1,"DEM",2093835.79,1180703.98,702196.15,7000,90392.1,1482031.74,0,0,0,0,0,0,724168.71,"CA",16,NA,NA,NA,NA,NA,185250,0,"06/30/2025",8300,0
"H4CA16247","DIXON, PETER","C",1,"DEM",0,0,1038.33,0,1038.33,0,0,0,0,0,0,0,0,"CA",16,NA,NA,NA,NA,NA,0,0,"03/20/2025",0,0
"H4CA12055","KHANNA, ROHIT","I",1,"DEM",6207608.83,0,2724915.57,0,10709091.4,14191784.66,0,0,0,0,0,89348.3,5761773.38,"CA",17,NA,NA,NA,NA,NA,500,0,"06/30/2025",52841.3,500
"H0CA17193","TANDON, RITESH","C",2,"REP",0,0,0,0,0,0,0,0,0,0,0,2089.31,0,"CA",17,NA,NA,NA,NA,NA,0,0,"06/30/2025",0,0
"H4CA16049","LOFGREN, ZOE","I",1,"DEM",693579.52,55913.24,288653.48,0,239752.35,644678.39,0,0,0,0,0,12244.15,479371.66,"CA",18,NA,NA,NA,NA,NA,155950,0,"06/30/2025",293,2500
"H6CA20152","PANETTA, JIMMY","I",1,"DEM",896463.49,0,412949.35,0,3714638.61,4198152.75,0,0,0,0,0,0,359247.54,"CA",19,NA,NA,NA,NA,NA,530266.8,0,"06/30/2025",818,0
"H6CA19154","VERBICA, PETER COE","C",2,"REP",25965,0,8167.1,0,0,17797.9,500,0,0,0,0,0,25465,"CA",19,NA,NA,NA,NA,NA,0,0,"06/30/2025",0,0
"H4CA20181","FONG, VINCE","I",2,"REP",513250.45,12236.19,345076.42,0,39231.4,207405.43,0,0,0,0,0,214231.28,245641.2,"CA",20,NA,NA,NA,NA,NA,255373.06,0,"06/30/2025",0,0
"H4CA20082","COSTA, JIM","I",1,"DEM",370110.34,0,178256.21,0,208882.1,400736.23,0,0,0,0,0,3533.59,151283.44,"CA",21,NA,NA,NA,NA,NA,218750,0,"06/30/2025",0,2000
"H0CA22110","GARCIA, ERIC","",1,"DEM",0,0,0,0,0,0,0,0,0,0,0,20910.5,0,"CA",22,NA,NA,NA,NA,NA,0,0,"06/30/2025",0,0
"H2CA21233","SALAS, RUDY","C",1,"DEM",1089.73,0,31580.06,0,206443.2,175952.87,0,0,0,0,0,0,1075,"CA",22,NA,NA,NA,NA,NA,0,0,"06/30/2025",0,0
"H6CA22190","VILLEGAS, RANDY","C",1,"DEM",231315.85,0,104883.39,0,0,126432.46,0,0,0,0,0,0,225315.85,"CA",22,NA,NA,NA,NA,NA,6000,0,"06/30/2025",10,0
"H2CA20094","VALADAO, DAVID","I",2,"REP",1810794.57,641676.51,468088.58,0,45535.53,1388241.52,0,0,0,0,0,0,390876.06,"CA",22,NA,NA,NA,NA,NA,754635,10000,"06/30/2025",33807.87,0
"H6CA23230","HODGE, TESSA LYNN","C",1,"DEM",9374.38,0,5265.05,0,0,4109.33,0,6090.4,0,0,0,6090.4,3255,"CA",23,NA,NA,NA,NA,NA,0,0,"06/30/2025",0,0
"H6CA23263","CHAKALIAN, PAUL","C",1,"DEM",24802.99,0,15614.92,0,0,9188.07,0,0,0,0,0,0,24302.99,"CA",23,NA,NA,NA,NA,NA,500,0,"06/30/2025",0,0
"H0CA08135","OBERNOLTE, JAY","I",2,"REP",415821.06,18203.97,223064.89,0,997839.76,1190595.93,0,0,0,0,0,1125000,164126.37,"CA",23,NA,NA,NA,NA,NA,230000,0,"06/30/2025",3800,0
"H6CA24303","CARBAJAL, SALUD O.","I",1,"DEM",811727.97,0,319138.6,0,2643869.51,3136458.88,0,0,0,0,0,356.26,650950.34,"CA",24,NA,NA,NA,NA,NA,158016.45,0,"06/30/2025",0,0
"H6CA24345","SMITH, ROBERT BOB J","C",2,"REP",29399.4,0,16145,0,0,13254.4,104.48,19000,0,0,0,19000,10294.92,"CA",24,NA,NA,NA,NA,NA,0,0,"06/30/2025",0,0
"H2CA36439","RUIZ, RAUL DR.","I",1,"DEM",729153.03,14000,384569.67,0,1702739.4,2047322.76,0,0,0,0,0,0,434280.69,"CA",25,NA,NA,NA,NA,NA,280251.25,0,"06/30/2025",436.5,0
"H4CA25214","TRUMAN, CECI","C",2,"REP",76118.7,0,72823.19,0,2607.89,5903.4,0,0,0,0,0,0,76118.7,"CA",25,NA,NA,NA,NA,NA,0,0,"06/30/2025",0,0
"H6CA25219","MALES, JOE","C",2,"REP",373585.44,0,272029.63,0,0,101555.81,0,0,0,0,0,97722.72,335128.95,"CA",25,NA,NA,NA,NA,NA,0,0,"06/30/2025",0,0
"H2CA00120","BROWNLEY, JULIA","I",1,"DEM",281367.77,0,172090.83,0,942357.13,1051634.07,0,0,0,0,0,0,140389.6,"CA",26,NA,NA,NA,NA,NA,125000,0,"06/30/2025",110,0
"H4CA26162","KOSLOW, MICHAEL S","C",2,"REP",23690,0,21773.76,0,11311.45,13227.69,140,0,0,0,0,53683,23550,"CA",26,NA,NA,NA,NA,NA,0,0,"06/30/2025",0,0
"H6CA26241","GALLUCCI, SAMUEL","C",2,"REP",105816,0,13871.29,0,0,91944.71,1450,52000,0,0,0,52000,52366,"CA",26,NA,NA,NA,NA,NA,0,0,"06/30/2025",0,0
"H4CA27111","WHITESIDES, GEORGE","I",1,"DEM",1640926.75,46374.6,512909.12,0,326733.36,1454750.99,0,0,0,0,0,1310000,1211746.71,"CA",27,NA,NA,NA,NA,NA,304787.62,1367.47,"06/30/2025",21058.24,0
"H0CA32101","CHU, JUDY","I",1,"DEM",137040.93,0,232408.84,0,3602004.95,3506637.04,0,0,0,0,0,8846,53540.93,"CA",28,NA,NA,NA,NA,NA,83500,0,"06/30/2025",0,0
"H4CA28127","VERLATO, APRIL","",2,"REP",0,0,3250,0,7837.65,4587.65,0,0,0,0,0,0,0,"CA",28,NA,NA,NA,NA,NA,0,0,"06/30/2025",0,0
"H4CA29141","RIVAS, LUZ","I",1,"DEM",191640.94,0,178100.93,0,264263.23,277803.24,0,0,0,0,0,0,84119.63,"CA",29,NA,NA,NA,NA,NA,106500,0,"06/30/2025",3500,0
"H2CA29087","CARRANZA, MARGARITA MARIA","C",2,"REP",0,0,0,0,235,235,0,0,0,0,0,0,0,"CA",29,NA,NA,NA,NA,NA,0,0,"04/15/2025",0,0
"H4CA30131","MELVOIN, NICK","C",1,"DEM",2377.06,0,23230.76,0,212665.6,191811.9,0,0,0,0,0,0,0,"CA",30,NA,NA,NA,NA,NA,0,0,"06/30/2025",0,0
"H4CA30149","FRIEDMAN, LAURA","I",1,"DEM",262056.22,0,234603.84,0,296748.24,324200.62,0,0,0,0,0,0,182436.58,"CA",30,NA,NA,NA,NA,NA,79500,0,"06/30/2025",35,1000
"H4CA31170","CISNEROS, GILBERT","I",1,"DEM",142223,0,126657.75,0,40075.83,55641.08,0,0,0,0,0,5467680,35862.52,"CA",31,NA,NA,NA,NA,NA,104250,0,"06/30/2025",11,0
"H8CA39174","CISNEROS, GILBERT","C",1,"DEM",142223,0,126657.75,0,40075.83,55641.08,0,0,0,0,0,5467680,35862.52,"CA",31,NA,NA,NA,NA,NA,104250,0,"06/30/2025",11,0
"H4CA32145","AHUJA, CHRISTOPHER","C",1,"DEM",12632,0,0,0,0,12686,0,0,0,0,0,0,12632,"CA",32,NA,NA,NA,NA,NA,0,0,"06/30/2025",0,0
"H6CA24113","SHERMAN, BRAD","I",1,"DEM",477725.76,0,245603.57,0,3921944.7,4154066.89,0,0,0,0,0,0,255015.43,"CA",32,NA,NA,NA,NA,NA,211875,0,"06/30/2025",5,0
"H6CA32173","RAKOV, JAKE","C",1,"DEM",582170.6,0,146916.43,0,0,435254.17,0,5e+05,0,0,0,5e+05,79670.6,"CA",32,NA,NA,NA,NA,NA,2500,0,"06/30/2025",110,2500
"H4CA32137","THOMPSON, LARRY","C",2,"REP",5253.41,0,5253.41,0,0,0,5253.41,0,0,0,0,0,0,"CA",32,NA,NA,NA,NA,NA,0,0,"06/30/2025",0,0
"H2CA31125","AGUILAR, PETE","I",1,"DEM",1662762.12,196204.03,1147098.1,0,2649071.17,3164735.19,0,0,0,0,0,0,671292.22,"CA",33,NA,NA,NA,NA,NA,732476.57,0,"06/30/2025",2760,14800
"H6CA34294","LUCERO, ROB","C",1,"DEM",12710,0,4910.45,0,0,7799.55,0,0,0,0,0,0,12710,"CA",34,NA,NA,NA,NA,NA,0,0,"06/30/2025",0,0
"H8CA34266","GOMEZ, JIMMY","I",1,"DEM",273203.79,1093.64,101822.82,0,88758.91,260139.88,0,0,0,0,0,85636.27,116180.22,"CA",34,NA,NA,NA,NA,NA,154751,32.68,"06/30/2025",0,0
"H6CA34278","COLIN, LOREN","C",3,"NOP",3399,0,620.56,0,0,2778.44,0,2500,0,0,0,2500,899,"CA",34,NA,NA,NA,NA,NA,0,0,"06/30/2025",0,0
"H4CA35031","TORRES, NORMA","I",1,"DEM",301946.93,0,89457.08,0,303315.03,515804.88,0,0,0,0,0,0,66627,"CA",35,NA,NA,NA,NA,NA,234311.43,0,"06/30/2025",25,0
"H0CA35146","CARGILE, MIKE","C",2,"REP",2215,0,1081.3,0,470.77,1604.47,0,0,0,0,0,12959.54,2215,"CA",35,NA,NA,NA,NA,NA,0,0,"06/30/2025",0,0
"H4CA33119","LIEU, TED","I",1,"DEM",560744.36,89573.8,320848.56,0,675006.75,914902.55,0,0,0,0,0,60757.55,319429.05,"CA",36,NA,NA,NA,NA,NA,144279.17,0,"06/30/2025",0,0
"H2CA00146","TOOMIM, LEAH MELISSA","C",2,"REP",17017.98,0,15197.92,0,618.25,2438.31,0,25,0,1191.9,0,7695.47,16230,"CA",36,NA,NA,NA,NA,NA,0,0,"06/30/2025",0,0
"H2CA37304","KAMLAGER-DOVE, SYDNEY","I",1,"DEM",218134.35,0,194049.91,0,61997.98,86082.42,0,0,0,0,0,0,76047.05,"CA",37,NA,NA,NA,NA,NA,140750,779.16,"06/30/2025",300,0
"H2CA39078","SANCHEZ, LINDA","I",1,"DEM",378542.58,0,303150.39,0,425787.47,501179.66,0,0,0,0,0,0,100589.37,"CA",38,NA,NA,NA,NA,NA,276250,32.68,"06/30/2025",5,3700
"H2CA43245","TAKANO, MARK","I",1,"DEM",264570.02,85.28,305330.24,0,269169.88,228409.66,0,0,0,0,0,0,158671.74,"CA",39,NA,NA,NA,NA,NA,105750,0,"06/30/2025",11173.5,0
"H6CA40309","VARET, ESTHER KIM","C",1,"DEM",1618710.99,0,309711.01,0,0,1308999.98,207000,335000,0,0,0,344194.66,1060346.61,"CA",40,NA,NA,NA,NA,NA,10000,0,"06/30/2025",5155,0
"H6CA40317","KERR, JOSEPH","C",1,"DEM",124384.16,0,112546.07,0,0,11838.09,0,0,0,0,0,14500,124384.16,"CA",40,NA,NA,NA,NA,NA,0,0,"06/30/2025",36,0
"H6CA40325","GAGNIER, CHRISTINA","C",1,"DEM",507123.48,0,200551.15,0,0,306572.33,62507.59,0,0,0,0,0,442115.39,"CA",40,NA,NA,NA,NA,NA,2500,0,"06/30/2025",2560,0
"H6CA40333","SWIFT, PAULA WILLIAMS DR.","C",1,"DEM",9267.13,0,4536.56,0,0,4730.12,0,250,0,0,0,250,8783.94,"CA",40,NA,NA,NA,NA,NA,0,0,"06/30/2025",50,0
"H6CA40341","LINH, NINA","C",1,"DEM",146394,0,42093.94,0,0,104300.06,0,50000,0,0,0,51250,96394,"CA",40,NA,NA,NA,NA,NA,0,0,"06/30/2025",0,0
"H8CA39240","KIM, YOUNG","I",2,"REP",3294450.19,855180.24,1093169.3,0,1737498.43,3938779.72,0,0,0,0,0,185082.22,1688028.28,"CA",40,NA,NA,NA,NA,NA,705395.25,10000,"06/30/2025",45272,0
"H6CA40358","AHMED, CHRISTIAN TYLER","C",3,"IND",30,0,0,0,100,130,0,0,0,0,0,0,30,"CA",40,NA,NA,NA,NA,NA,0,0,"06/03/2025",0,0
"H6CA41224","CHAVEZ, ABEL","C",1,"DEM",41353.84,0,30499.92,0,0,10853.92,50,24682.43,582.04,0,100,24864.47,16039.37,"CA",41,NA,NA,NA,NA,NA,0,0,"06/30/2025",0,0
"H6CA41232","PORTER, FERGUSON","C",1,"DEM",48763,0,22955.37,0,0,25807.63,0,3130,12017,0,0,15147,33616,"CA",41,NA,NA,NA,NA,NA,0,0,"06/30/2025",0,0
"H6CA41257","BYORS, JASON","C",1,"DEM",4974.36,0,1406.53,0,0,3567.83,1811.53,0,0,0,0,0,0,"CA",41,NA,NA,NA,NA,NA,3162.83,0,"06/30/2025",0,0
"H6CA41265","RIKER, BRANDON","C",1,"DEM",914271.82,0,157725.78,0,0,756546.04,457323.2,0,0,0,0,0,456473.2,"CA",41,NA,NA,NA,NA,NA,0,0,"06/30/2025",2500,0
"H6CA41273","MYERS, TIM","C",1,"DEM",178088.96,0,178088.96,0,0,0,58646.85,41353.15,0,41353.15,0,0,78088.95,"CA",41,NA,NA,NA,NA,NA,0,0,"07/15/2025",35,0
"H6CA41281","DIXIT, ANUJ","C",1,"DEM",302115.96,0,28516.16,0,0,273599.8,7000,0,0,0,0,0,285115.88,"CA",41,NA,NA,NA,NA,NA,10000,0,"06/30/2025",25,0
"H6CA41299","TATE, TIFFANIE","C",1,"DEM",34943.2,0,1904.99,0,0,33038.21,0,0,0,0,0,0,34943.2,"CA",41,NA,NA,NA,NA,NA,0,0,"06/30/2025",0,0
"H2CA37023","CALVERT, KEN","I",2,"REP",2642002.15,974233.67,406436.04,0,262135.61,2497701.72,0,0,0,0,0,106633.41,978873.61,"CA",41,NA,NA,NA,NA,NA,654250,0,"06/30/2025",8400,0
"H2CA47188","GARCIA, ROBERT","I",1,"DEM",552691.82,0,388655.34,0,412427.9,576464.38,0,0,0,0,0,0,403981.21,"CA",42,NA,NA,NA,NA,NA,135750,0,"06/30/2025",-2970.33,0
"H4CA23011","WATERS, MAXINE MS","I",1,"DEM",169888.71,0,182231.82,0,116456.48,104113.37,0,0,0,0,0,126860.57,9974.96,"CA",43,NA,NA,NA,NA,NA,38000,0,"06/30/2025",0,0
"H6CA44103","BARRAGAN, NANETTE","I",1,"DEM",210833.6,0,264392.24,0,1481553.91,1427995.27,0,0,0,0,0,0,50414.6,"CA",44,NA,NA,NA,NA,NA,159750,0,"06/30/2025",0,0
"H4CA45170","TRAN, DEREK","I",1,"DEM",1289609.55,55796.33,439389.35,0,327322.79,1177542.99,0,0,0,0,0,25000,852585.52,"CA",45,NA,NA,NA,NA,NA,398813.5,1730.35,"06/30/2025",356.07,1000
"H8CA45189","FORDE, BRIAN","C",1,"DEM",0,0,0,0,0,220761.93,0,0,0,0,0,0,0,"CA",45,NA,NA,NA,NA,NA,0,0,"06/30/2025",0,0
"H0CA48198","STEEL, MICHELLE","C",2,"REP",118171.58,7934.26,85104.24,0,903461.49,936528.83,0,0,0,0,0,2060000,93068.04,"CA",45,NA,NA,NA,NA,NA,2500,0,"06/30/2025",2050.51,0
"H6CA46116","CORREA, LOU","I",1,"DEM",419141.18,0,110783.68,0,1867362.63,2175720.13,0,0,0,0,0,5105.89,149214.15,"CA",46,NA,NA,NA,NA,NA,236279.17,0,"06/30/2025",0,0
"H4CA46137","PAN, DAVID","C",2,"REP",17033.51,0,13119.01,0,2879.98,6794.5,0,4000,0,0,0,28476.77,12225,"CA",46,NA,NA,NA,NA,NA,0,0,"06/30/2025",0,0
"H4CA47085","MIN, DAVE","I",1,"DEM",1444897.44,48604.68,387341.19,250,173065.78,1230622.03,0,0,0,0,0,0,1114870.66,"CA",47,NA,NA,NA,NA,NA,273879.23,1703.18,"06/30/2025",8811.92,0
"H6CA47072","MIRANDA, HUNTER GARCIA","C",1,"DEM",11950,0,1319,0,0,10631,0,0,0,0,0,0,11950,"CA",47,NA,NA,NA,NA,NA,0,0,"06/30/2025",0,0
"H0CA48172","BURLEY, BRIAN J MR.","C",2,"REP",4143,0,4192.62,0,5776.86,5727.24,0,0,0,0,0,68947.78,4143,"CA",47,NA,NA,NA,NA,NA,0,0,"06/30/2025",85,0
"H4CA36146","HASHEMIEH, JULIA","C",2,"REP",0,0,0,0,0,0,0,0,0,0,0,0,0,"CA",47,NA,NA,NA,NA,NA,0,0,"06/30/2025",0,0
"H6CA47064","MAXSENTI, MICHAEL","C",2,"REP",17645.52,0,12995.94,0,0,3815.51,0,10000,0,0,0,10000,7645.52,"CA",47,NA,NA,NA,NA,NA,0,0,"06/30/2025",0,0
"H4CA48075","SHANAHAN, WHITNEY","C",1,"DEM",2850,0,2846,0,196.19,200.19,0,2850,0,0,0,2850,0,"CA",48,NA,NA,NA,NA,NA,0,0,"06/30/2025",0,0
"H6CA48260","MORRISON, CURTIS","C",1,"DEM",10518,0,8755.3,0,0,1762.7,0,0,0,0,0,3941.31,10518,"CA",48,NA,NA,NA,NA,NA,0,0,"06/30/2025",0,0
"H0CA48024","ISSA, DARRELL","I",2,"REP",780015.05,349814.39,190760.38,0,1644616.32,2233870.99,0,0,0,37631.86,0,5043756.13,183584.65,"CA",48,NA,NA,NA,NA,NA,164000,0,"06/30/2025",180,2500
"H8CA49058","LEVIN, MIKE","I",1,"DEM",1395355.59,69000,591621.18,0,269736.98,1073471.39,0,0,0,0,0,0,1131201.9,"CA",49,NA,NA,NA,NA,NA,177598,1042.07,"06/30/2025",3499.34,0
"H6CA49128","DESMOND, JIM","C",2,"REP",827479.98,7000,123066.51,0,0,704413.47,0,0,0,0,0,0,809479.98,"CA",49,NA,NA,NA,NA,NA,11000,0,"06/30/2025",7250,0
"H6CA49136","ARELLANO, JULIAN","C",3,"IND",2970.65,0,2245.68,0,0,1000,0,0,0,0,0,0,2970.65,"CA",49,NA,NA,NA,NA,NA,0,0,"06/30/2025",0,0
"H2CA50190","BILASH, TIMOTHY DANIEL DR. M.D.","C",1,"DEM",470,0,534.8,0,469.67,404.87,0,470,0,0,0,0,0,"CA",50,NA,NA,NA,NA,NA,0,0,"06/30/2025",0,0
"H2CA52089","PETERS, SCOTT","I",1,"DEM",518644.66,54000,433980.28,0,2150520.81,2235185.19,1181.9,0,0,0,0,170760.12,90041,"CA",50,NA,NA,NA,NA,NA,337750,0,"06/30/2025",80,0
"H8CA49074","JACOBS, SARA","I",1,"DEM",447650.96,27000,305787.45,0,77372.16,219235.67,261920.01,0,0,0,0,350000,114218.6,"CA",51,NA,NA,NA,NA,NA,43500,0,"06/30/2025",5,0
"H2CA50026","VARGAS, JUAN C.","I",1,"DEM",242220.54,0,133910.42,0,90840.64,199150.76,0,0,0,0,0,3184.38,90327.14,"CA",52,NA,NA,NA,NA,NA,151500,0,"06/30/2025",0,0
"H6CO01141","DEGETTE, DIANA L","I",1,"DEM",276078.97,0,224535.69,0,269469.18,321012.46,0,0,0,0,0,0,81754.66,"CO",1,NA,NA,NA,NA,NA,194000,0,"06/30/2025",0,0
"H8CO02160","NEGUSE, JOSEPH","I",1,"DEM",922465.79,0,487242.4,0,1990897.22,2426120.61,0,0,0,0,0,0,652970.8,"CO",2,NA,NA,NA,NA,NA,260035,779.17,"06/30/2025",8549,1000
"H6CO03212","KELLOFF, ALEXANDER GEORGE","C",1,"DEM",427321.03,0,72154.52,0,0,355166.51,0,110000,0,0,0,110000,312321.03,"CO",3,NA,NA,NA,NA,NA,5000,0,"06/30/2025",0,0
"H4CO03357","HURD, JEFFREY","I",2,"REP",1469981.43,483216.95,331723.73,0,10302.88,1148560.58,0,0,0,0,0,0,807471.18,"CO",3,NA,NA,NA,NA,NA,169300.55,0,"06/30/2025",11.97,0
"H6CO03238","SCHEPPELMAN, HOPE G","C",2,"REP",38312.88,0,7761.37,0,0,30551.51,100,20000,0,0,0,20000,18212.88,"CO",3,NA,NA,NA,NA,NA,0,0,"06/30/2025",0,0
"H4CO04165","PADORA, JOHN J JR.","C",1,"DEM",36756.33,0,24467.51,0,3546.76,15835.58,0,95,0,95,0,16116,36661.33,"CO",4,NA,NA,NA,NA,NA,0,0,"06/30/2025",0,0
"H4CO04280","CALVARESE, TRISHA","C",1,"DEM",145946.75,0,102612.27,0,51300.31,94634.79,0,0,0,0,0,0,140566.05,"CO",4,NA,NA,NA,NA,NA,0,0,"06/30/2025",212,0
"H6CO04194","MADDOX, MICHAEL KURTIS","C",1,"DEM",0,0,0,0,0,0,0,0,0,0,0,0,0,"CO",4,NA,NA,NA,NA,NA,0,0,"05/20/2025",0,0
"H6CO04202","LAUBACHER, EILEEN","C",1,"DEM",1928203.49,0,836032.16,0,0,1092171.33,0,0,0,0,0,0,1924693.49,"CO",4,NA,NA,NA,NA,NA,3510,0,"06/30/2025",1850,0
"H0CO03165","BOEBERT, LAUREN","I",2,"REP",438895.35,28304.61,423963.6,0,159145.05,174076.8,0,0,0,0,0,0,360902.98,"CO",4,NA,NA,NA,NA,NA,49000,0,"06/30/2025",0,0
"H4CO05105","GASSEN, RIVER","C",1,"DEM",0,0,0,0,0.38,0.38,0,0,0,0,0,0,0,"CO",5,NA,NA,NA,NA,NA,0,0,"02/04/2025",0,0
"H4CO05139","REAGAN, JOSEPH F","C",1,"DEM",53430,0,11715.1,0,7468.67,49183.57,0,50000,0,0,0,55100,3430,"CO",5,NA,NA,NA,NA,NA,0,0,"06/30/2025",0,0
"H6CO05308","HOROWITZ, ZURIT ZURIEL","C",1,"DEM",6738,0,1394.36,0,0,5343.64,120,0,0,0,0,0,6618,"CO",5,NA,NA,NA,NA,NA,0,0,"06/30/2025",0,0
"H6CO05316","SMITH, JAMEY LEE","C",1,"DEM",18506,0,3624.15,0,15405.07,30286.92,1150,0,0,0,0,0,17356,"CO",5,NA,NA,NA,NA,NA,0,0,"06/30/2025",0,0
"H6CO05142","CRANK, JEFF","I",2,"REP",587362.3,146097.45,228140.66,0,66553.14,425774.78,0,0,0,0,0,0,265818.21,"CO",5,NA,NA,NA,NA,NA,167500,0,"06/30/2025",809.09,0
"H6CO05282","MATTHEWSON, ROY","C",3,"IND",200,0,145.97,0,54.03,108.06,0,0,0,0,0,0,200,"CO",5,NA,NA,NA,NA,NA,0,0,"03/31/2025",0,0
"H6CO08070","SHELBY, DYLAN J","C",1,"DEM",103.3,0,68.7,0,0,34.6,25,68.3,0,0,0,68.3,10,"CO",6,NA,NA,NA,NA,NA,0,0,"06/30/2025",0,0
"H8CO06229","CROW, JASON","I",1,"DEM",553142.46,0,373880.84,500,1748293.87,1927555.49,0,0,0,0,0,0,487048.76,"CO",6,NA,NA,NA,NA,NA,62000,0,"06/30/2025",624.41,0
"H8CO07045","PETTERSEN, BRITTANY LOUISE","I",1,"DEM",542916.99,0,390015.39,0,560932.23,713833.83,0,0,0,0,0,0,241048.1,"CO",7,NA,NA,NA,NA,NA,293000,0,"06/30/2025",157.66,0
"H2CO08020","CARAVEO, YADIRA","C",1,"DEM",214199.16,0,126407.65,0,4345.26,92136.77,0,0,0,0,0,0,158765.61,"CO",8,NA,NA,NA,NA,NA,5500,0,"06/30/2025",805.27,0
"H6CO08013","RUTINEL, MANNY","C",1,"DEM",1606124.93,0,795356.75,0,0,810768.18,0,0,0,0,0,0,1601124.93,"CO",8,NA,NA,NA,NA,NA,5000,0,"06/30/2025",25929.5,0
"H6CO08047","BIRD, SHANNON KATHLEEN","C",1,"DEM",446559.38,0,73377.17,0,0,373182.21,0,0,0,0,0,0,439409.21,"CO",8,NA,NA,NA,NA,NA,7150,0,"06/30/2025",3000,0
"H6CO08054","YOUNG, DAVID L.","C",1,"DEM",74918.86,0,2988.25,0,0,71930.61,233.86,0,0,0,0,0,74685,"CO",8,NA,NA,NA,NA,NA,0,0,"06/30/2025",0,0
"H6CO08062","BACA-OEHLERT, AMIE","C",1,"DEM",57646.65,0,28162.97,0,0,29483.68,0,0,0,0,0,0,52646.65,"CO",8,NA,NA,NA,NA,NA,5000,0,"06/30/2025",0,0
"H4CO08034","EVANS, TIMOTHY GABRIEL JOSEPH","I",2,"REP",1649106.36,736137.61,236845.39,0,74992.39,1487253.36,0,0,0,0,0,798.45,386822.97,"CO",8,NA,NA,NA,NA,NA,520600,5000,"06/30/2025",15704.75,0
"H8CT01046","LARSON, JOHN B","I",1,"DEM",249345.12,0,235607.25,0,248729.25,262467.12,0,0,0,0,0,11992.27,44526.14,"CT",1,NA,NA,NA,NA,NA,200055.01,0,"06/30/2025",0,0
"H2CT03102","CHAI, AMY FOGELSTROM DR","C",2,"REP",700,0,789,0,0,-89,700,0,0,0,0,0,0,"CT",1,NA,NA,NA,NA,NA,0,0,"03/31/2025",0,0
"H2CT02112","COURTNEY, JOSEPH","I",1,"DEM",162561.24,0,165525.96,0,351111.5,348146.78,0,0,0,0,0,0,71227.06,"CT",2,NA,NA,NA,NA,NA,89000,0,"06/30/2025",0,0
"H6CT02188","GAUCK, KYLE","C",1,"DEM",7189.43,0,5586.7,0,0,997.38,4950.32,0,0,0,0,0,2239.11,"CT",2,NA,NA,NA,NA,NA,0,0,"06/30/2025",0,0
"H0CT03072","DELAURO, ROSA L","I",1,"DEM",338656.84,0,391230.43,0,225448.09,172874.5,0,0,0,0,0,0,187656.82,"CT",3,NA,NA,NA,NA,NA,151000,0,"06/30/2025",150,0
"H8CT04172","HIMES, JIM","I",1,"DEM",407509.44,0,224715.47,0,2106818.46,2289612.43,0,0,0,0,0,0,102415.23,"CT",4,NA,NA,NA,NA,NA,264000,0,"06/30/2025",20,0
"H8CT05245","HAYES, JAHANA","I",1,"DEM",439449.37,22680.63,241682.44,0,522551.02,720317.95,0,0,0,0,0,0,159862.6,"CT",5,NA,NA,NA,NA,NA,256000,906.14,"06/30/2025",3416.34,5000
"H6CT05223","DE BARROS, JONATHAN","C",2,"REP",7575.62,0,1782.87,0,0,5792.75,147.15,0,0,0,0,0,7428.47,"CT",5,NA,NA,NA,NA,NA,0,0,"06/30/2025",0,0
"H0DC00058","NORTON, ELEANOR HOLMES","I",1,"DEM",48020,0,51672.99,0,33085.14,29432.15,0,40000,0,0,0,90000,1020,"DC",0,NA,NA,NA,NA,NA,7000,0,"06/30/2025",0,0
"H4DE00045","MCBRIDE, SARAH ELIZABETH","I",1,"DEM",1545786.74,8056.41,531635.04,0,207126.86,1221278.56,0,0,0,0,0,0,1384061.38,"DE",0,NA,NA,NA,NA,NA,145100,0,"06/30/2025",1298.75,0
"H4DE00060","HALL, DONYALE LONDON","C",2,"REP",518.63,0,20.45,0,0,498.18,0,0,0,0,0,0,518.63,"DE",0,NA,NA,NA,NA,NA,0,0,"06/30/2025",0,0
"H0FL01146","MERK, GREGORY CHARLES","O",2,"REP",12700,0,17093.22,0,43.22,-4350,0,11500,0,0,0,11500,1200,"FL",1,NA,NA,NA,NA,NA,0,0,"01/28/2025",0,0
"H4FL01213","DIMMOCK, AARON","O",2,"REP",50636.04,0,130839.93,0,82881.47,2677.58,0,20000,0,11000,0,20000,22864.07,"FL",1,NA,NA,NA,NA,NA,2000,0,"06/30/2025",55226.86,0
"H4FL01288","RUDMAN, JOEL DR.","O",2,"REP",125819.67,0,125819.67,0,0,0,0,30000,0,0,0,30000,95819.67,"FL",1,NA,NA,NA,NA,NA,0,0,"02/24/2025",0,0
"H6FL01143","MILLS, RALPH JOHN III","O",2,"REP",10311,0,12216.55,0,2057.94,152.39,0,8750,0,362.23,0,100005.26,1561,"FL",1,NA,NA,NA,NA,NA,0,0,"06/30/2025",0,0
"H6FL01275","THOMPSON, MICHAEL","O",2,"REP",86975.7,0,111975.7,0,0,-25000,21914.95,25000,0,25000,0,0,39341.28,"FL",1,NA,NA,NA,NA,NA,0,0,"06/30/2025",9435.45,0
"H6FL01325","VALENTINO, GENE","O",2,"REP",478959.8,0,478959.8,0,0,0,0,393000,0,3283.69,0,0,84933.5,"FL",1,NA,NA,NA,NA,NA,0,0,"03/04/2025",0,0
"H6FL01333","KEEBAUGH, CHARLES CLAYTON","C",2,"REP",0,0,0,0,0,0,0,0,0,0,0,0,0,"FL",1,NA,NA,NA,NA,NA,0,0,"03/05/2025",0,0
"H6FL01358","GAFFNEY, KEVIN JAMES MR.","O",2,"REP",13575,0,14190.22,0,0,323.9,1500,0,0,0,0,0,12075,"FL",1,NA,NA,NA,NA,NA,0,0,"03/31/2025",0,0
"H6FL01390","PATRONIS, JIMMY JR.","I",2,"REP",2627832.92,0,2268152.89,0,0,359680.03,0,12000,0,12000,0,0,2290851.2,"FL",1,NA,NA,NA,NA,NA,315800,5000,"06/30/2025",5010,3400
"H6FL01408","TROTTER, JAMES SCOTT","O",2,"REP",0,0,0,0,0,0,0,0,0,0,0,0,0,"FL",1,NA,NA,NA,NA,NA,0,0,"03/31/2025",0,0
"H6FL01432","PEACOCK, JEFF","O",2,"REP",29098.5,0,37665.06,0,0,0,0,11000,0,22000,0,0,16098.5,"FL",1,NA,NA,NA,NA,NA,2000,0,"03/31/2025",0,0
"H6FL01440","BRODEN, STEPHEN EDWARD","O",3,"IND",19541.21,0,19541.21,333.93,0,0,8200,0,0,0,0,0,3800,"FL",1,NA,NA,NA,NA,NA,7541.21,0,"06/16/2025",0,0
"H6FL01457","BRODEN, STEPHEN","O",3,"IND",19541.21,0,19541.21,333.93,0,0,8200,0,0,0,0,0,3800,"FL",1,NA,NA,NA,NA,NA,7541.21,0,"06/16/2025",0,0
"H4FL02138","BAILEY, HUY-YEN CAM MS.","C",1,"DEM",73934.32,0,36600.67,0,15370.92,52704.57,0,0,0,0,0,0,73934.32,"FL",2,NA,NA,NA,NA,NA,0,0,"06/30/2025",1141,0
"H6FL02281","ZATESLO, NICHOLAS","C",1,"DEM",61626.08,0,15545.46,0,0,46080.62,0,3500,0,0,0,3500,57980.08,"FL",2,NA,NA,NA,NA,NA,0,0,"06/30/2025",0,0
"H6FL02208","DUNN, NEAL PATRICK MD, FACS","I",2,"REP",408180.35,82737.46,189892.79,0,89457.98,307745.54,0,0,0,0,0,0,89942.88,"FL",2,NA,NA,NA,NA,NA,235500,0,"06/30/2025",1506,0
"H0FL03175","CAMMACK, KAT","I",2,"REP",727553.01,172259.48,653386.04,18430.75,555550.9,629717.87,0,0,0,0,0,0,266416.62,"FL",3,NA,NA,NA,NA,NA,288500,0,"06/30/2025",250,0
"H6FL04188","KNOLES, RICKY PATRIC MR","C",1,"DEM",0,0,4004.77,0,5000,995.23,0,0,0,2600,0,0,0,"FL",4,NA,NA,NA,NA,NA,0,0,"06/30/2025",0,0
"H2FL04211","BEAN, AARON P.","I",2,"REP",740549.93,62992.86,378777,150500,474720.99,836493.92,0,0,0,0,0,13241.29,241450.68,"FL",4,NA,NA,NA,NA,NA,429150,0,"06/30/2025",0,0
"H6FL04105","RUTHERFORD, JOHN","I",2,"REP",231510.44,0,110302.11,0,177669.65,298877.98,0,0,0,0,0,0,58510.44,"FL",5,NA,NA,NA,NA,NA,173000,0,"06/30/2025",0,0
"H6FL05201","KAYE, MARK","C",2,"REP",6063.25,0,733.37,0,0,5329.88,695.18,0,0,0,0,0,5367.99,"FL",5,NA,NA,NA,NA,NA,0,0,"06/30/2025",0,0
"H4FL06055","STOCKTON, JAMES D","C",1,"DEM",2472.19,0,523.49,0,62.09,2010.79,0,0,0,0,0,0,2472.19,"FL",6,NA,NA,NA,NA,NA,0,0,"06/30/2025",0,0
"H6FL06266","WEIL, JOSHUA JOSEPH","C",1,"DEM",15774322.24,0,15552477.69,0,0,221844.55,16,0,0,0,0,0,15323303.66,"FL",6,NA,NA,NA,NA,NA,33908.17,2500,"06/30/2025",159129.44,6451.97
"H6FL06274","SELMONT, GEORGE AUSTIN","C",1,"DEM",125114.82,0,3221.33,0,0,121893.49,0,115263.83,0,0,0,115263.83,9850.99,"FL",6,NA,NA,NA,NA,NA,0,0,"01/08/2025",0,0
"H6FL06282","BANGDIWALA, PURVA","C",1,"DEM",13165,0,12239.19,0,0,925.81,0,0,0,0,0,0,13165,"FL",6,NA,NA,NA,NA,NA,0,0,"06/30/2025",60,0
"H4FL14158","JOARDER, EHSAN","C",2,"REP",9900.1,0,10440,0,27228,26688.1,9700,0,0,0,0,28718.02,200.1,"FL",6,NA,NA,NA,NA,NA,0,0,"01/08/2025",0,0
"H6FL06241","BAKER, AARON","C",2,"REP",37212.93,0,36185.93,0,0,1027,172.76,11404.13,0,0,0,11404.13,25636.04,"FL",6,NA,NA,NA,NA,NA,0,0,"06/30/2025",95,0
"H6FL06258","FINE, RANDY","I",2,"REP",2980622.63,0,2599995.26,0,0,380627.37,0,950000,0,0,0,1034291.08,1678262.57,"FL",6,NA,NA,NA,NA,NA,350710.19,0,"06/30/2025",5750,0
"H6FL06324","BAKER, AARON","C",2,"REP",37212.93,0,36185.93,0,0,1027,172.76,11404.13,0,0,0,11404.13,25636.04,"FL",6,NA,NA,NA,NA,NA,0,0,"06/30/2025",95,0
"H8FL06148","WALTZ, MICHAEL","I",2,"REP",3108.53,3108.53,280733.17,2000,1551925.2,1274300.56,0,0,0,0,0,0,0,"FL",6,NA,NA,NA,NA,NA,0,0,"06/30/2025",0,5000
"H6FL06290","TERRY, RANDALL","C",3,"IND",17861.83,0,17861.83,2200,0,0,410.62,0,0,0,0,0,12710,"FL",6,NA,NA,NA,NA,NA,4741.21,0,"06/16/2025",0,0
"H4FL07137","ADAMS, JENNIFER","C",1,"DEM",35056.07,0,29925.26,0,5.91,5136.72,0,0,0,3160.25,0,55339.75,33054.32,"FL",7,NA,NA,NA,NA,NA,1500,0,"06/30/2025",0,0
"H6FL07165","KINTER, MARIALANA","C",1,"DEM",8842.17,0,4410.41,0,0,4431.76,178,0,0,0,0,0,8664.17,"FL",7,NA,NA,NA,NA,NA,0,0,"06/30/2025",0,0
"H6FL07173","WIDMANN, NOAH","C",1,"DEM",254120.84,0,131058.22,0,0,123062.62,0,0,0,0,0,0,252119.64,"FL",7,NA,NA,NA,NA,NA,2000,0,"06/30/2025",2039,0
"H2FL07156","MILLS, CORY","I",2,"REP",537263.28,117000,430249.2,0,40892.01,147906.09,0,0,0,0,0,2006580.78,394763.28,"FL",7,NA,NA,NA,NA,NA,25500,0,"06/30/2025",475,0
"H4FL08168","HARIDOPOLOS, MIKE","I",2,"REP",635489.47,55000,302273.15,0,258162.83,591379.15,0,0,0,0,0,0,369546.19,"FL",8,NA,NA,NA,NA,NA,210000,0,"06/30/2025",19035.76,0
"H6FL09179","SOTO, DARREN","I",1,"DEM",320149.78,165.56,153519.02,0,14118.54,180749.3,0,0,0,0,0,0,26949.33,"FL",9,NA,NA,NA,NA,NA,292500,0,"06/30/2025",0,0
"H4FL09190","CARTER, GREGORY MARCUS MR","C",2,"REP",0,0,0,0,1279.32,1279.32,0,0,0,0,0,0,0,"FL",9,NA,NA,NA,NA,NA,0,0,"01/11/2025",0,0
"H6FL09252","STORY, JUSTIN","C",2,"REP",4176,0,1512.37,0,0,2663.63,2341.77,0,0,0,0,0,1834.23,"FL",9,NA,NA,NA,NA,NA,0,0,"06/30/2025",0,0
"H2FL10259","FROST, MAXWELL ALEJANDRO","I",1,"DEM",1252190.84,14000,887622.31,300,1091725.72,1456294.25,4250,0,0,0,0,0,1170347.05,"FL",10,NA,NA,NA,NA,NA,62500,0,"06/30/2025",5670.47,0
"H4FL11105","HALL, BARBARA BARBIE HARDEN","C",1,"DEM",1197.3,0,3132.36,0,8082.34,6147.28,0,0,0,0,0,0,997.3,"FL",11,NA,NA,NA,NA,NA,200,0,"06/30/2025",0,0
"H0FL08208","WEBSTER, DANIEL","I",2,"REP",154233.59,8400,96027.83,0,100028.54,158234.3,0,0,0,0,0,0,45205,"FL",11,NA,NA,NA,NA,NA,98000,0,"06/30/2025",6.14,0
"H6FL09070","BILIRAKIS, GUS M","I",2,"REP",385148.95,16931.03,212566.41,0,121417.04,293999.58,0,0,0,0,0,0,157219.21,"FL",12,NA,NA,NA,NA,NA,207250.01,0,"06/30/2025",40.9,0
"H0FL13158","PAULINA LUNA, ANNA","I",2,"REP",1055340.37,540928.29,521650.61,0,131415.55,665105.31,0,0,0,0,0,0,484498.78,"FL",13,NA,NA,NA,NA,NA,27500,0,"06/30/2025",1171.33,0
"H6FL11126","CASTOR, KATHY","I",1,"DEM",348306.71,0,176922.44,0,226729.87,398114.14,0,0,0,0,0,0,160521.77,"FL",14,NA,NA,NA,NA,NA,180550,0,"06/30/2025",0,0
"H4FL14117","ROCHFORD, ROBERT ANTHONY ROCKY CAPT","C",2,"REP",133260,0,133065,0,2179.56,2374.56,0,0,0,0,0,148734.14,133260,"FL",14,NA,NA,NA,NA,NA,0,0,"06/30/2025",0,0
"H6FL14146","WICK, JOHN CHARLES","C",2,"REP",7089.47,0,7089.47,0,0,0,0,0,0,0,0,0,5659.35,"FL",14,NA,NA,NA,NA,NA,0,0,"05/19/2025",2241,0
"H6FL15168","PEOPLE, ROBERT","C",1,"DEM",8767.19,0,2854.04,0,0,5913.15,2500,0,0,0,0,0,6067.19,"FL",15,NA,NA,NA,NA,NA,200,0,"06/30/2025",0,0
"H2FL15241","LEE, LAUREL","I",2,"REP",606119.71,312394.62,201398.51,0,434770.5,839491.7,0,0,0,0,0,9768,88225.09,"FL",15,NA,NA,NA,NA,NA,205500,0,"06/30/2025",1400,0
"H2FL13139","SCHNEIDER, JAN","C",1,"DEM",12706.27,0,1756.22,0,40918.74,51868.79,1706.27,0,0,0,0,143129.69,11000,"FL",16,NA,NA,NA,NA,NA,0,0,"06/30/2025",0,0
"H6FL13148","BUCHANAN, VERNON","I",2,"REP",638894.05,42399.88,233380.73,0,1049213.35,1454726.67,0,0,0,0,0,0,215351.56,"FL",16,NA,NA,NA,NA,NA,380509.5,0,"06/30/2025",500,0
"H8FL17053","STEUBE, GREG","I",2,"REP",385344.43,54949.37,241537.38,0,1591295.8,1735102.85,0,0,0,0,0,0,153938.25,"FL",17,NA,NA,NA,NA,NA,172000,0,"06/30/2025",0,0
"H0FL15104","FRANKLIN, SCOTT MR.","I",2,"REP",228631.04,48000,124336.41,20000,481895.48,586190.11,0,0,0,38500,0,351500,74703.37,"FL",18,NA,NA,NA,NA,NA,101500,0,"06/30/2025",0,0
"H6FL19111","SAPP, HOWARD","C",1,"DEM",8323.13,0,7498.08,0,0,825.05,200,0,0,0,0,0,8123.13,"FL",19,NA,NA,NA,NA,NA,0,0,"06/30/2025",0,0
"H2FL14186","DONALDS, BYRON","I",2,"REP",599412.87,0,1883332.05,0,1740010.46,456091.28,0,0,0,0,0,9518.25,478555.75,"FL",19,NA,NA,NA,NA,NA,51800,0,"06/30/2025",200,1500
"H4FL26095","FRATTO, JOHN ROBERT","C",2,"REP",0,0,363.83,0,538.39,174.56,0,0,0,0,0,7705,0,"FL",19,NA,NA,NA,NA,NA,0,0,"06/30/2025",0,0
"H6FL19129","OBERWEIS, JAMES MR.","C",2,"REP",2118475.28,2000,189286.14,0,0,1929189.14,0,2e+06,0,0,0,2e+06,103597.96,"FL",19,NA,NA,NA,NA,NA,2250,0,"06/30/2025",500,0
"H6FL19137","SCHWARTZEL, JIM","C",2,"REP",1212766.81,0,30659.81,0,0,1182107,0,1e+06,0,0,0,1e+06,209137.9,"FL",19,NA,NA,NA,NA,NA,3500,0,"06/30/2025",3500,0
"H6FL19145","PEDERSEN, MIKE","C",2,"REP",14562,0,3760.62,0,0,10801.38,0,0,0,0,0,0,14562,"FL",19,NA,NA,NA,NA,NA,0,0,"06/30/2025",0,0
"H6FL20077","MANLEY, ELIJAH","C",1,"DEM",484538.61,0,384869.34,0,0,99669.27,0,0,0,0,0,0,474558.61,"FL",20,NA,NA,NA,NA,NA,0,0,"06/30/2025",480,0
"H8FL20032","CHERFILUS-MCCORMICK, SHEILA","I",1,"DEM",158519.94,0,52529.84,0,7516.27,113506.37,0,1254,0,6300,0,4327382.27,107129.88,"FL",20,NA,NA,NA,NA,NA,49500,0,"06/30/2025",0,0
"H6FL20069","JOSEPH, RODENAY MR.","C",2,"REP",20028.68,0,17093.34,0,0,2935.34,0,0,0,0,0,0,20028.68,"FL",20,NA,NA,NA,NA,NA,0,0,"06/30/2025",0,0
"H6FL21034","TAYLOR, BERNARD","C",1,"DEM",9187,0,6455.14,0,0,2731.86,0,0,0,0,0,0,9187,"FL",21,NA,NA,NA,NA,NA,0,0,"06/30/2025",0,0
"H6FL21042","PANDICH, ELIZABETH","C",1,"DEM",57591,0,29787.63,0,0,27803.37,1200,500,0,0,0,500,55891,"FL",21,NA,NA,NA,NA,NA,0,0,"06/30/2025",0,0
"H6FL21059","DANDIYA, PIA","C",1,"DEM",402255.5,0,32599,0,0,369656.5,0,47000,0,0,0,47000,355255.5,"FL",21,NA,NA,NA,NA,NA,0,0,"06/30/2025",0,0
"H6FL18097","MAST, BRIAN","I",2,"REP",1103398.16,169120,859254.63,0,1771377.66,2015521.19,0,0,0,0,0,0,867856.44,"FL",21,NA,NA,NA,NA,NA,52000,0,"06/30/2025",35,0
"H2FL14053","FRANKEL, LOIS J.","I",1,"DEM",598511.5,0,190872.85,0,287321.25,694959.9,0,0,0,0,0,0,452023.06,"FL",22,NA,NA,NA,NA,NA,132500,0,"06/30/2025",155,0
"H6FL22107","DOYLE, VICTORIA JANE BOKER","C",1,"DEM",15654.01,0,14519.03,0,0,1134.98,14334.01,20,0,0,0,20,1300,"FL",22,NA,NA,NA,NA,NA,0,0,"06/30/2025",0,0
"H2FL21132","ADEIMY, DEBORAH","C",2,"REP",64178.77,0,18198.83,0,3608.14,49588.08,7906,52026,0,0,0,65466,4246.77,"FL",22,NA,NA,NA,NA,NA,0,0,"06/30/2025",0,0
"H6FL22099","MEDVEDEVA, ANNA","C",2,"REP",1199.08,0,54.24,0,0,1144.84,0,0,0,0,0,0,1199.08,"FL",22,NA,NA,NA,NA,NA,0,0,"06/30/2025",0,0
"H2FL22171","MOSKOWITZ, JARED","I",1,"DEM",520426.3,0,305201.83,0,349286.7,564511.17,0,0,0,30000,0,85700,397518.14,"FL",23,NA,NA,NA,NA,NA,122779.16,0,"06/30/2025",611,0
"H0FL22100","CEREZO SWAFFAR, DARLENE","C",2,"REP",6250.42,0,6432.44,0,182.02,0,0,1700,0,25,0,0,4550.42,"FL",23,NA,NA,NA,NA,NA,0,0,"07/22/2025",2300,0
"H2FL20043","KAUFMAN, JOE","C",2,"REP",167727.85,0,1777.85,0,62789.01,228739.01,0,0,0,0,0,89862.53,167727.85,"FL",23,NA,NA,NA,NA,NA,0,0,"06/30/2025",0,0
"H6FL23139","HARRISON, RAVEN","C",2,"REP",558792.66,0,312658.6,0,0,246134.06,6968,542000,0,250000,0,293242.05,9824.66,"FL",23,NA,NA,NA,NA,NA,0,0,"06/30/2025",0,0
"H6FL23147","MORAITIS, GEORGE R","C",2,"REP",394971.4,0,34674.84,0,0,360296.56,5110.24,110000,0,0,0,111100.02,275861.16,"FL",23,NA,NA,NA,NA,NA,4000,0,"06/30/2025",0,0
"H0FL17068","WILSON, FREDERICA S.","I",1,"DEM",82450.55,0,102162.09,0,497199.62,477488.08,0,0,0,0,0,15250,20800.55,"FL",24,NA,NA,NA,NA,NA,61650,0,"06/30/2025",0,0
"H4FL20023","WASSERMAN SCHULTZ, DEBBIE","I",1,"DEM",811417.37,0,523322.54,0,1057308.92,1345403.75,0,0,0,0,0,0,650631.13,"FL",25,NA,NA,NA,NA,NA,156000,0,"06/30/2025",23,1000
"H6FL25035","CARBONARA, MICHAEL","C",2,"REP",677970,0,614029.2,0,0,63940.8,0,675000,0,0,0,675000,0,"FL",25,NA,NA,NA,NA,NA,0,0,"06/30/2025",0,0
"H2FL25018","DIAZ-BALART, MARIO","I",2,"REP",562810.44,0,502135.72,0,1819320.2,1879994.92,0,0,0,0,0,0,302310.44,"FL",26,NA,NA,NA,NA,NA,260500,0,"06/30/2025",0,0
"H4FL27036","DAVEY, MICHAEL","C",1,"DEM",45190.26,0,28247.28,0,-201.53,16942.98,0,0,0,0,0,0,45190.26,"FL",27,NA,NA,NA,NA,NA,0,0,"06/30/2025",0,0
"H6FL27056","LAMONDIN, RICHARD","C",1,"DEM",250354.18,0,56038.9,0,0,194315.28,0,0,0,0,0,0,250340.18,"FL",27,NA,NA,NA,NA,NA,0,0,"06/30/2025",0,0
"H6FL27064","FORNINO, ALEXANDER","C",1,"DEM",21304,0,20804,0,0,500,21304,0,0,0,0,0,0,"FL",27,NA,NA,NA,NA,NA,0,0,"06/30/2025",0,0
"H8FL27185","SALAZAR, MARIA ELVIRA","I",2,"REP",466858.05,95369.33,183484.97,0,1410827.14,1694200.22,2492.77,0,0,0,0,14300,179575.98,"FL",27,NA,NA,NA,NA,NA,180028.55,0,"06/30/2025",0,0
"H4FL28042","EHR, PHIL","C",1,"DEM",86082.19,0,66205.15,0,16850.92,36727.96,0,66500,0,0,0,377583.63,19582.19,"FL",28,NA,NA,NA,NA,NA,0,0,"06/30/2025",91,0
"H0FL26036","GIMENEZ, CARLOS","I",2,"REP",205890.13,52041.81,156588.69,0,576027.97,625329.41,0,0,0,0,0,0,55848.32,"FL",28,NA,NA,NA,NA,NA,98000,0,"06/30/2025",3500,0
"H4GA01039","CARTER, EARL LEROY","I",2,"REP",3595271.3,175199.08,2537326.85,2500,3018930.34,4076874.79,0,2e+06,0,0,0,2e+06,717674.96,"GA",1,NA,NA,NA,NA,NA,670325,0,"06/30/2025",2235,0
"H6GA01075","TAYLOR, KANDISS DR.","C",2,"REP",8695.13,0,5869.39,0,192.03,3017.77,0,600,0,0,0,600,8095.13,"GA",1,NA,NA,NA,NA,NA,0,0,"06/30/2025",0,0
"H6GA01083","FARRELL, PATRICK K.","C",2,"REP",276651,0,27856.12,0,0,248794.88,0,250000,0,0,0,250000,26651,"GA",1,NA,NA,NA,NA,NA,0,0,"06/30/2025",0,0
"H6GA01091","PENN, KRISTA","C",2,"REP",5342.03,0,2120.03,0,0,3222,0,0,0,0,0,945.98,5342.03,"GA",1,NA,NA,NA,NA,NA,0,0,"06/30/2025",0,0
"H6GA01109","KINGSTON, JAMES MORRIS","C",2,"REP",869705,0,12644.22,0,0,857060.78,0,0,0,0,0,0,856205,"GA",1,NA,NA,NA,NA,NA,13500,0,"06/30/2025",0,0
"H2GA02031","BISHOP, SANFORD","I",1,"DEM",417224.63,0,335896.6,0,182860.98,264189.01,0,0,0,0,0,0,124662.82,"GA",2,NA,NA,NA,NA,NA,286000,0,"06/30/2025",25,0
"H6GA02149","GLOVER, DANNY DWAYNE","C",1,"DEM",4675,0,2882.4,0,100,1892.6,0,0,0,0,0,0,4675,"GA",2,NA,NA,NA,NA,NA,0,0,"06/30/2025",0,0
"H4GA03126","JACK, BRIAN","I",2,"REP",481804.13,1,269955.94,0,240176.33,452024.52,0,0,0,0,0,7515.71,232594.36,"GA",3,NA,NA,NA,NA,NA,248208.77,0,"06/30/2025",792.22,0
"H6GA04129","JOHNSON, HENRY C. 'HANK'","I",1,"DEM",167424.31,0,152516.2,0,111676,126584.11,0,0,0,0,0,5211.2,21987.7,"GA",4,NA,NA,NA,NA,NA,142000,779.17,"06/30/2025",5050,-2500
"H0GA05301","WILLIAMS, NIKEMA N.","I",1,"DEM",196370.02,0,147166.42,0,13241.65,62445.25,0,0,0,0,0,0,66422.13,"GA",5,NA,NA,NA,NA,NA,125255,0,"06/30/2025",0,0
"H6GA05308","CASTRO, ANDRES","C",1,"DEM",11412.03,0,5761.93,0,0,5650.1,7000,0,0,0,0,0,4412.03,"GA",5,NA,NA,NA,NA,NA,0,0,"06/30/2025",0,0
"H8GA06393","MCBATH, LUCIA KAY MS.","I",1,"DEM",271262.62,0,520074.78,25000,953274.45,704462.29,0,0,0,0,0,0,139079.68,"GA",6,NA,NA,NA,NA,NA,123437.48,779.17,"06/30/2025",2716.34,0
"H6GA07171","MOBURG, HAIDEN WILLIAM","C",1,"DEM",0,0,0,0,0,0,0,0,0,0,0,0,0,"GA",7,NA,NA,NA,NA,NA,0,0,"04/16/2025",0,0
"H0GA07273","MCCORMICK, RICHARD DEAN DR.","I",2,"REP",511505.91,254678.33,616899.41,29000,697822.91,592429.41,0,0,0,203800,0,0,86907.85,"GA",7,NA,NA,NA,NA,NA,139500,0,"06/30/2025",24585.41,5000
"H8GA08118","COOPER, JAMES L III","",1,"DEM",20,0,0,0,0,20,20,0,0,0,0,1230,0,"GA",8,NA,NA,NA,NA,NA,0,0,"06/30/2025",0,0
"H0GA08099","SCOTT, JAMES AUSTIN","I",2,"REP",272538.01,0,271102.27,0,980165.55,981601.29,0,0,0,0,0,0,30210.43,"GA",8,NA,NA,NA,NA,NA,230000,0,"06/30/2025",250,2500
"H4GA08125","WATKINS, VINSON","C",2,"REP",0,0,0,0,201.19,201.19,0,0,0,0,0,5320,0,"GA",8,NA,NA,NA,NA,NA,0,0,"03/31/2025",0,0
"H6GA09268","ALEX, NICHOLAS FRANCIS MR.","C",1,"DEM",10915,0,2629.13,0,0,8285.87,1040,0,0,0,0,0,9875,"GA",9,NA,NA,NA,NA,NA,0,0,"06/30/2025",100,0
"H0GA09246","CLYDE, ANDREW","I",2,"REP",165239.74,0,91583.31,0,95984.11,169640.54,0,0,0,0,0,1308863.64,142239.74,"GA",9,NA,NA,NA,NA,NA,23000,0,"06/30/2025",2000,-2000
"H6GA09250","COUVILLON, SAM","C",2,"REP",436665,0,138864.24,0,0,297800.76,0,0,0,0,0,0,433165,"GA",9,NA,NA,NA,NA,NA,3500,0,"06/30/2025",0,0
"H4GA10071","COLLINS, MICHAEL A JR","I",2,"REP",745883.84,157783.28,338781.63,0,597195.09,1004297.3,0,0,0,0,0,286941.43,394747.64,"GA",10,NA,NA,NA,NA,NA,192000,0,"06/30/2025",1000,0
"H4GA11061","LOUDERMILK, BARRY","I",2,"REP",115836.57,0,87536.88,0,172983.85,201283.54,0,0,0,0,0,0,19378.43,"GA",11,NA,NA,NA,NA,NA,82250,0,"06/30/2025",0,0
"H2GA12121","ALLEN, RICHARD W","I",2,"REP",407674.34,0,255689.03,0,1174956.66,1326941.97,0,0,0,0,0,1639945.28,230424.34,"GA",12,NA,NA,NA,NA,NA,177250,0,"06/30/2025",0.15,0
"H2GA13012","SCOTT, DAVID ALBERT","I",1,"DEM",190843.39,0,153158.3,0,174524.68,212209.77,0,55000,0,0,0,107350,2842.43,"GA",13,NA,NA,NA,NA,NA,133000,0,"06/30/2025",0,0
"H6GA13039","JONES, EMANUEL","C",1,"DEM",122517.23,0,36536.12,0,0,85981.11,5,45500,0,0,0,46051.25,75262.23,"GA",13,NA,NA,NA,NA,NA,1750,0,"06/30/2025",0,1500
"H6GA13047","BONNER, JONATHAN","C",1,"DEM",8303,0,7800,0,0,503,0,0,0,0,0,0,8203,"GA",13,NA,NA,NA,NA,NA,0,100,"06/30/2025",0,0
"H6GA13054","MCKENZIE, RONALD","C",1,"DEM",36751,0,17557.26,0,0,19193.74,0,9000,0,0,0,9000,27751,"GA",13,NA,NA,NA,NA,NA,0,0,"06/30/2025",0,0
"H6GA13062","BLAIR, EVERTON","C",1,"DEM",227578.5,0,75675.98,0,0,151902.52,0,0,0,0,0,0,225578.5,"GA",13,NA,NA,NA,NA,NA,2000,0,"06/30/2025",0,0
"H6GA13070","CLARK, JASMINE","C",1,"DEM",164876.29,0,16587.36,0,0,148288.93,0,0,0,0,0,0,163876.29,"GA",13,NA,NA,NA,NA,NA,1000,0,"06/30/2025",0,0
"H6GA13088","MOORE, CARLOS","C",1,"DEM",58425,0,1775,0,0,56650,0,0,0,0,0,27000,58425,"GA",13,NA,NA,NA,NA,NA,0,0,"06/30/2025",1775,0
"H4GA14099","BLALOCK, CLARENCE","C",1,"DEM",16998.2,0,15586.23,0,0,1411.97,0,2000,0,0,0,2000,14998.2,"GA",14,NA,NA,NA,NA,NA,0,0,"06/30/2025",0,0
"H0GA06192","GREENE, MARJORIE TAYLOR","I",2,"REP",1283251.36,63782.1,1496961.41,0,855505.7,641795.65,0,0,0,0,0,0,1082262.31,"GA",14,NA,NA,NA,NA,NA,5000,0,"06/30/2025",3398.84,0
"H4GA07283","CRISWELL, JEFFERSON EDWARD","C",2,"REP",0,0,0,0,0,0,0,0,0,0,0,14658.29,0,"GA",14,NA,NA,NA,NA,NA,0,0,"06/30/2025",0,0
"H6GA14060","BLACK, STAR","C",2,"REP",1000,0,36.83,0,0,963.17,0,0,0,0,0,0,1000,"GA",14,NA,NA,NA,NA,NA,0,0,"06/30/2025",0,0
"H6GA23012","HARRISON, RAVEN","C",2,"REP",558792.66,0,312658.6,0,0,246134.06,6968,542000,0,250000,0,293242.05,9824.66,"GA",23,NA,NA,NA,NA,NA,0,0,"06/30/2025",0,0
"H2GU01031","MOYLAN, JAMES C.","I",2,"REP",2000,0,4812,0,4024.37,1212.37,0,0,0,0,0,0,0,"GU",0,NA,NA,NA,NA,NA,2000,0,"06/30/2025",0,0
"H2HI02128","CASE, EDWARD","I",1,"DEM",262981.69,0,75490.76,0,316658.08,504149.01,0,0,0,0,0,0,131981.69,"HI",1,NA,NA,NA,NA,NA,131000,0,"06/30/2025",0,0
"H2HI02581","TOKUDA, JILL NAOMI","I",1,"DEM",229506.33,684.23,310671.01,0,483440.71,402276.03,0,0,0,0,0,0,177620.65,"HI",2,NA,NA,NA,NA,NA,50500,0,"06/30/2025",5100,0
"H2IA02111","BOHANNAN, CHRISTINA","C",1,"DEM",813506.18,0,101135.68,0,107217.38,819587.88,7000,0,0,0,0,0,722217.55,"IA",1,NA,NA,NA,NA,NA,51050,0,"06/30/2025",2.27,0
"H4IA01127","PAUTSCH, DAVID ALFRED MR.","C",2,"REP",17420,0,10172.17,0,5698.49,12946.32,0,0,0,0,0,0,17420,"IA",1,NA,NA,NA,NA,NA,0,0,"06/30/2025",0,0
"H8IA02043","MILLER-MEEKS, MARIANNETTE JANE","I",2,"REP",2328693.21,529843.75,586028.29,0,373743.4,2116408.32,0,0,0,0,0,0,653556.01,"IA",1,NA,NA,NA,NA,NA,1116660.75,5000,"06/30/2025",28263.37,10500
"H6IA02179","TECHAU, KEVIN W","C",1,"DEM",142340.67,0,74142.12,0,0,68198.55,123.2,0,0,0,0,0,139627,"IA",2,NA,NA,NA,NA,NA,2500,50,"06/30/2025",7000,0
"H0IA01174","ARENHOLZ, ASHLEY HINSON","I",2,"REP",1490892.16,229803.36,593635.41,15998.99,1928075.4,2825332.15,0,0,0,0,0,0,767838.8,"IA",2,NA,NA,NA,NA,NA,493250,0,"06/30/2025",0,0
"H6IA03268","TRONE GARRIOTT, SARAH","C",1,"DEM",520800.25,0,144092.04,0,0,376708.21,0,0,0,0,0,0,505300.25,"IA",3,NA,NA,NA,NA,NA,15500,0,"06/30/2025",1500,0
"H6IA03276","KONFRST, JENNIFER","C",1,"DEM",251045.96,0,80967.65,0,0,170078.31,0,0,0,0,0,0,243545.96,"IA",3,NA,NA,NA,NA,NA,7500,0,"06/30/2025",35,0
"H2IA03119","NUNN, ZACH","I",2,"REP",1554842.97,596705.32,308078.5,0,52833.39,1299597.86,0,0,0,0,0,0,387959.92,"IA",3,NA,NA,NA,NA,NA,560100.01,5000,"06/30/2025",0,-4000
"H2IA04141","MELTON, RYAN MICHAEL APPLETON","C",1,"DEM",13525,0,6445.73,0,2897.22,9976.49,0,0,0,0,0,0,13525,"IA",4,NA,NA,NA,NA,NA,0,0,"06/30/2025",0,0
"H0IA04145","FEENSTRA, RANDALL","I",2,"REP",1092233.27,86305.2,778799.3,1e+05,1170394.49,1483828.46,0,0,0,0,0,0,306146.73,"IA",4,NA,NA,NA,NA,NA,596473.25,0,"06/30/2025",89086.15,49750
"H2ID01192","PETERSON, KAYLEE JADE","C",1,"DEM",27708,0,23949.48,0,5391.32,9149.84,0,0,0,0,0,0,26308,"ID",1,NA,NA,NA,NA,NA,1000,400,"06/30/2025",0,0
"H8ID01124","FULCHER, RUSSELL","I",2,"REP",178137.29,0,182024.35,0,180008.72,176121.66,0,0,0,0,0,0,123403,"ID",1,NA,NA,NA,NA,NA,53000,1000,"06/30/2025",0,0
"H6ID02225","WILEY, JULIE MARISA","C",1,"DEM",5000,0,0,0,0,5000,5000,0,0,0,0,0,0,"ID",2,NA,NA,NA,NA,NA,0,0,"06/30/2025",0,0
"H8ID02064","SIMPSON, MICHAEL","I",2,"REP",275834.39,0,197468.06,0,105205.72,183572.05,0,0,0,0,0,0,114334.39,"ID",2,NA,NA,NA,NA,NA,161500,0,"06/30/2025",0,0
"H2IL01349","JACKSON, JONATHAN","I",1,"DEM",83112.63,0,120870.95,0,53688.09,15929.77,0,0,0,0,0,27000,65614.17,"IL",1,NA,NA,NA,NA,NA,17000,0,"06/30/2025",0,0
"H2IL02172","KELLY, ROBIN","I",1,"DEM",455184.35,0,2449781.7,2151081.69,2015110.97,20513.62,207.25,0,0,0,0,0,139755.14,"IL",2,NA,NA,NA,NA,NA,312250,0,"06/30/2025",-500,7500
"H6IL02298","PETERS, ROBERT JAMES","C",1,"DEM",415200.04,0,40505.41,0,0,374694.63,0,0,0,0,0,0,379408.31,"IL",2,NA,NA,NA,NA,NA,35791.5,0,"06/30/2025",580.34,1000
"H6IL02306","REGIS, ADAL","C",1,"DEM",21646,0,7138.1,479,0,14507.9,0,0,0,0,0,0,21646,"IL",2,NA,NA,NA,NA,NA,0,0,"06/30/2025",0,0
"H6IL02322","FRANCE, ERIC","C",1,"DEM",13090.8,0,11283.12,0,0,1807.68,0,10195.8,0,0,0,10195.8,2895,"IL",2,NA,NA,NA,NA,NA,0,0,"06/30/2025",0,0
"H6IL02330","BROWN, YUMEKA S MRS","C",1,"DEM",500,0,0,0,0,500,0,500,0,0,0,2600,0,"IL",2,NA,NA,NA,NA,NA,0,0,"06/30/2025",0,0
"H6IL02280","COLEMAN, CALVIN","C",2,"REP",1968.84,0,1538.14,0,0,430.7,1533.84,0,0,0,0,0,435,"IL",2,NA,NA,NA,NA,NA,0,0,"06/30/2025",0,0
"H2IL03162","RAMIREZ, DELIA","I",1,"DEM",746514.38,49850,237608.5,0,467571.4,976477.28,0,0,0,0,0,0,515728.09,"IL",3,NA,NA,NA,NA,NA,180075.01,0,"06/30/2025",6000,0
"H8IL04134","GARCIA, JESUS","I",1,"DEM",225602.61,0,118793.33,0,35835.53,142644.81,0,0,0,0,0,0,103665.31,"IL",4,NA,NA,NA,NA,NA,110450,0,"06/30/2025",1600,0
"H0IL05096","QUIGLEY, MIKE","I",1,"DEM",271779.33,0,206599.75,0,1181183.39,1246362.97,0,0,0,0,0,0,103168.29,"IL",5,NA,NA,NA,NA,NA,168607.55,0,"06/30/2025",0,0
"H8IL06139","CASTEN, SEAN","I",1,"DEM",744596.5,0,380112.27,0,694142.5,1058626.73,0,0,0,0,0,75694.37,506901.29,"IL",6,NA,NA,NA,NA,NA,221050,32.67,"06/30/2025",427,0
"H4IL06112","CONFORTI, NIKI","C",2,"REP",33017.24,0,23950.71,0,5201.82,14268.35,0,0,0,0,0,0,33017.24,"IL",6,NA,NA,NA,NA,NA,0,0,"06/30/2025",0,0
"H4IL07037","DAVIS, DANNY K. MR.","I",1,"DEM",54457.91,0,45880.59,0,105728.32,114932.42,0,0,0,0,0,66454.71,29345.28,"IL",7,NA,NA,NA,NA,NA,25101,0,"06/30/2025",0,0
"H6IL07339","FRIEDMAN, JASON","C",1,"DEM",1084782.81,0,179095.66,0,0,905687.15,36750,0,0,0,0,0,1047992,"IL",7,NA,NA,NA,NA,NA,0,0,"06/30/2025",0,0
"H6IL07347","MCCOMBS, JOHN","C",1,"DEM",5438.85,0,3345.09,0,0,2093.76,2413.85,0,0,0,0,0,3025,"IL",7,NA,NA,NA,NA,NA,0,0,"06/30/2025",0,0
"H6IL07354","FORD, LA SHAWN K","C",1,"DEM",0,0,0,0,0,0,0,0,0,0,0,0,0,"IL",7,NA,NA,NA,NA,NA,0,0,"06/30/2025",0,0
"H2IL08146","CONGRESS, JUNAID","",1,"DEM",338204,0,8933.33,0,0,329270.67,0,0,0,0,0,12758.92,338204,"IL",8,NA,NA,NA,NA,NA,0,0,"06/30/2025",0,0
"H6IL08147","KRISHNAMOORTHI, S. RAJA","I",1,"DEM",3891089.41,0,11655998.35,10069791.22,17111494.43,9346585.49,0,0,0,0,0,102790.82,3163235.47,"IL",8,NA,NA,NA,NA,NA,366600,0,"06/30/2025",5687.23,8500
"H6IL08212","KHOT, NEIL","C",1,"DEM",515793.7,0,35500.65,0,0,480293.05,3500,240000,0,0,0,240000,271911.11,"IL",8,NA,NA,NA,NA,NA,250,0,"06/30/2025",6000,0
"H6IL08238","MORRISON, KEVIN B.","C",1,"DEM",182641.99,0,29748.01,0,0,152893.98,750,0,0,0,0,0,172141.99,"IL",8,NA,NA,NA,NA,NA,9750,0,"06/30/2025",1750,0
"H6IL08246","DUNUNG, SANJYOT","C",1,"DEM",108641.32,0,50110.29,0,0,58531.03,8384.66,0,0,0,0,0,95256.66,"IL",8,NA,NA,NA,NA,NA,5000,0,"06/30/2025",0,0
"H6IL08253","BANKOLE, YASMEEN","C",1,"DEM",109114.88,0,3662.78,0,0,105452.1,7000,34000,0,0,0,57624.02,60764.88,"IL",8,NA,NA,NA,NA,NA,7350,0,"06/30/2025",0,0
"H6IL08279","KALLAS, CHRIST","C",1,"DEM",10666.98,0,3652.44,0,0,7014.54,446.45,8000,0,0,0,8000,2220.5,"IL",8,NA,NA,NA,NA,NA,0,0,"06/30/2025",0,0
"H6IL08287","TULLY, DAN","C",1,"DEM",204688,0,5533.66,0,0,199154.34,0,128500,0,0,0,128500,74188,"IL",8,NA,NA,NA,NA,NA,2000,0,"06/30/2025",0,0
"H4IL08159","RICE, MARK","C",2,"REP",109109.38,0,8846.73,0,101613.76,201876.41,0,1e+05,0,0,0,252350,9109.38,"IL",8,NA,NA,NA,NA,NA,0,0,"06/30/2025",0,0
"H6IL09178","ABUGHAZALEH, KATHERINE M.","O",1,"DEM",904576.47,0,237808.31,0,0,666768.16,0,0,0,0,0,0,904572.1,"IL",9,NA,NA,NA,NA,NA,0,0,"06/30/2025",487,0
"H6IL09186","ABREVAYA, DAVID","O",1,"DEM",0,0,0,0,0,0,0,0,0,0,0,0,0,"IL",9,NA,NA,NA,NA,NA,0,0,"04/16/2025",0,0
"H6IL09194","FINE, LAURA","O",1,"DEM",262805.33,0,25578.9,0,0,237226.43,7000,0,0,0,0,0,248855.33,"IL",9,NA,NA,NA,NA,NA,6950,0,"06/30/2025",275,0
"H6IL09202","JENKINS, MIRACLE","O",1,"DEM",29445.76,0,27184.53,0,0,2261.23,38.88,0,0,0,0,0,29406.88,"IL",9,NA,NA,NA,NA,NA,0,0,"06/30/2025",0,0
"H6IL09228","BISS, DANIEL","O",1,"DEM",702974.99,0,57500.58,0,0,645474.41,0,0,0,0,0,2260.44,702974.99,"IL",9,NA,NA,NA,NA,NA,0,0,"06/30/2025",0,0
"H6IL09236","AMIWALA, BUSHRA","O",1,"DEM",198933.1,0,7886.28,0,0,191046.82,0,0,0,0,0,0,198933.1,"IL",9,NA,NA,NA,NA,NA,0,0,"06/30/2025",0,0
"H6IL09251","ROSENBLUM, HOWARD","O",1,"DEM",49946,0,768.21,0,0,49177.79,0,0,0,0,0,0,49946,"IL",9,NA,NA,NA,NA,NA,0,0,"06/30/2025",0,0
"H6IL09269","JOHNSON, BETHANY","O",1,"DEM",788.94,0,211.94,0,0,577,197.94,0,0,0,0,0,591,"IL",9,NA,NA,NA,NA,NA,0,0,"06/30/2025",0,0
"H6IL09277","LEON, BRUCE","O",1,"DEM",610000,0,0,0,0,610000,0,610000,0,0,0,610000,0,"IL",9,NA,NA,NA,NA,NA,0,0,"06/30/2025",0,0
"H6IL09327","FORD, JUSTIN","",1,"DEM",24509.49,0,23523.7,0,0,985.79,0,22876.7,0,0,0,22876.7,1632.79,"IL",9,NA,NA,NA,NA,NA,0,0,"06/30/2025",0,0
"H8IL09067","SCHAKOWSKY, JANICE D","I",1,"DEM",412678.31,0,643620.17,0,847974.18,617032.32,0,0,0,0,0,0,324674.66,"IL",9,NA,NA,NA,NA,NA,87651,0,"06/30/2025",2125,1000
"H6IL09210","SU, DONGBO MARK","O",2,"REP",10400,0,3039.29,0,0,7360.71,3000,0,0,0,0,0,6500,"IL",9,NA,NA,NA,NA,NA,900,0,"06/30/2025",0,0
"H2IL10068","SCHNEIDER, BRADLEY S.","I",1,"DEM",1140769.98,97800,646797.31,0,971426.09,1465398.76,0,0,0,0,0,0,594219.85,"IL",10,NA,NA,NA,NA,NA,448750,0,"06/30/2025",70,0
"H6IL10168","COGHILL, MORGAN","C",1,"DEM",10366,0,3021.99,0,0,7344.01,0,5600,0,0,0,9617,4766,"IL",10,NA,NA,NA,NA,NA,0,0,"06/30/2025",0,0
"H8IL14067","FOSTER, G. WILLIAM (BILL)","I",1,"DEM",686575.42,0,371384.16,0,1550564.66,1865755.92,0,0,0,0,0,1017994.89,345835.43,"IL",11,NA,NA,NA,NA,NA,273500,0,"06/30/2025",35,0
"H2IL14086","PIERCE, MICHAEL DAVID LTC (RET.)","C",2,"REP",6880,0,6000,0,0,880,0,6380,0,0,0,6380,500,"IL",11,NA,NA,NA,NA,NA,0,0,"06/30/2025",0,0
"H4IL11245","KIM, CHARLES","C",2,"REP",17525.3,0,10467.32,0,0,7057.98,0,17525.3,0,0,0,89622.2,0,"IL",11,NA,NA,NA,NA,NA,0,0,"06/30/2025",0,0
"H4IL12060","BOST, MICHAEL","I",2,"REP",431485.6,0,285562.25,0,352296.01,498219.36,0,0,0,0,0,0,161379.79,"IL",12,NA,NA,NA,NA,NA,270100,0,"06/30/2025",0,535.88
"H2IL13153","BUDZINSKI, NIKKI","I",1,"DEM",947795.99,540,477503.4,0,1784732.35,2255024.94,0,0,0,0,0,0,491192.4,"IL",13,NA,NA,NA,NA,NA,430750,1240,"06/30/2025",2875,0
"H6IL13162","BLAHA, DYLAN THOMAS","C",1,"DEM",5276.02,0,3052.22,0,0,2223.8,1752.8,0,0,0,0,0,3523.22,"IL",13,NA,NA,NA,NA,NA,0,0,"06/30/2025",0,0
"H4IL13241","LOYD, JOSHUA","C",2,"REP",8138.2,0,7322.19,0,369.38,1185.39,0,1500,0,0,0,1500,6638.2,"IL",13,NA,NA,NA,NA,NA,0,0,"06/30/2025",0,0
"H6IL13154","WILSON, JEFF","C",2,"REP",69839.61,0,24296.58,0,0,45543.03,0,50500,0,0,0,50500,19339.61,"IL",13,NA,NA,NA,NA,NA,0,0,"06/30/2025",0,0
"H8IL14174","UNDERWOOD, LAUREN","I",1,"DEM",913051.8,61000,796088.21,0,1055102.02,1172065.61,0,0,0,0,0,0,718325.42,"IL",14,NA,NA,NA,NA,NA,116300,0,"06/30/2025",334.37,0
"H6IL14160","DAVIS, JED","C",2,"REP",18907.45,0,6251.08,0,0,12656.37,0,0,0,0,0,0,18907.45,"IL",14,NA,NA,NA,NA,NA,0,0,"06/30/2025",0,0
"H8IL16153","MARTER, JAMES THOMAS","C",2,"REP",27232.25,0,11598.53,0,4043.84,19677.56,0,0,0,0,0,31358.77,27232.25,"IL",14,NA,NA,NA,NA,NA,0,0,"06/30/2025",0,0
"H6IL15092","TODD, JENNIFER ANN","C",1,"DEM",17168.26,0,11288.19,0,785.92,5748.81,0,0,0,0,0,0,16671,"IL",15,NA,NA,NA,NA,NA,497.26,0,"06/30/2025",0,0
"H0IL15129","MILLER, MARY","I",2,"REP",363226.91,6744.71,305191.75,0,646256.34,704291.5,0,0,0,0,0,0,324482.2,"IL",15,NA,NA,NA,NA,NA,32000,0,"06/30/2025",205.54,0
"H6IL16090","ALBRIGHT, JOE","C",1,"DEM",15833.92,0,10523.08,0,0,5310.84,781.83,5000,0,0,0,5000,10052.09,"IL",16,NA,NA,NA,NA,NA,0,0,"06/30/2025",0,0
"H6IL16108","NOLLEY, PAUL","C",1,"DEM",30119.08,0,17973.29,0,0,12145.79,944.83,0,0,0,0,0,19174.25,"IL",16,NA,NA,NA,NA,NA,10000,0,"06/30/2025",0,0
"H6IL18088","LAHOOD, DARIN MCKAY","I",2,"REP",1512653.06,363964.33,800967.99,0,5521283.07,6232968.14,0,0,0,0,0,0,365021.9,"IL",16,NA,NA,NA,NA,NA,723400,100,"06/30/2025",250,200
"H2IL17147","SORENSEN, ERIC","I",1,"DEM",725271.31,3000,293323.46,0,112794.28,544742.13,0,0,0,0,0,0,436601.47,"IL",17,NA,NA,NA,NA,NA,284000,0,"06/30/2025",3859,500
"H6IL17247","VANCIL, DILLAN","C",2,"REP",81211.71,0,67310,0,20321.99,34223.7,4035.19,11500,0,0,0,12700,65376.52,"IL",17,NA,NA,NA,NA,NA,300,0,"06/30/2025",13250,100
"H0IN01150","MRVAN, FRANK J.","I",1,"DEM",590159.55,20750,299392.27,0,88459.72,379227,0,0,0,0,0,0,280601.45,"IN",1,NA,NA,NA,NA,NA,288300,464.67,"06/30/2025",27,0
"H6IN01223","SCHENKE, JAMES","C",2,"REP",17992.91,0,15459.32,0,0,2533.59,394.85,0,0,0,0,21731.03,17598.06,"IN",1,NA,NA,NA,NA,NA,0,0,"06/30/2025",0,0
"H2IN02295","YAKYM, RUDY C. III","I",2,"REP",1558542.99,379089.95,953911.23,0,609579.3,1214211.06,0,0,0,0,0,0,668564.69,"IN",2,NA,NA,NA,NA,NA,507461.49,0,"06/30/2025",37999.71,0
"H4IN03182","GOSS, PHIL","C",1,"DEM",40000,0,40241.6,0,3331.13,3089.53,0,40000,0,0,0,290300,0,"IN",3,NA,NA,NA,NA,NA,0,0,"06/30/2025",0,0
"H4IN03174","STUTZMAN, MARLIN","I",2,"REP",355360.57,52735.72,216377.01,0,49316.96,188300.52,0,0,0,25000,0,320000,155837.37,"IN",3,NA,NA,NA,NA,NA,143500,0,"06/30/2025",1989.22,0
"H4IN04248","HAGGARD, CRAIG","C",2,"REP",49360,0,26302.85,0,60642.42,83699.57,0,0,0,0,0,0,39110,"IN",4,NA,NA,NA,NA,NA,10250,0,"06/30/2025",0,0
"H8IN04199","BAIRD, JAMES R DR.","I",2,"REP",68335.73,0,143230.12,0,214609.73,139715.34,0,0,0,0,0,210000,39014.64,"IN",4,NA,NA,NA,NA,NA,28700,0,"06/30/2025",0,0
"H6IN05273","FRANKLIN, JACKSON BAILEY","C",1,"DEM",7317.2,0,285.65,0,0,7031.55,0,10,0,0,0,10,7307.2,"IN",5,NA,NA,NA,NA,NA,0,0,"06/30/2025",0,0
"H0IN05326","SPARTZ, VICTORIA","I",2,"REP",421892.39,13737.32,616818.76,0,258050.18,63123.81,0,25000,0,375000,0,350000,373155.07,"IN",5,NA,NA,NA,NA,NA,10000,0,"06/30/2025",0,0
"H4IN06185","SHREVE, JEFFERSON","I",2,"REP",107508.63,0,146060.3,0,131714.79,93163.12,0,0,0,0,0,5900000,37821.64,"IN",6,NA,NA,NA,NA,NA,69000,0,"06/30/2025",1.75,1000
"H6IN07394","HORNEDO, GEORGE","C",1,"DEM",157960.4,0,91462.53,0,0,66497.87,0,40000,0,0,0,40000,115960.4,"IN",7,NA,NA,NA,NA,NA,2000,0,"06/30/2025",500,0
"H8IN07184","CARSON, ANDRE","I",1,"DEM",328990.9,39972,166927.15,0,449423.21,611486.96,0,0,0,0,0,0,100144.8,"IN",7,NA,NA,NA,NA,NA,181300,3692,"06/30/2025",0,0
"H4IN08249","MESSMER, MARK MR.","I",2,"REP",379834.08,164197.08,159637.93,0,207105.87,427302.02,3500,0,0,0,0,8249.99,71669,"IN",8,NA,NA,NA,NA,NA,140000,0,"06/30/2025",1.75,0
"H4IN09163","PECK, TIMOTHY","C",1,"DEM",30420,0,28776.79,0,15873.69,17516.9,0,0,0,5000,0,65608.57,30420,"IN",9,NA,NA,NA,NA,NA,0,0,"06/30/2025",0,500
"H6IN09226","GRAHAM, JAMES HENRY","C",1,"DEM",77573.43,0,59214.85,0,0,18358.58,2629.3,40000,0,0,0,40000,34944.11,"IN",9,NA,NA,NA,NA,NA,0,0,"06/30/2025",0,0
"H6IN09242","MEYER, BRADLEY ALLEN MR.","C",1,"DEM",3439.06,0,556.56,0,0,2882.5,0,0,0,0,0,0,3439.06,"IN",9,NA,NA,NA,NA,NA,0,0,"06/30/2025",0,0
"H6IN09143","HOUCHIN, ERIN","I",2,"REP",564456,130020.9,297914.98,0,742043.86,1008584.88,58.25,0,0,0,0,0,121920.37,"IN",9,NA,NA,NA,NA,NA,306250,0,"06/30/2025",0,0
"H0KS01123","MANN, TRACEY ROBERT","I",2,"REP",431203.52,142815.66,159413.24,0,1753696.84,2025487.12,0,0,0,0,0,0,76798.97,"KS",1,NA,NA,NA,NA,NA,186920,0,"06/30/2025",0,0
"H4KS02164","SCHMIDT, DEREK","I",2,"REP",329631.65,24584.83,102012.37,0,38501.14,266120.42,0,0,0,0,0,0,175704.14,"KS",2,NA,NA,NA,NA,NA,128000,0,"06/30/2025",1.75,0
"H8KS03155","DAVIDS, SHARICE","I",1,"DEM",913389.46,5930.63,607247.55,0,403255.79,709397.7,0,0,0,0,0,0,679169.61,"KS",3,NA,NA,NA,NA,NA,225240,0,"06/30/2025",856.83,0
"H8KS04112","ESTES, RON","I",2,"REP",637160.51,175363.7,439950.28,0,1198276.04,1395486.27,0,0,0,0,0,0,77056.95,"KS",4,NA,NA,NA,NA,NA,359500,0,"06/30/2025",121.81,0
"H6KY01169","WILLIAMS, JOHN ANDREW","C",1,"DEM",3779.85,0,740.69,0,0,3039.16,0,1700,0,0,0,1700,2008,"KY",1,NA,NA,NA,NA,NA,0,0,"06/30/2025",0,0
"H6KY01110","COMER, JAMES","I",2,"REP",515919.61,0,509388.95,0,3209222.52,3215753.18,0,0,0,0,0,0,391729.81,"KY",1,NA,NA,NA,NA,NA,124000,0,"06/30/2025",0,0
"H2KY02125","COMPTON, WILLIAM DAKOTA","C",1,"DEM",1981.79,0,1445.75,0,439.1,921.66,76.79,0,0,0,0,0,1905,"KY",2,NA,NA,NA,NA,NA,0,0,"06/30/2025",0,0
"H8KY02080","LINDERMAN, HANK","C",1,"DEM",0,0,2246.74,0,21562.08,19315.34,0,0,0,0,0,0,0,"KY",2,NA,NA,NA,NA,NA,0,0,"06/30/2025",0,0
"H8KY02031","GUTHRIE, S. BRETT BRETT HON.","I",2,"REP",2175848.15,0,957503.64,0,366244.44,1584588.95,0,0,0,0,0,40613.8,799234.47,"KY",2,NA,NA,NA,NA,NA,1374450,0,"06/30/2025",7600,16200
"H2KY03206","MCGARVEY, MORGAN","I",1,"DEM",455480.92,5042.62,372460.83,0,1263417.1,1346437.19,0,0,0,0,0,0,271940.94,"KY",3,NA,NA,NA,NA,NA,162926.61,0,"06/30/2025",0,0
"H6KY04130","DEAN, MONICA","C",1,"DEM",9189.56,0,5518.14,0,0,3671.42,1977.8,0,0,0,0,198.26,6211.76,"KY",4,NA,NA,NA,NA,NA,1000,0,"06/30/2025",0,0
"H2KY04121","MASSIE, THOMAS H.","I",2,"REP",1031357.23,0,200620.69,0,907010.19,1737746.73,0,0,0,0,0,0,1002450.25,"KY",4,NA,NA,NA,NA,NA,27000,0,"06/30/2025",9488.93,0
"H6KY05152","PILLERSDORF, NED","C",1,"DEM",11045,0,10431.49,0,0,613.51,5600,0,0,0,0,0,5445,"KY",5,NA,NA,NA,NA,NA,0,0,"06/30/2025",0,0
"H0KY05015","ROGERS, HAROLD DALLAS","I",2,"REP",265846.37,2103.41,235364.94,0,971251.73,1001733.16,0,0,0,0,0,0,60750,"KY",5,NA,NA,NA,NA,NA,102250,0,"06/30/2025",1000,0
"H6KY06150","STEVENSON, CHERLYNN","C",1,"DEM",210069.05,0,42352.83,0,175.45,167891.67,0,0,0,0,0,0,201069.05,"KY",6,NA,NA,NA,NA,NA,9000,0,"06/30/2025",55,0
"H6KY06168","KLOIBER, DAVID","C",1,"DEM",138795,0,3702.93,0,0,135092.07,0,97000,0,0,0,97000,41795,"KY",6,NA,NA,NA,NA,NA,0,0,"06/30/2025",0,0
"H0KY06104","BARR, GARLAND ANDY","I",2,"REP",3269336.09,825101.12,853170.45,0,3693077.64,6109243.28,0,0,0,0,0,0,1273231.06,"KY",6,NA,NA,NA,NA,NA,1082500,0,"06/30/2025",1100,1000
"H6KY06143","DOTSON, RYAN","C",2,"REP",95675,0,1476.02,0,0,94198.98,0,60000,0,0,0,60000,27675,"KY",6,NA,NA,NA,NA,NA,8000,0,"06/30/2025",100,0
"H0LA01087","SCALISE, STEVE MR","I",2,"REP",4699078.02,4357579.95,3052608.19,0,4131152.57,5777622.4,0,0,0,0,0,0,275998.07,"LA",1,NA,NA,NA,NA,NA,65500,0,"06/30/2025",5503.89,0
"H2LA02149","CARTER, TROY A. SR.","I",1,"DEM",452980.56,24088.89,540549.96,0,509409.15,421839.75,0,0,0,0,0,24914.16,113300.2,"LA",2,NA,NA,NA,NA,NA,315500,0,"06/30/2025",0,0
"H6LA03148","HIGGINS, CLAY CAPTAIN","I",2,"REP",339944.76,243000,158305.66,0,324568.04,506207.14,0,0,0,0,0,0,57944.76,"LA",3,NA,NA,NA,NA,NA,39000,0,"06/30/2025",90,0
"H6LA04138","JOHNSON, JAMES MICHAEL","I",2,"REP",8689382.08,4134572.69,3220247.07,0,1252376.53,6721511.54,0,0,0,0,0,0,3751109.39,"LA",4,NA,NA,NA,NA,NA,803700,0,"06/30/2025",9975,0
"H2LA05126","LETLOW, JULIA","I",2,"REP",1254854.21,378803,499713.86,0,1346766.81,2101907.16,0,0,0,0,0,0,457090.36,"LA",5,NA,NA,NA,NA,NA,418960.85,0,"06/30/2025",2657.8,0
"H4LA06211","FIELDS, CLEO","I",1,"DEM",195909.28,0,175046.9,1e+05,37439.86,58302.24,0,0,0,0,0,0,149661.84,"LA",6,NA,NA,NA,NA,NA,43000,0,"06/30/2025",12400,5000
"H8MA02041","NEAL, RICHARD E","I",1,"DEM",782495.38,21908.54,764048.91,0,3887869.95,3906316.42,0,0,0,0,0,0,128790.43,"MA",1,NA,NA,NA,NA,NA,506236.54,0,"06/30/2025",0,0
"H4MA03022","MCGOVERN, JAMES P","I",1,"DEM",166719.06,0,239222.73,0,394164.35,321660.68,0,0,0,0,0,0,121415.73,"MA",2,NA,NA,NA,NA,NA,44000,0,"06/30/2025",375.5,0
"H8MA03106","TRAHAN, LORI","I",1,"DEM",550454.16,6700,278193.68,0,1455151.24,1727411.72,0,0,0,0,0,0,318054.16,"MA",3,NA,NA,NA,NA,NA,225250,0,"06/30/2025",0,0
"H0MA04192","AUCHINCLOSS, JAKE","I",1,"DEM",1164893.44,67000,277436.02,0,4983226.77,5870684.19,0,0,0,0,0,0,787760.9,"MA",4,NA,NA,NA,NA,NA,194250,1000,"06/30/2025",500,0
"H4MA05084","CLARK, KATHERINE","I",1,"DEM",1465822.04,569000,1081007.78,0,1325890.71,1710704.97,0,0,0,0,0,0,220608.44,"MA",5,NA,NA,NA,NA,NA,656300,0,"06/30/2025",539,0
"H4MA06090","MOULTON, SETH","I",1,"DEM",748595.63,1469.16,406544.47,0,1850338.06,2192389.22,0,0,0,0,0,0,601778.41,"MA",6,NA,NA,NA,NA,NA,116500,0,"06/30/2025",2978,2000
"H8MA07032","PRESSLEY, AYANNA","I",1,"DEM",364536.86,39500,357653.7,0,118221.41,125104.57,0,0,0,0,0,0,311424.76,"MA",7,NA,NA,NA,NA,NA,13500,0,"06/30/2025",669,0
"H2MA09072","LYNCH, STEPHEN","I",1,"DEM",214249.9,0,242129.96,0,1088723.86,1060843.8,0,0,0,0,0,0,94313.26,"MA",8,NA,NA,NA,NA,NA,113700,0,"06/30/2025",0,0
"H6MA08307","ROATH, PATRICK THOMAS","C",1,"DEM",287691.99,0,64086.66,0,0,223605.33,0,20000,0,0,0,20000,267691.99,"MA",8,NA,NA,NA,NA,NA,0,0,"06/30/2025",250,0
"H0MA10082","KEATING, WILLIAM R","I",1,"DEM",140630.95,0,173838.07,0,665867.5,632660.38,0,0,0,0,0,0,100030.95,"MA",9,NA,NA,NA,NA,NA,40600,0,"06/30/2025",0,0
"H6MD01320","SCHWARTZ, DANIEL","C",1,"DEM",101970.69,0,45222.18,0,0,56748.51,684.69,13000,0,0,0,13000,88286,"MD",1,NA,NA,NA,NA,NA,0,0,"06/30/2025",0,0
"H8MD01094","HARRIS, ANDREW P","I",2,"REP",609303.09,0,325343.88,0,754935.54,1038894.75,0,0,0,0,0,0,487467.08,"MD",1,NA,NA,NA,NA,NA,114600,0,"06/30/2025",40,100
"H4MD02232","OLSZEWSKI, JOHN ANTHONY JR.","I",1,"DEM",327617.48,0,140623.21,0,166591.68,353585.95,0,0,0,0,0,0,220694.4,"MD",2,NA,NA,NA,NA,NA,105650.01,0,"06/30/2025",2752.5,6000
"H4MD03156","ELFRETH, SARAH KELLY","I",1,"DEM",317263.74,0,164410.39,0,30739.55,183592.9,0,0,0,0,0,0,187135.58,"MD",3,NA,NA,NA,NA,NA,124047,0,"06/30/2025",176,0
"H2MD04315","IVEY, GLENN","I",1,"DEM",155568.64,0,164966.32,0,305388.32,295990.64,0,0,0,0,0,0,84306.77,"MD",4,NA,NA,NA,NA,NA,71000,0,"06/30/2025",0,0
"H2MD05155","HOYER, STENY","I",1,"DEM",286862.45,12817.98,274080.82,0,623674.91,636456.54,0,0,0,0,0,0,94220.21,"MD",5,NA,NA,NA,NA,NA,177500,0,"06/30/2025",0,0
"H4MD05235","BAREEBE, QUINCY","C",1,"DEM",116837.81,0,38945.34,0,219.11,78111.58,0,110000,0,0,0,319665.22,6820,"MD",5,NA,NA,NA,NA,NA,0,0,"06/30/2025",0,0
"H6MD05255","JARIN, HARRY","C",1,"DEM",106193.26,0,462.34,0,0,105730.92,0,75000,0,0,0,88965.52,31193.26,"MD",5,NA,NA,NA,NA,NA,0,0,"06/30/2025",0,0
"H4MD05219","TALKINGTON, MICHELLE","C",2,"REP",0,0,1873.27,0,2927.66,1054.39,0,0,0,0,0,6582.17,0,"MD",5,NA,NA,NA,NA,NA,0,0,"06/30/2025",0,0
"H4MD06340","DELANEY, APRIL MCCLAIN","I",1,"DEM",528778.67,16800,218406.62,0,12879.17,323251.22,0,2e+05,0,0,0,4073000,203428.72,"MD",6,NA,NA,NA,NA,NA,101050,0,"06/30/2025",0,0
"H0MD06231","PARROTT, NEIL CONRAD MR.","C",2,"REP",17538.07,0,14936.33,0,4614.2,7215.94,0,11000,0,0,0,11000,6525.95,"MD",6,NA,NA,NA,NA,NA,0,0,"06/30/2025",1.42,0
"H6MD06279","BURNETT, CHRISTOPHER MICHAEL","C",2,"REP",7078.51,0,208.15,0,0,6870.36,0,0,0,0,0,0,7078.51,"MD",6,NA,NA,NA,NA,NA,0,0,"06/30/2025",0,0
"H6MD07020","MFUME, KWEISI","I",1,"DEM",66842,0,93768.98,0,693925.46,666998.48,0,0,0,0,0,0,9042,"MD",7,NA,NA,NA,NA,NA,57500,0,"06/30/2025",0,1000
"H6MD08457","RASKIN, JAMIE","I",1,"DEM",2517795.68,64500,1590756.02,0,4965203.04,5892242.7,0,0,0,0,0,0,2218823.1,"MD",8,NA,NA,NA,NA,NA,158373.88,73.28,"06/30/2025",5181.6,0
"H6MD08622","LEON, STEPHEN ALAN","C",1,"DEM",1673.34,0,1673.34,0,1000,1000,1673.34,0,0,0,0,0,0,"MD",8,NA,NA,NA,NA,NA,0,0,"06/30/2025",0,0
"H4MD08213","RILEY, CHERYL","C",2,"REP",4857.18,0,1406.18,0,588.97,4039.97,0,0,0,0,0,0,4857.18,"MD",8,NA,NA,NA,NA,NA,0,0,"06/30/2025",0,0
"H8ME01120","PINGREE, CHELLIE M","I",1,"DEM",148527.92,0,129481.82,0,415678.23,434724.33,0,0,0,0,0,20000,57334.49,"ME",1,NA,NA,NA,NA,NA,90050,0,"06/30/2025",25,0
"H4ME01160","RUSSELL, RONALD CHARLES MR.","C",2,"REP",0,0,1740.99,0,14221.08,12480.09,0,0,0,0,0,0,0,"ME",1,NA,NA,NA,NA,NA,0,0,"03/31/2025",0,0
"H8ME02185","GOLDEN, JARED","I",1,"DEM",1307503.36,37700,431737.46,0,126729.88,1002495.78,0,0,0,0,0,0,1038976.64,"ME",2,NA,NA,NA,NA,NA,223500,481.2,"06/30/2025",3702.22,0
"H6ME02148","LEPAGE, PAUL","C",2,"REP",552781.38,14000,25000.47,0,0,527780.91,0,0,0,0,0,0,538781.38,"ME",2,NA,NA,NA,NA,NA,0,0,"06/30/2025",0,0
"H4MI01155","BARR, CALLIE","",1,"DEM",0,0,3015.18,0,7640.7,4625.52,0,0,0,0,0,0,0,"MI",1,NA,NA,NA,NA,NA,0,0,"06/30/2025",0,0
"H6MI01259","STILES, WAYNE","C",1,"DEM",16692.01,0,13838.59,0,0,2853.42,40,4000,0,0,0,4000,12647,"MI",1,NA,NA,NA,NA,NA,0,0,"06/30/2025",0,0
"H6MI01226","BERGMAN, JOHN","I",2,"REP",587062.17,212924.75,270749.47,10116.35,110949.79,427262.49,0,0,0,0,0,0,124637.42,"MI",1,NA,NA,NA,NA,NA,248000,0,"06/30/2025",-3300,0
"H6MI01242","MICHAL, JUSTIN","C",2,"REP",26844.46,0,20846.09,0,0,5998.37,20540,0,0,0,0,0,6254.46,"MI",1,NA,NA,NA,NA,NA,0,0,"06/30/2025",0,0
"H4MI02138","LYNCH, MICHAEL","C",1,"DEM",300,0,4628.97,3368.97,4328.97,0,0,0,0,0,0,0,300,"MI",2,NA,NA,NA,NA,NA,0,0,"09/30/2025",0,0
"H6MI02216","AMBROSE, BENJAMIN","C",1,"DEM",6580,0,1006.11,0,50,5623.89,0,0,0,0,0,0,6580,"MI",2,NA,NA,NA,NA,NA,0,0,"06/30/2025",0,0
"H4MI04126","MOOLENAAR, JOHN MR.","I",2,"REP",622837.45,0,265463.26,0,1281944.25,1639318.44,0,0,0,0,0,52518.87,366480.42,"MI",2,NA,NA,NA,NA,NA,240083.08,490,"06/30/2025",0,0
"H0MI03316","SCHOLTEN, HILLARY","I",1,"DEM",683550.96,12000,299594.3,0,349714.6,733671.26,0,0,0,0,0,0,456009.74,"MI",3,NA,NA,NA,NA,NA,2e+05,0,"06/30/2025",1173.5,0
"H4MI03243","MARKEY, MICHAEL JAY MR. JR.","C",2,"REP",0,0,3127.16,0,3127.16,0,0,0,0,0,0,469890,0,"MI",3,NA,NA,NA,NA,NA,0,0,"06/30/2025",0,0
"H4MI04159","SWARTZ, JESSICA","C",1,"DEM",183731.07,0,75314.88,0,115527.36,223943.55,0,0,0,0,0,0,183494.75,"MI",4,NA,NA,NA,NA,NA,0,0,"06/30/2025",10,0
"H6MI04196","HARRIS, DIOP JERMAINE MR II","C",1,"DEM",11668.51,0,6135.34,0,0,5533.17,0,1000,0,0,0,1000,10668.51,"MI",4,NA,NA,NA,NA,NA,0,0,"06/30/2025",0,0
"H0MI02094","HUIZENGA, WILLIAM P","I",2,"REP",1603769.45,154164.26,330187.44,0,109039.96,1382621.97,0,0,0,0,0,0,663305.19,"MI",4,NA,NA,NA,NA,NA,786300,0,"06/30/2025",0,0
"H4MI07103","WALBERG, TIMOTHY L REP","I",2,"REP",727674.08,35557.4,615693.55,6900,909451.8,1021432.33,0,0,0,0,0,0,421051.26,"MI",5,NA,NA,NA,NA,NA,269250,0,"06/30/2025",2.78,0
"H4MI12079","DINGELL, DEBBIE","I",1,"DEM",345806.27,2159.33,336190.55,0,342922.84,352538.56,0,0,0,0,0,0,110629.61,"MI",6,NA,NA,NA,NA,NA,232558,0,"06/30/2025",0,0
"H6MI07256","BRINK, BRIDGET","C",1,"DEM",503475.61,0,18811.71,0,0,484663.9,0,20000,0,0,0,20000,483475.49,"MI",7,NA,NA,NA,NA,NA,0,0,"06/30/2025",1771,0
"H2MI07123","BARRETT, THOMAS MORE","I",2,"REP",1946161.83,483023.06,509259.64,0,22099.88,1459002.07,0,0,0,0,0,23029.24,791014.54,"MI",7,NA,NA,NA,NA,NA,667124.23,5000,"06/30/2025",9088.31,0
"H4MI08218","MCDONALD RIVET, KRISTEN","I",1,"DEM",1550413.8,37700,302705.14,0,17030.52,1264739.18,0,0,0,0,0,0,964370.29,"MI",8,NA,NA,NA,NA,NA,522546.89,1023.43,"06/30/2025",1287.36,1000
"H0MI10287","MCCLAIN, LISA","I",2,"REP",1729662.34,317987.37,912764.32,6900,606857.37,1423755.39,0,0,0,0,0,550000,857261.91,"MI",9,NA,NA,NA,NA,NA,553000,0,"06/30/2025",-5025,0
"H6MI09237","ATWELL, DALTSON THEODORE","C",2,"REP",1000,0,621.28,0,0,378.72,0,0,0,0,0,0,1000,"MI",9,NA,NA,NA,NA,NA,0,0,"06/30/2025",0,0
"H2MI08154","JAYE, BRIAN STEVEN","C",1,"DEM",412,0,1248.94,0,3071.33,2234.39,0,0,0,0,0,0,412,"MI",10,NA,NA,NA,NA,NA,0,0,"06/30/2025",0,0
"H6MI10268","HAWKINS, ALEXANDER","C",1,"DEM",359060.41,0,281743.25,0,0,77317.16,100,24000,0,0,0,24000,334960.34,"MI",10,NA,NA,NA,NA,NA,0,0,"06/30/2025",1147,0
"H6MI10276","HINES, CHRISTINA","C",1,"DEM",260554.29,0,43912.42,0,0,216641.87,0,0,0,0,0,0,253804.29,"MI",10,NA,NA,NA,NA,NA,6750,0,"06/30/2025",0,0
"H6MI10284","GREIMEL, TIM","C",1,"DEM",400330.25,0,145217.82,0,0,255112.43,0,0,7000,0,0,7000,383330.25,"MI",10,NA,NA,NA,NA,NA,10000,0,"06/30/2025",50,0
"H6MI10292","CHUNG, ERIC","C",1,"DEM",606457.95,0,112061.58,0,0,494396.37,7000,0,0,0,0,0,579457.95,"MI",10,NA,NA,NA,NA,NA,20000,0,"06/30/2025",7500,0
"H6MI10300","ADAMS, GEORGE","C",1,"DEM",198121.32,0,25466.48,0,0,172654.84,0,0,0,0,0,0,198121.32,"MI",10,NA,NA,NA,NA,NA,0,0,"06/30/2025",0,0
"H2MI10150","JAMES, JOHN","I",2,"REP",516147.81,252906.41,754401.17,2365.57,734681.03,496427.67,0,0,0,0,0,0,37944.38,"MI",10,NA,NA,NA,NA,NA,218000,5000,"06/30/2025",535,0
"H6MI10318","ARMITAGE, CASEY MRS.","C",2,"REP",490.49,0,370.49,0,0,120,160.38,210.11,0,0,0,210.11,120,"MI",10,NA,NA,NA,NA,NA,0,0,"06/30/2025",0,0
"H6MI11191","MOSS, JEREMY","C",1,"DEM",422408.33,0,68307.87,0,0,354100.46,0,0,0,0,0,0,389808.33,"MI",11,NA,NA,NA,NA,NA,32600,0,"06/30/2025",2100,0
"H8MI11254","STEVENS, HALEY","I",1,"DEM",1559030.05,0,2276428.08,1244042.89,753735.56,36337.53,0,0,0,0,0,0,808903.75,"MI",11,NA,NA,NA,NA,NA,488000,0,"06/30/2025",39718.33,32500
"H8MI13250","TLAIB, RASHIDA","I",1,"DEM",842390.94,119115.37,682561.33,0,4263554.98,4423384.59,0,0,0,0,0,0,706253.07,"MI",12,NA,NA,NA,NA,NA,11000,0,"06/30/2025",6502,0
"H2MI13311","ELLIOTT, STEVEN","C",2,"REP",989.6,0,32976.39,0,31986.79,0,0,0,0,0,0,0,916,"MI",12,NA,NA,NA,NA,NA,0,0,"06/19/2025",0,0
"H2MI13204","THANEDAR, SHRI","I",1,"DEM",1064603.12,0,87895.97,0,6904567.7,7881274.85,0,0,0,0,0,11470000,53784.15,"MI",13,NA,NA,NA,NA,NA,24000,0,"06/30/2025",252,0
"H2MI13246","HOLLIER, ADAM","C",1,"DEM",277335.26,0,117172.06,0,198173.32,358336.52,0,0,0,0,0,0,268835.26,"MI",13,NA,NA,NA,NA,NA,8500,0,"06/30/2025",-17800,0
"H6MI13254","MCKINNEY, DONAVAN","C",1,"DEM",272141.15,0,55462.82,0,0,216678.33,0,0,0,0,0,0,247781.94,"MI",13,NA,NA,NA,NA,NA,24358.97,0,"06/30/2025",58.33,0
"H2MN01223","FINSTAD, BRAD","I",2,"REP",518697.54,48742.88,273423.7,0,61409.23,306683.07,0,0,0,0,0,0,259454.65,"MN",1,NA,NA,NA,NA,NA,210500,0,"06/30/2025",6250,0
"H6MN01190","JOHNSON, JACOB","C",3,"DFL",264104.05,0,109221.38,0,0,154882.67,1241.8,0,0,0,0,0,260789.78,"MN",1,NA,NA,NA,NA,NA,2000,0,"06/30/2025",10,0
"H6MN01208","SMITH, ANDY","C",3,"DFL",0,0,0,0,0,0,0,0,0,0,0,0,0,"MN",1,NA,NA,NA,NA,NA,0,0,"05/08/2025",0,0
"H6MN02131","CRAIG, ANGELA DAWN","I",1,"DEM",1401604.88,1201.69,1399176.68,588595.47,23602.41,26030.61,0,0,0,373000,0,0,877178.76,"MN",2,NA,NA,NA,NA,NA,493240,1032.67,"06/30/2025",22577.33,32000
"H6MN02248","KLEIN, MATTHEW DAVID","C",1,"DEM",214274.66,0,25314.84,0,0,188959.82,605,0,0,0,0,0,193669.66,"MN",2,NA,NA,NA,NA,NA,20000,0,"06/30/2025",0,0
"H6MN02255","KISTNER, TYLER","C",2,"REP",100273.73,40523.9,26088.52,0,0,74185.21,0,0,0,0,0,0,57938.83,"MN",2,NA,NA,NA,NA,NA,1811,0,"06/30/2025",3,0
"H6MN02222","STEFANKO, MICHAEL","C",3,"DFL",935.91,0,935.91,0,0,0,935.91,0,0,0,0,0,0,"MN",2,NA,NA,NA,NA,NA,0,0,"05/16/2025",0,0
"H6MN02230","LITTLE, MATT","C",3,"DFL",306400.37,0,54294.28,0,0,252106.09,0,115000,0,0,0,115000,191400.37,"MN",2,NA,NA,NA,NA,NA,0,0,"06/30/2025",0,0
"H4MN03118","MORRISON, KELLY LOUISE","I",3,"DFL",394873.28,0,265861.4,0,25388.55,154400.43,7000,0,0,0,0,0,329574.17,"MN",3,NA,NA,NA,NA,NA,57500,0,"06/30/2025",8525,0
"H0MN04049","MCCOLLUM, BETTY","I",1,"DEM",478332.69,0,359791.13,0,554918.77,673460.33,0,0,0,0,0,0,314941.45,"MN",4,NA,NA,NA,NA,NA,161500,1000,"06/30/2025",500,0
"H0MN05251","AL-AQIDI, DALIA","C",2,"REP",292743.74,0,300444.38,0,38918.88,31218.24,0,0,0,0,0,0,289047.72,"MN",5,NA,NA,NA,NA,NA,0,0,"06/30/2025",2938.94,0
"H8MN05239","OMAR, ILHAN","I",3,"DFL",1344447.17,69265.37,1090762.57,0,324220.63,577905.23,0,0,0,0,0,0,1254087.91,"MN",5,NA,NA,NA,NA,NA,15728.5,0,"06/30/2025",15155.74,0
"H4MN06087","EMMER, THOMAS EARL JR.","I",2,"REP",3903463.63,2440375.97,1794187.13,0,1688451.83,3797728.33,0,0,0,0,0,0,562622.49,"MN",6,NA,NA,NA,NA,NA,896750,0,"06/30/2025",635,0
"H0MN07091","FISCHBACH, MICHELLE","I",2,"REP",310525.01,15022.75,193646.16,0,411080.51,527959.36,0,0,0,0,0,0,104244.16,"MN",7,NA,NA,NA,NA,NA,191250,0,"06/30/2025",0,0
"H6MN07312","OSBERG, ERIK","C",3,"DFL",49008.12,0,16677.89,0,0,32330.23,519.14,0,0,0,0,0,48488.79,"MN",7,NA,NA,NA,NA,NA,0,0,"06/30/2025",0,0
"H8MN08043","STAUBER, PETER ALLEN","I",2,"REP",614915.29,38129.32,365487.69,0,528493.55,777921.15,0,0,0,0,0,0,271787.29,"MN",8,NA,NA,NA,NA,NA,272000,2500,"06/30/2025",357.4,5166.27
"H4MO01134","BELL, WESLEY","I",1,"DEM",685635.89,0,476880.61,0,433920.89,642676.17,0,0,0,0,0,0,561334.29,"MO",1,NA,NA,NA,NA,NA,121550,0,"06/30/2025",0,0
"H4MO02090","SUMMERS, CHARLES DAVID MR.","C",1,"DEM",8628,0,4036.79,0,0,6421.39,0,7250,0,0,0,4200,1378,"MO",2,NA,NA,NA,NA,NA,0,0,"06/30/2025",0,0
"H6MO02327","BILASH, TIM D","C",1,"DEM",470,0,534.8,0,469.67,404.87,0,470,0,0,0,0,0,"MO",2,NA,NA,NA,NA,NA,0,0,"06/30/2025",0,0
"H2MO02102","WAGNER, ANN L.","I",2,"REP",1161450.4,104171.36,551957.37,40,3111229.4,3720722.43,0,0,0,0,0,0,656472.13,"MO",2,NA,NA,NA,NA,NA,393342.86,0,"06/30/2025",21399.85,5500
"H2MO03167","MANN, BETHANY","C",1,"DEM",485,0,4214.57,0,4427.34,697.77,0,0,0,0,0,0,485,"MO",3,NA,NA,NA,NA,NA,0,0,"06/30/2025",0,0
"H4MO03221","ONDER, ROBERT FOR JR.","I",2,"REP",231156.63,3500,226261.25,4042,150444.14,155339.52,0,0,0,0,0,9e+05,124139.3,"MO",3,NA,NA,NA,NA,NA,93500,0,"06/30/2025",526.74,2500
"H8MO09146","ONDER JR, ROBERT FRANK","C",2,"REP",231156.63,3500,226261.25,4042,150444.14,155339.52,0,0,0,0,0,9e+05,124139.3,"MO",3,NA,NA,NA,NA,NA,93500,0,"06/30/2025",526.74,2500
"H6MO04240","DANA, RICKY MR","C",1,"DEM",50,0,2,0,0,48,50,0,0,0,0,0,0,"MO",4,NA,NA,NA,NA,NA,0,0,"06/30/2025",0,0
"H2MO04207","ALFORD, MARK","I",2,"REP",358561,0,163506.08,0,217408.3,412463.22,0,0,0,0,0,0,225909,"MO",4,NA,NA,NA,NA,NA,132652,0,"06/30/2025",0,0
"H4MO05234","CLEAVER, EMANUEL II","I",1,"DEM",279282.82,0,351849.92,0,889626.82,817059.72,0,0,0,0,0,0,80518.01,"MO",5,NA,NA,NA,NA,NA,198750,0,"06/30/2025",0,0
"H6MO05254","HERRERA, JORDAN","",1,"DEM",5600.06,0,0,0,0,5600.06,3158.97,0,0,0,0,0,2441.09,"MO",5,NA,NA,NA,NA,NA,0,0,"06/30/2025",0,0
"H6MO06260","SMEAD, JOSH","C",1,"DEM",7267.25,0,3254.17,0,0,4013.08,1729.25,0,0,0,0,0,5538,"MO",6,NA,NA,NA,NA,NA,0,0,"06/30/2025",0,0
"H6MO06278","LEVINE, MATTHEW","C",1,"DEM",1570,0,1304,0,0,266,425,0,0,0,0,0,1145,"MO",6,NA,NA,NA,NA,NA,0,0,"06/30/2025",0,0
"H0MO06073","GRAVES, SAMUEL B. JR.","I",2,"REP",776576,64824.23,348745.97,0,2402781.67,2830611.7,0,0,0,0,0,56784.43,212906.05,"MO",6,NA,NA,NA,NA,NA,461300,0,"06/30/2025",0,0
"H4MO07156","HESKETH, MISSI","C",1,"DEM",3031.56,0,3230.64,0,5137.79,4938.71,0,0,0,0,0,0,3031.56,"MO",7,NA,NA,NA,NA,NA,0,0,"06/30/2025",0,0
"H2MO07143","BURLISON, ERIC","I",2,"REP",477386.74,0,325964.92,0,601387.57,752809.39,0,0,0,0,0,0,398549.84,"MO",7,NA,NA,NA,NA,NA,73000,0,"06/30/2025",0,0
"H4MO08162","SMITH, JASON T","I",2,"REP",2476134.29,556180.12,1202006.64,0,3017143.96,4291271.61,0,0,0,0,0,0,625221.06,"MO",8,NA,NA,NA,NA,NA,1286500,0,"06/30/2025",2667,2000
"H4MP01022","KING-HINDS, KIMBERLYN KAY","I",2,"REP",9115.43,0,11094.35,0,7469.1,5490.18,0,0,0,0,0,0,3025,"MP",1,NA,NA,NA,NA,NA,6090.43,0,"06/30/2025",0,0
"H6MS01131","KELLY, JOHN TRENT","I",2,"REP",282757.68,0,271570.62,40000,608858.53,620045.59,0,0,0,0,0,0,129495.8,"MS",1,NA,NA,NA,NA,NA,153256.9,0,"06/30/2025",0,0
"H4MS02068","THOMPSON, BENNIE G.","I",1,"DEM",237464.71,0,143940.1,0,1626164.23,1719688.84,0,0,0,0,0,0,65105.16,"MS",2,NA,NA,NA,NA,NA,169296.5,3000,"06/30/2025",0,0
"H8MS03125","GUEST, MICHAEL PATRICK","I",2,"REP",129762.53,0,141624.7,0,511345.44,499483.27,0,0,0,0,0,0,60523.95,"MS",3,NA,NA,NA,NA,NA,68500,0,"06/30/2025",0,0
"H2MS04258","EZELL, WALTER MICHAEL","I",2,"REP",177210.8,0,145863.33,0,151465.05,182812.52,0,0,0,0,0,0,68704.95,"MS",4,NA,NA,NA,NA,NA,108500,0,"06/30/2025",4000,2200
"H6MS04226","MILLS, JOHN RALPH III","",2,"REP",10311,0,12216.55,0,2057.94,152.39,0,8750,0,362.23,0,100005.26,1561,"MS",4,NA,NA,NA,NA,NA,0,0,"06/30/2025",0,0
"H6MT01103","CLEVELAND, RUSSELL TYLER","C",1,"DEM",19618.25,0,2285.94,0,0,17332.31,105.15,0,0,0,0,0,19513.1,"MT",1,NA,NA,NA,NA,NA,0,0,"06/30/2025",0,0
"H4MT01041","ZINKE, RYAN K","I",2,"REP",2064030.64,629735.45,989356.54,0,680531.01,1755205.11,0,0,0,0,0,0,1220048.66,"MT",1,NA,NA,NA,NA,NA,200027.55,0,"06/30/2025",5830.93,5445.55
"H4MT02098","DOWNING, TROY","I",2,"REP",472008.44,55588.72,420181.59,0,111530.5,163357.35,0,0,0,0,0,2008670.84,260684.12,"MT",2,NA,NA,NA,NA,NA,152777.55,0,"06/30/2025",1813.83,0
"H2NC02287","DAVIS, DON","I",1,"DEM",1017161.84,37700,175606.87,0,270841.74,1112396.71,0,0,0,0,0,0,457136.77,"NC",1,NA,NA,NA,NA,NA,519250,874.91,"06/30/2025",6369.14,3000
"H2NC02253","ROBERSON, SANDY","C",2,"REP",2264025,0,55686.82,0,9426.85,2217765.03,0,2e+06,0,0,0,3032020,253025,"NC",1,NA,NA,NA,NA,NA,11000,0,"06/30/2025",5000,1500
"H0NC02125","ROSS, DEBORAH","I",1,"DEM",556902.05,0,357660.86,176000,737510.39,936751.58,0,0,0,0,0,0,351593.44,"NC",2,NA,NA,NA,NA,NA,195500,0,"06/30/2025",160.71,0
"H6NC03187","SCHULTE, CHRIS","C",1,"DEM",35929.25,0,31965.52,0,0,3963.73,0,0,0,0,0,4068.7,35909.25,"NC",3,NA,NA,NA,NA,NA,0,20,"06/30/2025",0,0
"H0NC03172","MURPHY, GREGORY FRANCIS DR.","I",2,"REP",790037.5,76425.86,273195.11,0,1583462.29,2100304.68,0,0,0,0,0,46043.15,389020.63,"NC",3,NA,NA,NA,NA,NA,321624,0,"06/30/2025",-4059.97,0
"H2NC06114","FOUSHEE, VALERIE","I",1,"DEM",134455.35,0,124220.58,0,85695.59,95930.36,0,0,0,0,0,0,63148.15,"NC",4,NA,NA,NA,NA,NA,70900,0,"06/30/2025",58,0
"H4NC05294","HUBBARD, CHUCK","C",1,"DEM",89467.4,0,81586.05,0,7396.01,15277.36,0,0,0,0,0,20000,89467.32,"NC",5,NA,NA,NA,NA,NA,0,0,"06/30/2025",20,0
"H4NC05146","FOXX, VIRGINIA ANN","I",2,"REP",665110.92,0,395410.95,5000,2911268.58,3180968.55,0,0,0,0,0,0,419517.1,"NC",5,NA,NA,NA,NA,NA,117915.7,0,"06/30/2025",0,0
"H6NC05133","CLAYTON, DAVID","C",3,"IND",8112.23,0,4224.17,0,0,3888.06,0,0,0,0,0,0,8112.22,"NC",5,NA,NA,NA,NA,NA,0,0,"06/30/2025",0,0
"H4NC06177","MCDOWELL, ADDISON","I",2,"REP",515609.83,0,258366.64,0,7322.89,264566.08,0,0,0,0,0,0,328944.55,"NC",6,NA,NA,NA,NA,NA,161500,0,"06/30/2025",4978.82,3500
"H2NC07096","ROUZER, DAVID","I",2,"REP",617189.35,0,306689.24,0,1435525.71,1746025.82,0,0,0,0,0,0,243278.04,"NC",7,NA,NA,NA,NA,NA,373800,0,"06/30/2025",1500,0
"H4NC08066","HARRIS, MARK E","I",2,"REP",196116.47,8851.66,104967.76,0,107532.72,198681.43,0,0,0,30000,0,0,113001.18,"NC",8,NA,NA,NA,NA,NA,70000,250,"06/30/2025",0,0
"H6NC09200","HARRIS, MARK E","C",2,"REP",196116.47,8851.66,104967.76,0,107532.72,198681.43,0,0,0,30000,0,0,113001.18,"NC",8,NA,NA,NA,NA,NA,70000,250,"06/30/2025",0,0
"H4NC09171","BRISTOW, NIGEL WILLIAM","C",1,"DEM",0,0,0,0,1685,1685,0,0,0,0,0,0,0,"NC",9,NA,NA,NA,NA,NA,0,0,"03/31/2025",0,0
"H6NC09218","OJEDA, RICHARD N.","C",1,"DEM",754459.3,0,453007.68,0,0,301451.62,0,0,0,0,0,0,750618.08,"NC",9,NA,NA,NA,NA,NA,3841.22,0,"06/30/2025",2554.33,0
"H2NC08185","HUDSON, RICHARD L. JR.","I",2,"REP",1227349.34,316543.9,723768.77,0,631733.29,1135313.86,0,0,0,0,0,0,291218.87,"NC",9,NA,NA,NA,NA,NA,614202.88,0,"06/30/2025",0,0
"H6NC10174","BELL, ASHLEY","C",1,"DEM",2000.5,0,757.49,0,0,1243.01,712.5,0,0,0,0,0,1288,"NC",10,NA,NA,NA,NA,NA,0,0,"06/30/2025",0,0
"H2NC13243","HARRIGAN, PAT","I",2,"REP",387103.79,26229.88,222423.77,0,52841.35,217521.37,0,0,0,99590.9,0,0,241540.22,"NC",10,NA,NA,NA,NA,NA,119300,0,"06/30/2025",2270.75,0
"H6NC11206","HARJES, CHRISTOPHER JOHN","C",1,"DEM",70360.81,0,13637.87,0,0,56722.94,50192.58,0,0,0,0,0,20168,"NC",11,NA,NA,NA,NA,NA,0,0,"06/30/2025",0,0
"H6NC11214","BRIARWOOD, ZELDA","C",1,"DEM",13761.25,0,2018.1,0,0,11743.15,0,11070.25,0,0,0,11070.25,2691,"NC",11,NA,NA,NA,NA,NA,0,0,"06/30/2025",0,0
"H6NC11222","DAVIS, MORRIS D. COL.","C",1,"DEM",81609.97,0,11018.62,0,0,70591.35,0,0,0,0,0,0,81609.97,"NC",11,NA,NA,NA,NA,NA,0,0,"06/30/2025",0,0
"H2NC14050","EDWARDS, CHUCK","I",2,"REP",134555.08,1935.64,80034.83,0,108764.04,163284.29,0,0,0,0,0,936.49,59549.44,"NC",11,NA,NA,NA,NA,NA,69500,0,"06/30/2025",0,0
"H4NC12100","ADAMS, ALMA SHEALEY","I",1,"DEM",54810.72,0,214336.57,150000,573409.37,413883.52,0,0,0,0,0,0,10310.72,"NC",12,NA,NA,NA,NA,NA,44500,0,"06/30/2025",12.5,0
"H4NC13157","PIERCE, FRANK","C",1,"DEM",0,0,497.4,0,1335.96,838.56,0,0,0,0,0,1651.09,0,"NC",13,NA,NA,NA,NA,NA,0,0,"06/30/2025",0,0
"H6NC13228","BARRINGER, PAUL","C",1,"DEM",203337.49,0,19605.71,0,0,183731.78,0,106000,0,0,0,106000,97337.49,"NC",13,NA,NA,NA,NA,NA,0,0,"06/30/2025",0,0
"H4NC13066","MCCONKEY, JOSH","C",2,"REP",0,0,14032.73,0,14032.73,0,0,0,0,0,0,340100,0,"NC",13,NA,NA,NA,NA,NA,0,0,"06/21/2025",0,0
"H4NC13116","KNOTT, BRAD","I",2,"REP",391415.61,40351.87,155204.17,0,17260.1,253471.54,0,0,0,0,0,760482.71,163347.3,"NC",13,NA,NA,NA,NA,NA,184600,0,"06/30/2025",1.62,0
"H4NC14015","MOORE, TIM","I",2,"REP",663056.75,0,300466.34,0,923566.56,1286156.97,0,0,0,0,0,0,539772.75,"NC",14,NA,NA,NA,NA,NA,122900,0,"06/30/2025",202.04,2650
"H4ND00061","FEDORCHAK, JULIE","I",2,"REP",341961.64,7607.77,204356.72,0,329327.94,466932.86,0,0,0,0,0,0,72753.86,"ND",0,NA,NA,NA,NA,NA,261600.01,0,"06/30/2025",0,0
"H2NE01118","FLOOD, MIKE","I",2,"REP",760431.43,115920,290623.84,0,220781.77,690589.36,0,0,0,65000,0,6045.9,336511.43,"NE",1,NA,NA,NA,NA,NA,308000,0,"06/30/2025",5000,0
"H6NE02166","JOHNSTON, MARK EDMUND","O",1,"DEM",7356.58,0,5373.32,0,0,1983.26,3899.58,0,0,0,0,0,3457,"NE",2,NA,NA,NA,NA,NA,0,0,"06/30/2025",0,0
"H6NE02174","POWELL, DENISE","O",1,"DEM",429739.66,0,89618.11,0,0,340121.55,7000,0,0,0,0,0,413239.66,"NE",2,NA,NA,NA,NA,NA,9500,0,"06/30/2025",4,0
"H6NE02190","CAVANAUGH, JOHN","O",1,"DEM",130341.26,0,3218.37,0,0,127122.89,0,0,0,0,0,0,128091.26,"NE",2,NA,NA,NA,NA,NA,2250,0,"06/30/2025",0,0
"H6NE02125","BACON, DONALD J","I",2,"REP",1466043.38,533016.62,483410.57,0,198433.63,1181066.44,0,0,0,0,0,0,405083.45,"NE",2,NA,NA,NA,NA,NA,527750,0,"06/30/2025",16500,0
"H6NE03180","STILLE, BECKY LYNN","C",1,"DEM",28160.92,0,23646.93,0,0,4513.99,0,28080.66,0,0,0,28080.66,80.26,"NE",3,NA,NA,NA,NA,NA,0,0,"06/30/2025",0,0
"H6NE03115","SMITH, ADRIAN","I",2,"REP",622437.61,6844.2,325897.36,0,928233,1224773.25,0,0,0,0,0,0,169641.98,"NE",3,NA,NA,NA,NA,NA,428500,0,"06/30/2025",1333,0
"H6NE03172","HUEBNER, DAVID P. MR.","C",2,"REP",9951,0,5214.71,0,0,4736.29,0,0,0,0,0,0,9951,"NE",3,NA,NA,NA,NA,NA,0,0,"06/30/2025",0,0
"H6NH01321","SHAHEEN, STEFANY","C",1,"DEM",532286.09,0,29364.42,0,0,502921.67,7000,0,0,0,0,0,496786.02,"NH",1,NA,NA,NA,NA,NA,28500,0,"06/30/2025",0,0
"H6NH01339","BERIONT, CARLEIGH","C",1,"DEM",162152.25,0,8660.66,0,0,153491.59,0,0,0,0,0,0,162152.25,"NH",1,NA,NA,NA,NA,NA,0,0,"06/30/2025",0,0
"H8NH01186","SULLIVAN, MAURA CORBY","C",1,"DEM",792282.25,10692.2,187629.83,0,7222.84,611875.26,0,0,0,0,0,0,743963.48,"NH",1,NA,NA,NA,NA,NA,37500,0,"06/30/2025",28050,0
"H8NH01210","PAPPAS, CHRIS","I",1,"DEM",2470766.21,9135.88,862562.87,0,407584.23,2015787.57,0,0,0,0,0,0,1992400.31,"NH",1,NA,NA,NA,NA,NA,467050,500,"06/30/2025",4178.82,5000
"H4NH01276","BRIGHT, CHRIS","C",2,"REP",0,0,1618.5,0,1848.23,229.73,0,0,0,0,0,186500,0,"NH",1,NA,NA,NA,NA,NA,0,0,"06/30/2025",0,0
"H4NH02399","GOODLANDER, MAGGIE","I",1,"DEM",1048392.45,12000,343393.75,0,57997.85,762996.55,0,0,0,0,0,0,938091.89,"NH",2,NA,NA,NA,NA,NA,96750,0,"06/30/2025",669,0
"H2NH02260","WILLIAMS, LILY TANG","C",2,"REP",253145.71,0,64540.46,0,129479.6,318084.85,0,80000,0,0,0,80000,172800.91,"NH",2,NA,NA,NA,NA,NA,0,0,"06/30/2025",1423.49,0
"H4NJ01084","NORCROSS, DONALD W","I",1,"DEM",393687.15,0,167113.95,0,1707488.33,1934061.53,0,0,0,0,0,0,155812.44,"NJ",1,NA,NA,NA,NA,NA,212500,0,"06/30/2025",0,0
"H6NJ02228","WINDER, BAYLY PHILIP CHRISTOPER","C",1,"DEM",171552.31,0,8662.46,0,0,162889.85,7005,0,0,0,0,0,164547.3,"NJ",2,NA,NA,NA,NA,NA,0,0,"06/30/2025",0,0
"H8NJ02166","VAN DREW, JEFF MR","I",2,"REP",569244.41,400,386966.33,0,762430.4,944708.48,0,0,0,0,0,5000,476826.75,"NJ",2,NA,NA,NA,NA,NA,91770.51,0,"06/30/2025",0,0
"H4NJ03080","CONAWAY, HERB MD","I",1,"DEM",440560.15,0,189059.29,25000,37414.34,288915.2,0,0,0,0,0,0,197944.84,"NJ",3,NA,NA,NA,NA,NA,240374.5,0,"06/30/2025",84,0
"H8NJ04014","SMITH, CHRISTOPHER H","I",2,"REP",169409.77,0,132889.33,0,364065.17,400585.61,0,0,0,0,0,0,66036.68,"NJ",4,NA,NA,NA,NA,NA,102358.34,1000,"06/30/2025",0,0
"H6NJ05171","GOTTHEIMER, JOSH","I",1,"DEM",310414.1,201.07,12128478.09,0,20712493.06,8894429.07,0,0,0,0,0,0,86561.51,"NJ",5,NA,NA,NA,NA,NA,88500,0,"06/30/2025",362.86,-750
"H4NJ05150","GUINCHARD, MARY JO-ANN","C",2,"REP",115631.52,0,21709.37,0,1914.72,95836.87,0,1e+05,0,0,0,341038.9,15600.5,"NJ",5,NA,NA,NA,NA,NA,0,0,"06/30/2025",0,0
"H0NJ06214","HSU, JOHN","",1,"DEM",9191,0,8346.02,0,0,844.98,0,0,0,0,0,1925.86,9191,"NJ",6,NA,NA,NA,NA,NA,0,0,"06/30/2025",0,0
"H6NJ06260","BANSIL, KATIE","C",1,"DEM",11544.36,0,13177.12,0,1653.67,20.91,7000,0,0,0,0,0,4544.36,"NJ",6,NA,NA,NA,NA,NA,0,0,"06/30/2025",0,0
"H8NJ03073","PALLONE, FRANK JR","I",1,"DEM",729596.02,0,576990.79,0,3071910.32,3224515.55,0,0,0,0,0,0,207606.8,"NJ",6,NA,NA,NA,NA,NA,507250.01,0,"06/30/2025",0,1000
"H2NJ08265","VARELA, BRIAN","C",1,"DEM",693883.17,0,71856.51,0,0,622026.66,10,4e+05,0,0,0,4e+05,293871,"NJ",7,NA,NA,NA,NA,NA,0,0,"06/30/2025",0,0
"H4NJ07131","VARTAN, GREGORY III","C",1,"DEM",157020.59,0,106150.28,0,28109.63,78979.94,2500,0,0,0,0,0,153926,"NJ",7,NA,NA,NA,NA,NA,391.2,0,"06/30/2025",0,0
"H6NJ07201","BENNETT, REBECCA","C",1,"DEM",913847.22,17254.2,241629.81,0,0,672217.41,0,0,0,0,0,0,875593.02,"NJ",7,NA,NA,NA,NA,NA,21000,0,"06/30/2025",105,0
"H6NJ07219","GARTH, MICHAEL JOSEPH","C",1,"DEM",500,0,61.81,0,0,438.19,500,0,0,0,0,0,0,"NJ",7,NA,NA,NA,NA,NA,0,0,"06/07/2025",0,0
"H6NJ07235","ROTH, MICHAEL","C",1,"DEM",302880.37,0,77636.89,0,0,225243.48,7875.04,0,0,0,0,6898.74,295005.33,"NJ",7,NA,NA,NA,NA,NA,0,0,"06/30/2025",0,0
"H0NJ07261","KEAN, THOMAS H. JR.","I",2,"REP",1902209.09,658854.5,441475.9,0,48286.67,1509019.86,0,0,0,0,0,22664.16,775710.68,"NJ",7,NA,NA,NA,NA,NA,462339.91,5000,"06/30/2025",8514.92,0
"H2NJ08232","MENENDEZ, ROBERT J.","I",1,"DEM",376111.85,0,219945.84,0,276685.56,432851.57,0,0,0,0,0,0,200851.5,"NJ",8,NA,NA,NA,NA,NA,172039,0,"06/30/2025",1200,1000
"H6NJ08183","BARILLA, RICHARD JOSEPH","C",3,"IND",5600,0,1659.32,0,0,3940.68,5600,0,0,0,0,0,0,"NJ",8,NA,NA,NA,NA,NA,0,0,"03/31/2025",0,0
"H4NJ09194","POU, NELIDA","I",1,"DEM",854637.47,28750,227410.67,0,152473.56,779700.36,0,0,0,0,0,0,396541.03,"NJ",9,NA,NA,NA,NA,NA,428550,172.04,"06/30/2025",500,0
"H4NJ10176","MCIVER, LAMONICA","I",1,"DEM",816847.19,0,351678.74,0,163212.47,628380.92,0,0,0,0,0,0,566247.19,"NJ",10,NA,NA,NA,NA,NA,250600,0,"06/30/2025",1711,0
"H6NJ11187","WILLIAMS, ANNA LEE","C",1,"DEM",5025,0,0,0,0,5025,0,0,0,0,0,0,5025,"NJ",11,NA,NA,NA,NA,NA,0,0,"06/30/2025",0,0
"H8NJ11142","SHERRILL, MIKIE","I",1,"DEM",21554,0,189140.54,0,184065.51,16478.97,0,0,0,0,0,0,500,"NJ",11,NA,NA,NA,NA,NA,0,0,"06/30/2025",3930,0
"H4NJ12149","COLEMAN, BONNIE WATSON","I",1,"DEM",200211.65,0,140646.84,0,39378.09,98942.9,0,0,0,0,0,0,122711.65,"NJ",12,NA,NA,NA,NA,NA,77500,0,"06/30/2025",250,0
"H6NJ12250","LITTLE, KYLE D","C",1,"DEM",8986.59,0,1872.12,0,7114.07,14228.54,0,0,0,0,0,0,8986.59,"NJ",12,NA,NA,NA,NA,NA,0,0,"06/30/2025",0,0
"H2NJ12127","MAYFIELD, DARIUS","C",2,"REP",300.51,0,432,0,131.49,0,300.51,0,0,0,0,0,0,"NJ",12,NA,NA,NA,NA,NA,0,0,"01/23/2025",0,0
"H2NM01144","STANSBURY, MELANIE","I",1,"DEM",418899.35,6500,296362.98,0,145708.66,268245.03,0,0,0,0,0,0,325437.14,"NM",1,NA,NA,NA,NA,NA,85078.76,0,"06/30/2025",411.5,0
"H4NM01140","JONES, STEVE","C",2,"REP",3449.57,0,2949.57,0,25581.18,26081.18,0,2949.57,0,0,0,195503.65,500,"NM",1,NA,NA,NA,NA,NA,0,0,"06/30/2025",0,0
"H6NM01129","OKPAREKE, NDIDIAMAKA","C",2,"REP",200,0,0,0,0,200,0,0,0,0,0,0,200,"NM",1,NA,NA,NA,NA,NA,0,0,"06/30/2025",0,0
"H2NM02191","VASQUEZ, GABRIEL","I",1,"DEM",878630.98,29500,291696.47,0,39085.13,626019.64,0,0,0,0,0,0,523653.93,"NM",2,NA,NA,NA,NA,NA,322272.8,1937.54,"06/30/2025",2276.5,250
"H6NM02119","ARAGON, EDDY","C",2,"REP",3214.75,0,126.67,0,0,3088.08,0,0,0,0,0,0,3214.75,"NM",2,NA,NA,NA,NA,NA,0,0,"06/30/2025",0,0
"H0NM03102","LEGER FERNANDEZ, TERESA","I",1,"DEM",374013.97,500,298237.7,0,407925.57,483701.84,0,0,0,0,0,0,340872.1,"NM",3,NA,NA,NA,NA,NA,31500,0,"06/30/2025",170,0
"H6NV01323","PERESZLENYI, ALEX","C",1,"DEM",2641,0,867.21,0,0,1773.79,682,0,0,0,0,0,1959,"NV",1,NA,NA,NA,NA,NA,0,0,"06/30/2025",0,0
"H8NV03036","TITUS, DINA","I",1,"DEM",380152.86,16750,51587.97,0,155363.56,483928.45,0,0,0,0,0,0,109773.89,"NV",1,NA,NA,NA,NA,NA,253500,128.97,"06/30/2025",50,0
"H4NV01237","BORIS, MICHAEL","C",2,"REP",0,0,0,0,0,0,0,0,0,0,0,23752.79,0,"NV",1,NA,NA,NA,NA,NA,0,0,"03/31/2025",0,0
"H6NV01307","MARCHANT, JIM","C",2,"REP",3681.5,0,3673.37,0,0,8.13,0,0,0,0,0,0,3681.5,"NV",1,NA,NA,NA,NA,NA,0,0,"06/30/2025",0,0
"H6NV01315","KHAN, AFZAL","C",2,"REP",3699.2,0,2622.19,0,0,1077.01,0,0,3466,0,0,3466,233.2,"NV",1,NA,NA,NA,NA,NA,0,0,"06/30/2025",0,0
"H2NV02395","AMODEI, MARK EUGENE","I",2,"REP",230874.44,0,158874.53,0,361040.61,433040.52,0,0,0,0,0,9000,132624.44,"NV",2,NA,NA,NA,NA,NA,98250,0,"06/30/2025",0,0
"H6NV04020","LEE, SUSIE","I",1,"DEM",1044655.73,42957.38,288041.03,0,466654.54,1223269.24,0,0,0,0,0,0,595739.75,"NV",3,NA,NA,NA,NA,NA,374825,1557.46,"06/30/2025",2260.83,2500
"H4NV03175","LONDON, STEVEN","C",2,"REP",42069.94,0,42069.94,0,0,0,42069.94,0,0,0,0,0,0,"NV",3,NA,NA,NA,NA,NA,0,0,"06/30/2025",0,0
"H6NV03196","BRANDLIN, CHRISTOPHER PAUL","C",2,"REP",149269.73,0,58188.62,0,0,91081.11,31665.73,108179,0,0,0,108179,9425,"NV",3,NA,NA,NA,NA,NA,0,0,"06/30/2025",0,0
"H6NV03204","O'DONNELL, MARTY","C",2,"REP",3013690.89,0,63746.97,0,0,2949943.92,0,3e+06,0,0,0,3e+06,12787.48,"NV",3,NA,NA,NA,NA,NA,0,0,"06/30/2025",7.29,0
"H6NV03212","NAGY, AURY","C",2,"REP",52155,0,25207.31,0,0,26947.69,0,20000,0,0,0,20000,32155,"NV",3,NA,NA,NA,NA,NA,0,0,"06/30/2025",0,0
"H6NV03220","ANDERSON, TERA","C",2,"REP",127940,0,29244.33,0,0,98695.67,0,50100,0,0,0,50100,77840,"NV",3,NA,NA,NA,NA,NA,0,0,"06/30/2025",0,0
"H6NV03238","KENNEDY, RONDA","C",2,"REP",0,0,0,0,0,0,0,0,0,0,0,0,0,"NV",3,NA,NA,NA,NA,NA,0,0,"07/17/2025",0,0
"H2NV04011","HORSFORD, STEVEN ALEXZANDER","I",1,"DEM",906136.3,17151.08,423228.44,0,6290.51,489198.37,0,0,0,0,0,98380.98,341187.42,"NV",4,NA,NA,NA,NA,NA,538517.93,1420.88,"06/30/2025",1001.8,0
"H4NV04108","FLIPPO, DAVID","C",2,"REP",540591.89,0,164740.86,0,4161.21,380012.24,30000,325000,0,0,0,403000,185514.73,"NV",4,NA,NA,NA,NA,NA,0,0,"06/30/2025",57700,0
"H6NV04111","WHIPPLE, CODY K","C",2,"REP",178140,0,3942.97,0,0,174197.03,0,1e+05,0,0,0,1e+05,78140,"NV",4,NA,NA,NA,NA,NA,0,0,"06/30/2025",0,0
"H6NV04129","HILL, AARON DR.","C",2,"REP",48442.56,0,43870.58,0,0,4571.98,0,0,0,0,0,0,48440.51,"NV",4,NA,NA,NA,NA,NA,0,0,"06/30/2025",0,0
"H6NY01134","VENTOURAS, LUKAS","C",1,"DEM",8709.5,0,9379.21,0,87.59,1544.42,2700,0,0,0,0,0,5954.3,"NY",1,NA,NA,NA,NA,NA,0,0,"06/30/2025",0,0
"H2NY01190","NICK, LALOTA","I",2,"REP",1266597.82,601469.04,200479.05,999.99,676077.66,1742196.43,0,0,0,0,0,0,339269.3,"NY",1,NA,NA,NA,NA,NA,286500,0,"06/30/2025",1312.68,0
"H6NY02132","TAVERAS, JOSHUA J","C",1,"DEM",815.01,0,711.46,0,0,103.55,25,0,0,0,0,0,790.01,"NY",2,NA,NA,NA,NA,NA,0,0,"06/30/2025",0,0
"H0NY02234","GARBARINO, ANDREW","I",2,"REP",842916.13,95177.95,349425.23,0,1545606.29,2039097.19,0,0,0,0,0,0,164092.62,"NY",2,NA,NA,NA,NA,NA,564500,0,"06/30/2025",0,0
"H6NY03247","SUOZZI, THOMAS","I",1,"DEM",1393556.03,19250,378677.7,0,2034341.17,3049219.5,0,0,0,0,0,0,855684.59,"NY",3,NA,NA,NA,NA,NA,518050,464.68,"06/30/2025",13707.63,0
"H2NY04244","GILLEN, LAURA","C",1,"DEM",1337131.34,58525,309899.81,0,23203.32,1050434.85,0,0,0,0,0,0,894384.13,"NY",4,NA,NA,NA,NA,NA,358500,1173.9,"06/30/2025",9700.98,0
"H4NY04158","GILLEN, LAURA","I",1,"DEM",1337131.34,58525,309899.81,0,23203.32,1050434.85,0,0,0,0,0,0,894384.13,"NY",4,NA,NA,NA,NA,NA,358500,1173.9,"06/30/2025",9700.98,0
"H4NY04174","JONES, GIAN A","C",1,"DEM",0,0,0,0,9582.92,9582.92,0,0,0,0,0,2348,0,"NY",4,NA,NA,NA,NA,NA,0,0,"06/30/2025",0,0
"H8NY06048","MEEKS, GREGORY W.","I",1,"DEM",579488.17,89298.95,812179.79,0,2228552.07,1995860.45,0,0,0,0,0,0,165149.24,"NY",5,NA,NA,NA,NA,NA,325000,0,"06/30/2025",2900,0
"H2NY06116","MENG, GRACE","I",1,"DEM",307541.23,0,471190.44,0,968885.81,805236.6,0,0,0,0,0,0,195741.23,"NY",6,NA,NA,NA,NA,NA,111550,0,"06/30/2025",1000,0
"H2NY00010","VELAZQUEZ, NYDIA M.","I",1,"DEM",155627.65,0,105869.46,0,159566.43,209324.62,0,0,0,0,0,7736.52,101627.65,"NY",7,NA,NA,NA,NA,NA,54000,0,"06/30/2025",0,0
"H2NY10092","JEFFRIES, HAKEEM","I",1,"DEM",6093553.2,1014270.5,4757853.32,0,4954564.65,6290264.53,0,0,0,0,0,0,4282610.75,"NY",8,NA,NA,NA,NA,NA,793500,0,"06/30/2025",32380.53,5000
"H4NY11138","CLARKE, YVETTE D","I",1,"DEM",343463.51,0,318830.16,0,110054.74,134688.09,0,0,0,0,0,49480,132953.77,"NY",9,NA,NA,NA,NA,NA,209392.45,0,"06/30/2025",0,100
"H2NY10308","GOLDMAN, DANIEL","I",1,"DEM",613803.93,210200,474069.84,0,932248.88,1071982.97,0,0,0,0,0,4888468.2,350853.93,"NY",10,NA,NA,NA,NA,NA,52750,0,"06/30/2025",442,0
"H4NY10130","HUTCHISON, EVAN HALE","C",1,"DEM",6935,0,7173.06,0,1222.33,984.27,0,6935,0,0,0,24520.79,0,"NY",10,NA,NA,NA,NA,NA,0,0,"06/30/2025",0,0
"H6NY11232","MCGHIE, TROY","C",1,"DEM",25985,0,3045.64,0,0,22939.36,250,0,0,0,0,0,25735,"NY",11,NA,NA,NA,NA,NA,0,0,"06/30/2025",0,0
"H0NY11078","MALLIOTAKIS, NICOLE","I",2,"REP",854650.51,164082.34,386089.53,0,1346246.46,1814807.44,0,0,0,0,0,0,301131.84,"NY",11,NA,NA,NA,NA,NA,379850,0,"06/30/2025",4119.17,2500
"H2NY17071","NADLER, JERROLD L","I",1,"DEM",190022.03,0,140866.77,0,194551.65,243745.76,0,0,0,0,0,0,127022.03,"NY",12,NA,NA,NA,NA,NA,63000,0,"06/30/2025",0,0
"H2NY13096","ESPAILLAT, ADRIANO","I",1,"DEM",646008.81,0,169017.98,0,396424.69,873415.52,0,0,0,0,0,0,510193.51,"NY",13,NA,NA,NA,NA,NA,135175,0,"06/30/2025",0,0
"H8NY15148","OCASIO-CORTEZ, ALEXANDRIA","I",1,"DEM",15424725.28,31000,9344165.22,0,3734646.88,9815206.94,0,0,0,0,0,0,15293800.87,"NY",14,NA,NA,NA,NA,NA,7550,0,"06/30/2025",42063.4,0
"H2NY14128","FORTE, TINA","C",2,"REP",296416.04,0,338742.41,0,82215.05,39888.68,0,0,0,0,0,15000,293447.64,"NY",14,NA,NA,NA,NA,NA,0,0,"06/30/2025",2143.72,0
"H6NY14251","HYSENAJ, DIAMANT","C",2,"REP",88596.66,0,70970.25,0,0,17626.41,0,8888.88,0,0,0,8888.88,79707.78,"NY",14,NA,NA,NA,NA,NA,0,0,"06/30/2025",0,0
"H6NY14269","RIVERA-DIAZ, ARIEL","C",2,"REP",161.37,0,6.37,0,0,155,0,0,0,0,0,0,161.37,"NY",14,NA,NA,NA,NA,NA,0,0,"06/30/2025",0,0
"H0NY15160","TORRES, RITCHIE JOHN","I",1,"DEM",3099885.49,1582821.25,539763.95,0,11423981.97,13984103.51,0,0,0,0,0,0,956727.34,"NY",15,NA,NA,NA,NA,NA,231500,0,"06/30/2025",7754.07,0
"H4NY15147","VEGA, JOSE DAVID","C",3,"UN",73497,0,71939.72,0,1273.43,2830.71,0,0,0,0,0,0,73497,"NY",15,NA,NA,NA,NA,NA,0,0,"06/30/2025",0,0
"H4NY16087","LATIMER, GEORGE","I",1,"DEM",167410.39,0,232012.98,0,192653.99,128051.4,0,0,0,0,0,0,99866.5,"NY",16,NA,NA,NA,NA,NA,65750,0,"06/30/2025",35,0
"H6NY17155","REINMANN, JESSICA","C",1,"DEM",535007.25,0,92434.52,0,0,442572.73,115000,1e+05,0,0,0,1e+05,319982.25,"NY",17,NA,NA,NA,NA,NA,0,0,"06/30/2025",0,0
"H6NY17163","DAVIDSON, BETH","C",1,"DEM",855448.31,0,366129.45,0,0,489318.86,0,0,0,0,0,0,850317.99,"NY",17,NA,NA,NA,NA,NA,4440,0,"06/30/2025",759,100
"H6NY17171","CONLEY, CAIT","C",1,"DEM",815525.08,0,201737.72,0,0,613787.36,7000,0,0,0,0,0,776525.08,"NY",17,NA,NA,NA,NA,NA,32000,0,"06/30/2025",110,0
"H6NY17189","SACKS, MIKE","C",1,"DEM",212160.46,0,110453.39,0,0,101707.07,0,0,0,0,0,0,212160.46,"NY",17,NA,NA,NA,NA,NA,0,0,"06/30/2025",25,0
"H6NY17197","SULLIVAN, JOHN","C",1,"DEM",300887.56,0,136874.21,0,0,164013.35,0,0,0,0,0,0,300887.56,"NY",17,NA,NA,NA,NA,NA,0,0,"06/30/2025",171,0
"H6NY17205","PHILLIPS-STALEY, EFFIE","C",1,"DEM",151864.64,0,52624.53,0,0,99240.11,0,1e+05,0,0,0,1e+05,51864.64,"NY",17,NA,NA,NA,NA,NA,0,0,"06/30/2025",0,0
"H6NY17213","CHATZKY, PETER","C",1,"DEM",680192.94,0,5839.51,0,0,674353.43,5,5e+05,0,0,0,5e+05,180187.94,"NY",17,NA,NA,NA,NA,NA,0,0,"06/30/2025",0,0
"H2NY17162","LAWLER, MICHAEL VINCENT","I",2,"REP",2837034.51,1001971.88,806035.85,0,169368.52,2200367.18,0,0,0,0,0,0,1153502.59,"NY",17,NA,NA,NA,NA,NA,658753.4,5000,"06/30/2025",31833.87,0
"H8NY19223","RYAN, PATRICK","I",1,"DEM",2004246.9,23375.63,521262.81,0,167191.36,1650175.45,0,0,0,0,0,0,1708030.89,"NY",18,NA,NA,NA,NA,NA,194046.61,0,"06/30/2025",-3151.63,0
"H8NY22177","RILEY, JOSH","I",1,"DEM",1482964.78,77432.38,371787.41,0,68319.61,1179496.98,0,0,0,0,0,31256.6,1084221.72,"NY",19,NA,NA,NA,NA,NA,313521,619.68,"06/30/2025",17337.47,2000
"H8NY21203","TONKO, PAUL DAVID","I",1,"DEM",296528.91,0,371497.4,0,599501.91,524533.42,0,0,0,0,0,0,123227.27,"NY",20,NA,NA,NA,NA,NA,172420,0,"06/30/2025",85,0
"H4NY21145","COLLINS, PAULA","C",1,"DEM",13512.87,0,14267.84,0,95408.12,94658.15,0,1000,0,0,0,41732.13,12477.87,"NY",21,NA,NA,NA,NA,NA,0,0,"05/20/2025",0,0
"H6NY21199","GENDEBIEN, BLAKE","C",1,"DEM",3294040.24,0,1584731.92,0,252341.49,1961649.81,0,0,0,0,0,6093.8,3264909.48,"NY",21,NA,NA,NA,NA,NA,21250,0,"06/30/2025",33825.45,100
"H6NY21207","HEWITT, DYLAN","C",1,"DEM",113562.31,0,102667.24,0,0,10895.07,0,0,0,0,0,0,112601.67,"NY",21,NA,NA,NA,NA,NA,0,0,"06/30/2025",99608,0
"H4NY21079","STEFANIK, ELISE M.","I",2,"REP",2217280.21,1185000.33,963886.82,0,8747917.48,10001310.87,0,0,0,0,0,0,916687.02,"NY",21,NA,NA,NA,NA,NA,95592.86,20000,"06/30/2025",1000,0
"H6NY21157","CONSTANTINO, ANTHONY THOMAS","C",2,"REP",0,0,1525184.69,0,2306886.83,781702.14,0,0,0,0,0,2605400,0,"NY",21,NA,NA,NA,NA,NA,0,0,"06/30/2025",0,0
"H4NY22085","MANNION, JOHN W","I",1,"DEM",858980.18,16750,236052.36,0,128241.3,751169.12,0,0,0,0,0,0,471829.72,"NY",22,NA,NA,NA,NA,NA,315500,1209,"06/30/2025",5912.5,0
"H6NY22163","SALKA, JOHN JOSEPH MR.","C",2,"REP",3350,0,1771.63,0,0,1578.37,100,0,0,0,0,0,3250,"NY",22,NA,NA,NA,NA,NA,0,0,"06/30/2025",0,0
"H6NY23534","STOCKER, KEVIN","C",1,"DEM",0,0,0,0,0,0,0,0,0,0,0,0,0,"NY",23,NA,NA,NA,NA,NA,0,0,"06/30/2025",0,0
"H2NY23228","LANGWORTHY, NICK","I",2,"REP",734225.27,76303.4,273332.34,0,1093808.09,1554701.02,0,0,0,0,0,0,297390.4,"NY",23,NA,NA,NA,NA,NA,348944.01,4047,"06/30/2025",310.14,500
"H2NY24127","HOLDEN, STEVEN WESLEY SR.","C",1,"DEM",8593.5,0,12142.26,0,11059.71,-3989.05,0,0,0,0,0,0,8593.5,"NY",24,NA,NA,NA,NA,NA,0,0,"06/30/2025",0,0
"H4NY22051","TENNEY, CLAUDIA","I",2,"REP",1186137.43,340389.94,624434.53,0,355002.36,916705.26,0,0,0,0,0,0,464758.14,"NY",24,NA,NA,NA,NA,NA,380400,0,"06/30/2025",1200.5,0
"H8NY25105","MORELLE, JOSEPH D","I",1,"DEM",495597.6,26000,401747.03,0,380204.28,474054.85,0,0,0,0,0,0,188698.59,"NY",25,NA,NA,NA,NA,NA,276500,0,"06/30/2025",30,0
"H4NY26078","KENNEDY, TIMOTHY","I",1,"DEM",716891.32,0,374537.46,0,339064.55,681418.41,0,0,0,0,0,0,507624.55,"NY",26,NA,NA,NA,NA,NA,205550,0,"06/30/2025",1000,100
"H2OH01194","LANDSMAN, GREG","I",1,"DEM",1116382.97,12000,257422.23,0,180114.91,1039075.65,0,0,0,0,0,8181.03,850164.16,"OH",1,NA,NA,NA,NA,NA,253000,32.68,"06/30/2025",550.5,5000
"H4OH02248","TAYLOR, DAVID","I",2,"REP",355832.13,8851.66,135829.39,0,127807.74,347810.48,0,0,0,0,0,1707300,178230.47,"OH",2,NA,NA,NA,NA,NA,168250,0,"06/30/2025",1.73,0
"H2OH03125","BEATTY, JOYCE","I",1,"DEM",367201.68,0,441778.33,0,2712573.5,2637996.85,0,0,0,0,0,2500,109394.43,"OH",3,NA,NA,NA,NA,NA,254083.33,0,"06/30/2025",0,0
"H6OH04173","WILSON, TAMARA","C",1,"DEM",22049.51,0,0,0,498770.42,520819.93,0,0,0,0,0,0,22049.51,"OH",4,NA,NA,NA,NA,NA,0,0,"03/31/2025",0,0
"H6OH04082","JORDAN, JAMES D.","I",2,"REP",1055485.77,31859.62,1409383.44,3590,7565751.18,7211853.51,0,0,0,0,0,0,614225.82,"OH",4,NA,NA,NA,NA,NA,92550,0,"06/30/2025",8538.81,0
"H8OH05036","LATTA, ROBERT EDWARD","I",2,"REP",541071.55,29700,220073.29,0,596795.08,917793.34,0,0,0,0,0,0,243168.2,"OH",5,NA,NA,NA,NA,NA,263550,0,"06/30/2025",0,0
"H4OH06231","KRIPCHAK, MICHAEL LAWRENCE","C",1,"DEM",0,0,0,0,6111.17,6111.17,0,0,0,0,0,0,0,"OH",6,NA,NA,NA,NA,NA,0,0,"06/30/2025",0,0
"H6OH06160","RITCHIE, MALCOLM","C",1,"DEM",2520,0,579.81,0,0,1940.19,2000,0,0,0,0,0,520,"OH",6,NA,NA,NA,NA,NA,0,0,"06/30/2025",0,0
"H4OH06165","RULLI, MICHAEL","I",2,"REP",394824.96,75530.2,260071.76,50000,70637.11,205390.31,0,0,0,0,0,0,104444.75,"OH",6,NA,NA,NA,NA,NA,214550,0,"06/30/2025",385,1000
"H6OH07135","EISNER, MICHAEL","C",1,"DEM",9757.72,0,218.35,0,0,9539.37,207.72,0,0,0,0,0,9550,"OH",7,NA,NA,NA,NA,NA,0,0,"06/30/2025",0,0
"H2OH16051","MILLER, MAX","I",2,"REP",705137.71,253834.08,175175.91,0,174529.39,704491.19,0,0,0,0,0,1e+06,195708.27,"OH",7,NA,NA,NA,NA,NA,254940.79,0,"06/30/2025",-875,0
"H2OH16069","SCHULZ, JONAH","",2,"REP",15100,0,5994.34,0,0,9105.66,0,0,0,0,0,0,15100,"OH",7,NA,NA,NA,NA,NA,0,0,"06/30/2025",0,0
"H6OH08315","DAVIDSON, WARREN","I",2,"REP",233818.06,61896.72,213026.21,0,394701.11,415492.96,0,0,0,0,0,0,64826.23,"OH",8,NA,NA,NA,NA,NA,97408.9,0,"06/30/2025",5803.13,1000
"H2OH09031","KAPTUR, MARCY HON. M.C.","I",1,"DEM",678667.02,34415.25,186104.13,0,448926.49,941489.38,0,0,0,0,0,0,335588.99,"OH",9,NA,NA,NA,NA,NA,306601.85,0,"06/30/2025",2792,3900
"H4OH09169","MERRIN, DEREK","C",2,"REP",3801.46,3571.7,80452.61,54781.19,76651.15,0,0,0,0,0,0,0,16.49,"OH",9,NA,NA,NA,NA,NA,0,0,"07/15/2025",259.42,0
"H6OH09115","NADEEM, ALEA","C",2,"REP",133351.41,0,47771.96,0,0,85579.45,0,0,0,0,0,0,121851.41,"OH",9,NA,NA,NA,NA,NA,11500,0,"06/30/2025",0,0
"H2OH03067","TURNER, MICHAEL R REP.","I",2,"REP",367799.89,112107.02,267683.21,0,430424.96,530541.64,0,0,0,0,0,0,110849.5,"OH",10,NA,NA,NA,NA,NA,144500,0,"06/30/2025",0,0
"H2OH11169","BROWN, M SHONTEL","I",1,"DEM",301559.26,0,184881.67,0,855814.06,972491.65,0,0,0,0,0,0,117449.73,"OH",11,NA,NA,NA,NA,NA,182200,0,"06/30/2025",10,1500
"H4OH12080","CHRISTIAN, JERRAD SHANE","C",1,"DEM",1945.5,0,3141.02,0,3757.68,2562.16,0,0,0,0,0,0,1945.5,"OH",12,NA,NA,NA,NA,NA,0,0,"06/30/2025",348,0
"H8OH12180","BALDERSON, WILLIAM TROY","I",2,"REP",487230.92,0,211920.45,0,1006424.82,1281735.29,0,0,0,0,0,0,174459.44,"OH",12,NA,NA,NA,NA,NA,305750,0,"06/30/2025",0,0
"H2OH13264","SYKES, EMILIA","I",1,"DEM",795762.97,46991.69,299072.1,0,122678.54,619369.41,0,0,0,0,0,0,399185.21,"OH",13,NA,NA,NA,NA,NA,347550,956.43,"06/30/2025",365,0
"H4OH13153","COUGHLIN, KEVIN","C",2,"REP",304708.12,10000,29406.24,2578.86,56618.41,331920.29,0,0,0,0,0,0,226304.26,"OH",13,NA,NA,NA,NA,NA,63328.86,5000,"06/30/2025",312.07,0
"H2OH14064","JOYCE, DAVID P.","I",2,"REP",455969.17,0,155839.18,0,2742875.45,3043005.44,0,0,0,0,0,0,134233.29,"OH",14,NA,NA,NA,NA,NA,300691,0,"06/30/2025",0,0
"H4OH15083","MILLER, ADAM CLAY","C",1,"DEM",97828.57,0,38672.26,0,3613.63,62769.94,0,59900,0,2000,0,154866.33,31928.57,"OH",15,NA,NA,NA,NA,NA,6000,0,"06/30/2025",0,0
"H2OH15228","CAREY, MIKE","I",2,"REP",1275850.63,322484.71,366043.06,0,161294.31,1071101.88,0,0,0,0,0,0,258260.95,"OH",15,NA,NA,NA,NA,NA,694500,0,"06/30/2025",5200,0
"H6OK01201","CROISANT, JOHN THOMAS","C",1,"DEM",31957.78,0,6139.92,0,0,25817.86,1000,0,0,0,0,0,30957.78,"OK",1,NA,NA,NA,NA,NA,0,0,"06/30/2025",0,0
"H8OK01157","HERN, KEVIN","I",2,"REP",1058139.32,234542.74,497962.88,0,1148665.98,1708842.42,0,0,0,0,0,0,190808.32,"OK",1,NA,NA,NA,NA,NA,632788.26,0,"06/30/2025",0,0
"H6OK02266","TERWEY, ERIK","C",1,"DEM",3563,0,2347.87,0,0,1215.13,0,600,0,0,0,600,2963,"OK",2,NA,NA,NA,NA,NA,0,0,"06/30/2025",0,0
"H2OK02315","BRECHEEN, JOSH","I",2,"REP",40764.44,0,76213.31,0,70695.88,35247.01,0,0,0,0,0,0,12764.44,"OK",2,NA,NA,NA,NA,NA,28000,0,"06/30/2025",0,2500
"H4OK06056","LUCAS, FRANK D.","I",2,"REP",264485.94,0,148138.31,0,618285.26,734632.89,0,0,0,0,0,0,23172,"OK",3,NA,NA,NA,NA,NA,238400,0,"06/30/2025",30,0
"H2OK04055","COLE, TOM","I",2,"REP",1635595.41,42193.94,915447.97,0,1780273.43,2500420.87,0,0,0,0,0,0,952290.86,"OK",4,NA,NA,NA,NA,NA,621329,0,"06/30/2025",293,0
"H0OK05205","BICE, STEPHANIE","I",2,"REP",717951.39,179159.35,237629.73,0,1085948.9,1566270.56,0,0,0,0,0,0,152368.49,"OK",5,NA,NA,NA,NA,NA,381250,0,"06/30/2025",428.91,0
"H2OR01133","BONAMICI, SUZANNE MS.","I",1,"DEM",227088.5,0,265948.64,0,545964.12,507103.98,0,0,0,0,0,0,121088.5,"OR",1,NA,NA,NA,NA,NA,106000,0,"06/30/2025",2250,0
"H0OR02127","BENTZ, CLIFF","I",2,"REP",341624.24,0,221914.41,0,1056344.8,1176054.63,0,0,0,48100,0,0,177082.56,"OR",2,NA,NA,NA,NA,NA,164541.68,0,"06/30/2025",0,0
"H4OR03192","DEXTER, MAXINE","I",1,"DEM",364422.68,0,197518.99,0,22486.37,189390.06,0,0,0,0,0,0,229028.97,"OR",3,NA,NA,NA,NA,NA,134600,0,"06/30/2025",12.5,0
"H2OR04095","HOYLE, VALERIE","I",1,"DEM",406866.38,0,260852.18,600,89389.6,235403.8,0,0,0,0,0,0,179830.25,"OR",4,NA,NA,NA,NA,NA,226778.3,0,"06/30/2025",2006.67,1600
"H4OR05304","BYNUM, JANELLE","I",1,"DEM",1080841.06,50680.63,268529.15,0,45132.56,857444.47,0,0,0,0,0,0,657008.2,"OR",5,NA,NA,NA,NA,NA,362965.76,0,"06/30/2025",1075.38,0
"H2OR06066","SALINAS, ANDREA","I",1,"DEM",533370.39,5930.63,266420.92,0,61474.64,328424.11,0,0,0,0,0,5041.55,284120.23,"OR",6,NA,NA,NA,NA,NA,224100,0,"06/30/2025",1427.17,1000
"H2OR01240","RUSS, DAVID HONORABLE","C",2,"REP",0,0,0,0,14270,14270,0,0,0,0,0,10070,0,"OR",6,NA,NA,NA,NA,NA,0,0,"06/30/2025",0,0
"H6PA01181","HARVIE, ROBERT J","C",1,"DEM",340093.64,0,144774.69,0,0,195318.95,0,0,0,0,0,0,317123.64,"PA",1,NA,NA,NA,NA,NA,22520,450,"06/30/2025",0,0
"H6PA08277","FITZPATRICK, BRIAN","I",2,"REP",2535484.6,956787.23,482875.02,0,4422529.98,6475139.56,0,0,0,0,0,24750,501601.15,"PA",1,NA,NA,NA,NA,NA,986002.9,5000,"06/30/2025",2309.22,0
"H4PA13199","BOYLE, BRENDAN F","I",1,"DEM",712048.35,0,430258.52,305000,3838283.35,4120073.18,0,0,0,0,0,0,180309.55,"PA",2,NA,NA,NA,NA,NA,264935,0,"06/30/2025",0,0
"H6PA02171","EVANS, DWIGHT","I",1,"DEM",233601.34,0,188274.37,0,76137.19,121464.16,0,0,0,0,0,0,126101.34,"PA",3,NA,NA,NA,NA,NA,107500,0,"06/30/2025",0,0
"H6PA03179","OXMAN, DAVID","C",1,"DEM",280798,0,21146.42,0,0,259651.58,0,1e+05,0,0,0,1e+05,180798,"PA",3,NA,NA,NA,NA,NA,0,0,"06/30/2025",0,0
"H6PA03195","STREET, SHARIF","C",1,"DEM",0,0,0,0,52558.52,52558.52,0,0,0,0,0,0,0,"PA",3,NA,NA,NA,NA,NA,0,0,"06/30/2025",0,0
"H8PA04116","DEAN, MADELEINE","I",1,"DEM",370745.97,0,368380.03,0,968741.15,971107.09,0,0,0,0,0,0,152906,"PA",4,NA,NA,NA,NA,NA,207300,0,"06/30/2025",0,0
"H6PA04144","AYOUAZ, ISMAINE MR","C",2,"REP",0,0,99,0,0,-99,0,0,0,0,0,0,0,"PA",4,NA,NA,NA,NA,NA,0,0,"03/31/2025",0,0
"H8PA07200","SCANLON, MARY GAY","I",1,"DEM",277368.18,0,267132.31,0,317745.77,327981.64,0,0,0,0,0,0,125877.83,"PA",5,NA,NA,NA,NA,NA,150700,779.17,"06/30/2025",1375,0
"H8PA06087","HOULAHAN, CHRISSY","I",1,"DEM",514693.61,0,310255.23,0,3405613.23,3610051.61,0,0,0,0,0,0,329912.94,"PA",6,NA,NA,NA,NA,NA,157000,0,"06/30/2025",1300,0
"H6PA07147","MCCLURE, LAMONT","C",1,"DEM",229386.04,0,136617.89,0,0,92768.15,24000,0,0,0,0,0,165785.84,"PA",7,NA,NA,NA,NA,NA,39600,0,"06/30/2025",1000,350
"H6PA07154","OBANDO-DERSTINE, CAROL","C",1,"DEM",208573.23,0,85603.29,0,0,122969.94,125,12500,0,0,0,12500,181763.58,"PA",7,NA,NA,NA,NA,NA,14184.65,0,"06/30/2025",400,0
"H6PA07162","CROSSWELL, RYAN","C",1,"DEM",320979.91,0,66976.62,0,0,254003.29,0,0,0,0,0,0,320979.91,"PA",7,NA,NA,NA,NA,NA,0,0,"06/30/2025",14,0
"H8PA15195","MACKENZIE, RYAN EDWARD","I",2,"REP",1469186.04,603466.49,377620.5,0,103239.91,1194805.45,0,0,0,0,0,8182.67,474265.08,"PA",7,NA,NA,NA,NA,NA,385440.88,5000,"06/30/2025",17742.73,0
"H4PA08124","BRESNAHAN, ROB","I",2,"REP",1724189.16,619136.8,915447.82,0,53152.37,861893.71,9900,0,0,60000,0,897068.5,543182.47,"PA",8,NA,NA,NA,NA,NA,543500,5000,"06/30/2025",0,0
"H8PA10147","MEUSER, DANIEL","I",2,"REP",589350.22,52824.47,408317.61,0,33646.73,214679.34,0,0,0,0,0,250000,195980.23,"PA",9,NA,NA,NA,NA,NA,337500,0,"06/30/2025",155,150
"H4PA10104","STELSON, JANELLE","",1,"DEM",3106.95,0,12958.72,0,10155.5,303.73,0,0,0,0,0,0,0,"PA",10,NA,NA,NA,NA,NA,0,0,"06/30/2025",2000,0
"H2PA04135","PERRY, SCOTT","I",2,"REP",1451141.05,542475.48,332449.84,0,81918.98,1200610.19,0,0,0,0,0,268202.87,625388.23,"PA",10,NA,NA,NA,NA,NA,277450,5000,"06/30/2025",2587.67,0
"H6PA11081","KLIMM, SARAH RENEE","C",1,"DEM",3480,0,137.54,0,200,3542.46,1750,0,0,0,0,200,1730,"PA",11,NA,NA,NA,NA,NA,0,0,"06/30/2025",0,0
"H6PA16320","SMUCKER, LLOYD K.","I",2,"REP",574106.71,231619.43,472018.1,0,904091.93,1006180.54,0,0,0,0,0,0,65038.86,"PA",11,NA,NA,NA,NA,NA,264167.21,0,"06/30/2025",0,0
"H2PA18200","LEE, SUMMER","I",1,"DEM",401530.9,0,134972.5,0,1011579.11,1278137.51,0,0,0,0,0,0,322499.71,"PA",12,NA,NA,NA,NA,NA,72600,0,"06/30/2025",899.33,0
"H6PA12097","FORGIE, ADAM ROBERT","C",1,"DEM",11385.6,0,6485.39,0,0,3731.43,0,0,0,0,0,0,11385.6,"PA",12,NA,NA,NA,NA,NA,0,0,"06/30/2025",0,0
"H4PA12068","HAYES, JAMES DR.","C",2,"REP",3410,0,416.17,0,685.51,3679.34,25,0,0,0,0,10132.98,2135,"PA",12,NA,NA,NA,NA,NA,1000,250,"06/30/2025",0,0
"H4PA13298","FARNHAM, ELIZABETH RHOADS","C",1,"DEM",4199.94,0,1372.44,0,761.23,3588.73,167.94,0,0,0,0,0,4032,"PA",13,NA,NA,NA,NA,NA,0,0,"06/30/2025",0,0
"H8PA13125","JOYCE, JOHN","I",2,"REP",963725.02,244332.33,664768.41,0,2600138.09,2899094.7,0,0,0,302141,0,0,148110.17,"PA",13,NA,NA,NA,NA,NA,527550,0,"06/30/2025",0,0
"H8PA18199","RESCHENTHALER, GUY MR.","I",2,"REP",1389253.94,170202.77,1245389.05,0,549080.16,692945.05,0,0,0,0,0,0,765037.41,"PA",14,NA,NA,NA,NA,NA,451000,0,"06/30/2025",4000,0
"H8PA05071","THOMPSON, GLENN MR.","I",2,"REP",763560.2,60748.65,651785.7,0,791793.9,903568.4,0,0,0,0,0,0,305983.93,"PA",15,NA,NA,NA,NA,NA,394350,0,"06/30/2025",1000.26,0
"H0PA03271","KELLY, GEORGE J JR","I",2,"REP",380285.07,0,308380.25,0,1042687.78,1114592.6,0,0,0,0,0,90000,93097.83,"PA",16,NA,NA,NA,NA,NA,287167.06,0,"06/30/2025",583.65,0
"H2PA17103","DELUZIO, CHRISTOPHER","I",1,"DEM",573496.36,2417,476703.09,0,353671.67,450464.94,0,0,0,0,0,0,395777.66,"PA",17,NA,NA,NA,NA,NA,171600,0,"06/30/2025",252.52,0
"H4RI01265","AMO, GABRIEL F","I",1,"DEM",447984.64,0,181271.77,0,934647.49,1201360.36,0,0,0,0,0,0,273929.43,"RI",1,NA,NA,NA,NA,NA,168250,0,"06/30/2025",2000,0
"H2RI02184","MAGAZINER, SETH","I",1,"DEM",346506.86,0,162885.69,0,876965.23,1060586.4,0,0,0,0,0,0,221637.44,"RI",2,NA,NA,NA,NA,NA,105500,0,"06/30/2025",0,0
"H6SC01201","RIVERA-VAZQUEZ, MAYRA","C",1,"DEM",11355,0,1809.66,0,9545.34,19090.68,0,0,0,0,0,0,11355,"SC",1,NA,NA,NA,NA,NA,0,0,"06/30/2025",0,0
"H0SC01394","MACE, NANCY","I",2,"REP",414179.03,235039.56,600356.49,0,664636.24,478458.78,0,0,0,0,0,100,167545.87,"SC",1,NA,NA,NA,NA,NA,11500,0,"06/30/2025",939,0
"H4SC02089","ROBINSON, ROGER DAVID JR","C",1,"DEM",662.26,0,393.82,0,2591.72,2860.16,0,0,0,0,0,0,662.26,"SC",2,NA,NA,NA,NA,NA,0,0,"06/30/2025",0,0
"H6SC02134","PRUITT, ROGER KEITH","C",1,"DEM",3429.22,0,1441.62,0,0,1987.6,1774.22,0,0,0,0,0,1655,"SC",2,NA,NA,NA,NA,NA,0,0,"06/30/2025",0,0
"H2SC02059","WILSON, JOE THE HON.","I",2,"REP",175756.62,6983.5,139961.94,0,44513.18,80307.86,0,0,0,0,0,0,93772.43,"SC",2,NA,NA,NA,NA,NA,75000,0,"06/30/2025",3000,0
"H4SC01313","BIGGS, SHERI","I",2,"REP",153169.93,20795.47,117143.12,0,104085.26,140112.07,0,0,0,0,0,395000,30819.34,"SC",3,NA,NA,NA,NA,NA,95725.5,0,"06/30/2025",1.73,3500
"H8SC04250","TIMMONS, WILLIAM R IV","I",2,"REP",281902.17,9189.88,154456.01,0,20115.02,147561.18,0,0,0,4900,0,314417.04,96013.01,"SC",4,NA,NA,NA,NA,NA,175000,0,"06/30/2025",0,0
"H6SC05178","HARPER, ALEX","C",1,"DEM",18363.98,0,1772.44,0,0,16591.54,0,0,0,0,0,0,18363.98,"SC",5,NA,NA,NA,NA,NA,0,0,"06/30/2025",0,0
"H8SC05158","NORMAN, RALPH W. JR.","I",2,"REP",43219.5,0,158743.73,0,594610.68,479086.45,0,0,0,0,0,0,11719.5,"SC",5,NA,NA,NA,NA,NA,31500,0,"06/30/2025",0,0
"H2SC02042","CLYBURN, JAMES E","I",1,"DEM",282314.02,0,513981.47,0,1839127.23,1607459.78,0,0,0,0,0,0,77358.08,"SC",6,NA,NA,NA,NA,NA,193000,0,"06/30/2025",381,0
"H6SC07034","VINCENT, JOHN GREGORY","C",1,"DEM",39115.67,0,24972.28,0,0,14143.39,549.86,200,0,200,0,0,38365.81,"SC",7,NA,NA,NA,NA,NA,0,0,"06/30/2025",110,0
"H2SC07280","FRY, RUSSELL","I",2,"REP",454013.05,10410.83,331212.62,0,561182.69,683983.12,0,0,0,0,0,0,227781.76,"SC",7,NA,NA,NA,NA,NA,215663.82,0,"06/30/2025",2268.31,0
"H8SD01055","JOHNSON, DUSTY","I",2,"REP",1098226.25,0,354796.97,0,5245125,5988554.28,0,0,0,0,0,0,765825.98,"SD",0,NA,NA,NA,NA,NA,266000,0,"06/30/2025",0,0
"H0TN01118","HARSHBARGER, DIANA","I",2,"REP",407437.7,6656.8,246801.96,0,1450769.13,1611404.87,0,0,0,0,0,1456793,136468.61,"TN",1,NA,NA,NA,NA,NA,248500,0,"06/30/2025",10311,5000
"H8TN02119","BURCHETT, TIM","I",2,"REP",150511.62,0,285423.16,0,728190.08,593278.54,0,0,0,0,0,10053.68,130131.76,"TN",2,NA,NA,NA,NA,NA,14500,0,"06/30/2025",0,0
"H6TN03202","HAWN, JOEL DEREK MR","C",1,"DEM",140,0,69.75,0,0,70.25,30,0,0,0,0,0,110,"TN",3,NA,NA,NA,NA,NA,0,0,"03/31/2025",0,0
"H0TN03254","FLEISCHMANN, CHARLES J","I",2,"REP",871939.21,0,224307.84,0,3257052.08,3904683.45,0,0,0,0,0,0,602471.43,"TN",3,NA,NA,NA,NA,NA,0,200300,"06/30/2025",0,0
"H4TN04270","BRODERICK, VICTORIA","C",1,"DEM",22627.47,0,17427.52,0,7692.45,12892.4,0,0,0,0,0,0,16082.98,"TN",4,NA,NA,NA,NA,NA,0,0,"06/30/2025",240,0
"H0TN04195","DESJARLAIS, SCOTT HON.","I",2,"REP",125755,0,79155.38,0,366018.36,412617.98,0,0,0,0,0,0,29650,"TN",4,NA,NA,NA,NA,NA,96000,0,"06/30/2025",0,0
"H4TN04247","DAVIS, THOMAS EUGENE","C",2,"REP",14786,0,5200.39,0,2139.64,11725.25,9586,0,0,0,0,2100,4900,"TN",4,NA,NA,NA,NA,NA,0,0,"06/30/2025",0,0
"H6TN05355","TORINO, JAMES PHD","C",1,"DEM",7732.76,0,3846.12,0,0,3886.64,850,0,0,0,0,0,6415,"TN",5,NA,NA,NA,NA,NA,0,0,"06/30/2025",0,0
"H2TN05446","OGLES, ANDY","I",2,"REP",92740.29,0,95254.74,0,61920.64,59406.19,0,0,0,0,0,20000,43570.75,"TN",5,NA,NA,NA,NA,NA,42500,0,"06/30/2025",1529.35,0
"H8TN06094","ROSE, JOHN W.","I",2,"REP",54474.88,0,821093.85,0,983754.33,217135.36,0,0,0,7e+05,0,291591.25,40974.88,"TN",6,NA,NA,NA,NA,NA,13500,0,"06/30/2025",0,0
"H6TN07153","THORP, JONATHAN","O",2,"REP",1386.95,0,1086.95,0,0,300,1086.95,0,0,0,0,0,300,"TN",7,NA,NA,NA,NA,NA,0,0,"06/30/2025",0,0
"H6TN07161","VAN EPPS, MATTHEW ROBERT","O",2,"REP",112019.83,0,5852.21,0,0,106167.62,0,0,0,0,0,0,109019.83,"TN",7,NA,NA,NA,NA,NA,3000,0,"06/30/2025",0,0
"H8TN07076","GREEN, MARK DR.","I",2,"REP",263715.7,69436.31,240054.04,0,66857.37,90519.03,0,0,0,0,0,0,156967.43,"TN",7,NA,NA,NA,NA,NA,36500,0,"06/30/2025",0,0
"H2TN07103","KUSTOFF, DAVID","I",2,"REP",1011115.21,35000,449032.91,35000,2059460.81,2621543.11,0,0,0,30000,0,206500,539302.1,"TN",8,NA,NA,NA,NA,NA,418000,0,"06/30/2025",1500,0
"H6TN09068","COHEN, STEVE I MR.","I",1,"DEM",176976.25,0,126488.52,0,1719832.69,1770320.42,0,0,0,0,0,0,14208.83,"TN",9,NA,NA,NA,NA,NA,124500,779.17,"06/30/2025",0,0
"H0TN09061","BERGMANN, CHARLOTTE","C",2,"REP",200,0,1291,0,3440.68,2349.68,0,0,0,0,0,51650.56,200,"TN",9,NA,NA,NA,NA,NA,0,0,"06/30/2025",0,0
"H2TX01112","MORAN, NATHANIEL QUENTIN","I",2,"REP",535120.95,100624.3,247100.07,0,380946.12,668967,0,0,0,0,0,0,185346.65,"TX",1,NA,NA,NA,NA,NA,249150,0,"06/30/2025",2744.55,0
"H6TX02251","FINNIE, SHAUN","C",1,"DEM",1018455,0,0,0,0,1018455,0,680000,0,0,0,680000,338455,"TX",2,NA,NA,NA,NA,NA,0,0,"06/30/2025",0,0
"H2TX08158","ELLIS, JAMESON","C",2,"REP",6339.9,0,6388.09,0,48.19,0,0,0,0,0,0,0,6339.73,"TX",2,NA,NA,NA,NA,NA,0,0,"03/31/2025",3405,0
"H2TX08232","ETWOP, MARTIN","C",2,"REP",7580,0,5095.49,0,-2391.99,92.52,3000,0,0,0,0,0,3485,"TX",2,NA,NA,NA,NA,NA,0,0,"06/30/2025",0,0
"H6TX02228","TRAN, NICK B.","C",2,"REP",56314.25,0,41197.12,0,0,15117.13,3026.03,1500,0,0,0,1500,51788.22,"TX",2,NA,NA,NA,NA,NA,0,0,"06/30/2025",361.17,0
"H6TX02244","BONCK, JON","C",2,"REP",451813.48,0,34575.54,0,0,417237.94,0,0,0,0,0,0,451813.48,"TX",2,NA,NA,NA,NA,NA,0,0,"06/30/2025",0,0
"H8TX02166","CRENSHAW, DANIEL","I",2,"REP",815014.42,100303.74,659982.63,0,469307.75,624339.54,0,0,0,0,0,0,430769.83,"TX",2,NA,NA,NA,NA,NA,204900,0,"06/30/2025",5250,0
"H6TX03226","WHEATLEY, JORDAN DOUGLAS","C",1,"DEM",18462.58,0,13817.1,0,0,4645.48,439.58,0,0,0,0,0,18023,"TX",3,NA,NA,NA,NA,NA,0,0,"06/30/2025",0,0
"H6TX03234","HUNT, EVAN","C",1,"DEM",118088.6,0,35107.72,0,0,82980.88,0,55000,0,0,0,55925,63088.6,"TX",3,NA,NA,NA,NA,NA,0,0,"06/30/2025",0,0
"H2TX03290","SELF, KEITH ALAN MR","I",2,"REP",118805.08,0,60463.8,0,109340.89,167682.17,0,0,0,0,0,0,75871.43,"TX",3,NA,NA,NA,NA,NA,41012.35,0,"06/30/2025",150,0
"H6TX32118","SHAITO, ZAIN-BRAHEIM","C",2,"REP",0,0,0,0,0,0,0,0,0,0,0,0,0,"TX",3,NA,NA,NA,NA,NA,0,0,"06/30/2025",0,0
"H0TX04219","FALLON, PATRICK","I",2,"REP",164668.68,19916.97,78602.52,6600,660078.27,746144.43,0,0,0,0,0,25000,72867.63,"TX",4,NA,NA,NA,NA,NA,71600,0,"06/30/2025",10250,2500
"H2TX05253","TORRES, RUTH MS.","C",1,"DEM",0,0,275.16,0,362.97,87.81,0,0,0,0,0,18040.14,0,"TX",5,NA,NA,NA,NA,NA,0,0,"06/30/2025",0,0
"H8TX05144","GOODEN, LANCE","I",2,"REP",491554.5,129647.52,204537.23,0,717356.96,1004374.23,0,0,0,0,0,0,169501,"TX",5,NA,NA,NA,NA,NA,174871.45,0,"06/30/2025",0,0
"H6TX06229","STAHL, BRIAN","C",2,"REP",6698.3,0,1107.37,0,0,5590.93,100,0,0,0,0,162.3,6598.3,"TX",6,NA,NA,NA,NA,NA,0,0,"06/30/2025",150,0
"H8TX06266","ELLZEY, JOHN KEVIN SR.","I",2,"REP",1830178,925497.02,996563.75,0,1095447.64,1929061.89,0,0,0,0,0,0,646693.41,"TX",6,NA,NA,NA,NA,NA,248009.86,0,"06/30/2025",23756.15,0
"H8TX07140","FLETCHER, ELIZABETH","I",1,"DEM",569440.79,265000,248811.55,0,1316661.79,1637291.03,0,0,0,0,0,0,116214.44,"TX",7,NA,NA,NA,NA,NA,177000,0,"06/30/2025",333.33,0
"H0TX08145","JONES, LAURA","",1,"DEM",1083,0,1177.56,0,2500.75,2406.19,0,0,0,280,0,2040,1083,"TX",8,NA,NA,NA,NA,NA,0,0,"06/30/2025",0,0
"H2TX08182","LUTTRELL, MORGAN JOE","I",2,"REP",255468.16,0,381167.34,0,700551.67,574852.49,0,0,0,0,0,0,170107.16,"TX",8,NA,NA,NA,NA,NA,81600,0,"06/30/2025",0,0
"H4TX09095","GREEN, ALEXANDER","I",1,"DEM",437470.74,0,147224.01,0,219084.99,509331.72,0,0,0,0,0,0,428970.74,"TX",9,NA,NA,NA,NA,NA,8500,0,"06/30/2025",61626.38,-2000
"H6TX09090","WILMER, DEDDRICK T","C",2,"REP",850,0,0,0,0,850,0,0,0,0,0,0,0.03,"TX",9,NA,NA,NA,NA,NA,0,0,"03/31/2025",0,0
"H6TX10171","COLEMAN, TAYHLOR","C",1,"DEM",58858.89,0,22443.44,0,0,36415.45,0,0,0,0,0,1279.5,58858.89,"TX",10,NA,NA,NA,NA,NA,0,0,"06/30/2025",15,0
"H4TX10093","MCCAUL, MICHAEL","I",2,"REP",187993.95,113000,226287.14,0,131068.91,92775.72,0,0,0,0,0,0,40443.95,"TX",10,NA,NA,NA,NA,NA,34300,0,"06/30/2025",0,0
"H6TX10163","HAWBAKER, BRANDON","C",2,"REP",5098.2,0,2360.21,0,0,2737.99,38,4587,0,0,0,4587,473.2,"TX",10,NA,NA,NA,NA,NA,0,0,"06/30/2025",0,0
"H0TX11230","PFLUGER, AUGUST LEE II","I",2,"REP",1492054.05,1038211.7,830544.78,0,2324105.54,2985614.81,0,0,0,0,0,0,327080.92,"TX",11,NA,NA,NA,NA,NA,91000,0,"06/30/2025",7646.65,0
"H4TX12065","GOLDMAN, CRAIG","I",2,"REP",633598.27,325895.64,295842.37,0,535896.46,873652.36,0,0,0,0,0,0,119902.63,"TX",12,NA,NA,NA,NA,NA,187800,0,"06/30/2025",0,0
"H0TX13228","JACKSON, RONNY LYNN","I",2,"REP",1199968.95,213504.41,597215.03,0,3401947.63,4004701.55,0,0,0,0,0,0,903128.79,"TX",13,NA,NA,NA,NA,NA,69600,0,"06/30/2025",69953.58,0
"H2TX14149","WEBER, RANDY","I",2,"REP",420966.3,151448.25,175160.18,0,620572.21,866378.33,0,0,0,6504.06,0,63527.12,73820.43,"TX",14,NA,NA,NA,NA,NA,130000,0,"06/30/2025",1000,5000
"H6TX14140","FORGY, JESSICA JEANINE","C",2,"REP",3000,0,380.05,0,1000,3619.95,0,0,0,0,0,0,3000,"TX",14,NA,NA,NA,NA,NA,0,0,"03/31/2025",0,0
"H0TX15124","DE LA CRUZ, MONICA","I",2,"REP",1645394.05,415414.58,957401.51,0,613969.89,1301962.43,0,0,0,0,0,0,1016899.28,"TX",15,NA,NA,NA,NA,NA,213000,0,"06/30/2025",3464.33,0
"H8TX16109","ESCOBAR, VERONICA","I",1,"DEM",423028.3,0,214828.1,0,115844.62,324044.82,0,0,0,0,0,0,300295.8,"TX",16,NA,NA,NA,NA,NA,122732.5,0,"06/30/2025",891.12,1500
"H2TX16250","MONTANEZ BERRIOS (DMB), DELIRIS","C",2,"REP",1744.91,0,1744.91,0,500,500,0,210.63,0,0,0,57257.91,1534.28,"TX",16,NA,NA,NA,NA,NA,0,0,"06/30/2025",0,0
"H2TX03126","SESSIONS, PETE","I",2,"REP",253563.74,0,148335.24,0,440935.66,546164.16,0,0,0,0,0,0,127191,"TX",17,NA,NA,NA,NA,NA,117270.85,0,"06/30/2025",0,0
"H4TX02181","FILLER, PETER STEVEN","O",1,"DEM",129.72,0,96,0,56.57,90.29,0,0,0,0,0,0,129.72,"TX",18,NA,NA,NA,NA,NA,0,0,"06/30/2025",0,0
"H4TX18138","EDWARDS, AMANDA","C",1,"DEM",803348.38,0,181444.43,0,1213.94,623117.89,11445.85,0,0,0,0,0,778847.81,"TX",18,NA,NA,NA,NA,NA,12800,0,"06/30/2025",1600,0
"H4TX18153","MARTIN, ISAIAH MR.","O",1,"DEM",188079.45,0,171018.77,0,174634.56,191695.24,0,0,0,0,0,0,186579.45,"TX",18,NA,NA,NA,NA,NA,1500,0,"06/30/2025",6,0
"H4TX18237","TURNER, SYLVESTER","I",1,"DEM",29075,0,104470.72,1035.25,208062.69,132666.97,0,0,0,0,0,0,20075,"TX",18,NA,NA,NA,NA,NA,9000,0,"06/30/2025",1000,0
"H6TX18232","MENEFEE, CHRISTIAN D","O",1,"DEM",977795.8,0,337206.96,0,0,640588.84,100,0,0,0,0,0,943348.19,"TX",18,NA,NA,NA,NA,NA,34300,0,"06/30/2025",0,0
"H6TX18315","EATMON, EBONY RAIN","O",1,"DEM",13546.5,0,10908.75,0,50,2687.75,0,0,0,0,0,0,13546.5,"TX",18,NA,NA,NA,NA,NA,0,0,"06/30/2025",0,0
"H6TX18331","CADORE, ZOE","O",1,"DEM",239235.77,0,56653.04,0,0,182582.73,0,0,0,0,0,4311.88,224485.77,"TX",18,NA,NA,NA,NA,NA,14750,0,"06/30/2025",175,0
"H6TX18364","JONES, JOLANDA","O",1,"DEM",100989.5,0,9423.37,0,0,91566.13,0,0,0,0,0,0,93982,"TX",18,NA,NA,NA,NA,NA,7000,0,"06/30/2025",0,0
"H6TX18372","HUEY, STEPHEN","C",1,"DEM",12335.37,0,174.58,0,0,12160.79,0,0,0,0,0,0,12335.37,"TX",18,NA,NA,NA,NA,NA,0,0,"06/30/2025",0,0
"H2TX18207","MONTIEL, CARMEN","C",2,"REP",5206.11,0,3135.04,0,442.49,2513.56,500,0,0,0,0,0,4206.11,"TX",18,NA,NA,NA,NA,NA,500,0,"06/30/2025",0,0
"H6TX18349","ANDERSON, REYNA","O",3,"OTH",7121.37,0,3470.03,0,3651.34,7302.68,0,0,0,0,0,0,5621.37,"TX",18,NA,NA,NA,NA,NA,1500,0,"06/30/2025",0,0
"H6TX19198","RABLE, KYLE","C",1,"DEM",5558,0,2158.89,0,0,3399.11,200,0,0,0,0,0,5358,"TX",19,NA,NA,NA,NA,NA,0,0,"06/30/2025",0,0
"H6TX19099","ARRINGTON, JODEY","I",2,"REP",1365158.91,741000,552000.63,0,1884196.33,2697354.61,0,0,0,0,0,0,215361.93,"TX",19,NA,NA,NA,NA,NA,393000,0,"06/30/2025",0,0
"H2TX35011","CASTRO, JOAQUIN","I",1,"DEM",171526.27,0,142146.82,0,138657.52,168036.97,0,0,0,0,0,0,133023.27,"TX",20,NA,NA,NA,NA,NA,38500,0,"06/30/2025",24,0
"H6TX20113","BAEZ, EDGARDO RAFAEL DR","C",2,"REP",6591.59,0,1873.2,0,0,4718.39,1600,0,0,0,0,2472.89,4991.59,"TX",20,NA,NA,NA,NA,NA,0,0,"06/30/2025",0,0
"H2TX27273","TRISTAN, ANTHONY JAMES","C",3,"IND",0,0,0,0,0,0,0,0,0,0,0,0,0,"TX",20,NA,NA,NA,NA,NA,0,0,"03/31/2025",0,0
"H8TX21307","ROY, CHIP","I",2,"REP",713840.72,233350.75,435689.9,0,2277316.63,2555467.45,0,0,0,0,0,0,426943.42,"TX",21,NA,NA,NA,NA,NA,53000,0,"06/30/2025",0,0
"H4TX22197","GREENE-SCOTT, MARQUETTE","C",1,"DEM",890,0,926.28,0,0,9.75,0,0,0,0,0,0,890,"TX",22,NA,NA,NA,NA,NA,0,0,"06/30/2025",0,0
"H0TX22302","NEHLS, TROY","I",2,"REP",188761.75,0,231009.92,0,289078.7,246830.53,0,0,0,0,0,0,45308.51,"TX",22,NA,NA,NA,NA,NA,105000,0,"06/30/2025",6300.28,5000
"H4TX23138","LIMON, SANTOS M.","C",1,"DEM",356755,0,6815,0,0,349940,0,354400,0,0,0,354400,2355,"TX",23,NA,NA,NA,NA,NA,0,0,"06/30/2025",0,0
"H0TX35015","GONZALES, ERNEST ANTHONY TONY II","I",2,"REP",1189043.04,595800.55,284562.63,0,1458986.92,2363467.33,0,0,0,0,0,126870.47,316626.36,"TX",23,NA,NA,NA,NA,NA,271500,0,"06/30/2025",6600,0
"H6TX23216","ENRIQUEZ, EZEKIEL","C",2,"REP",27902.41,0,23530.73,0,-2171.43,2200.25,0,20220,0,0,0,22832.9,7682.41,"TX",23,NA,NA,NA,NA,NA,0,0,"06/30/2025",0,0
"H6TX23232","RUBIO, SUSAN STOREY","C",2,"REP",408085.66,0,899.02,0,0,407186.64,0,350000,0,0,0,428907.29,58085.66,"TX",23,NA,NA,NA,NA,NA,0,0,"06/30/2025",0,0
"H6TX24172","BURGE, KEVIN BERYL","C",1,"DEM",22779,0,4650.33,0,0,18128.67,3500,0,0,0,0,0,19279,"TX",24,NA,NA,NA,NA,NA,0,0,"06/30/2025",0,0
"H6TX24198","BUCHWALD, JON","C",1,"DEM",12474.69,0,4300.98,0,0,8173.71,0,11341.69,0,0,0,11341.69,1133,"TX",24,NA,NA,NA,NA,NA,0,0,"06/30/2025",0,0
"H0TX24209","VAN DUYNE, ELIZABETH ANN","I",2,"REP",1052107.87,420656.8,497633.47,0,1960872.11,2515346.51,0,0,0,0,0,0,197463.34,"TX",24,NA,NA,NA,NA,NA,369000,0,"06/30/2025",0,0
"H6TX25211","MARKS, WILLIAM JAMES","C",1,"DEM",28841.89,0,5298.52,0,0,23543.37,1000,20000,0,0,0,20000,7841.89,"TX",25,NA,NA,NA,NA,NA,0,0,"06/30/2025",0,0
"H6TX25229","OTOOLE, STEPHEN CHARLES","C",1,"DEM",0,0,320.32,0,533.86,213.54,0,0,0,0,0,0,0,"TX",25,NA,NA,NA,NA,NA,0,0,"06/30/2025",0,0
"H2TX33040","WILLIAMS, ROGER","I",2,"REP",604792.27,468115.17,269634.44,0,571500.96,906658.79,0,0,0,0,0,0,20336.07,"TX",25,NA,NA,NA,NA,NA,111978,0,"06/30/2025",0,0
"H4TX26172","LINEBERGER, ERNEST ROBINSON III","C",1,"DEM",15721.05,0,6985.23,0,3492.69,12228.51,0,0,0,0,0,31000,15721.05,"TX",26,NA,NA,NA,NA,NA,0,0,"06/30/2025",0,0
"H4TX26149","GILL, BRANDON","I",2,"REP",285326.53,55818.3,125793.52,2157.49,127823.4,287356.41,0,0,0,0,0,522195.78,119824.16,"TX",26,NA,NA,NA,NA,NA,108300,0,"06/30/2025",0,0
"H4TX27089","LLOYD, TANYA W","C",1,"DEM",4226.89,0,2219.81,0,187.33,2194.41,71.89,0,0,0,0,14137.08,4155,"TX",27,NA,NA,NA,NA,NA,0,0,"06/30/2025",0,0
"H8TX27049","CLOUD, MICHAEL","I",2,"REP",324582.21,0,266564.6,0,136877.29,194894.9,0,0,0,0,0,0,274393.21,"TX",27,NA,NA,NA,NA,NA,39500,0,"06/30/2025",2206.22,0
"H2TX23082","CUELLAR, HENRY R.","I",1,"DEM",642834.49,16750,331578.12,0,47958.91,359215.28,4500,2e+05,0,0,0,2e+05,257554.58,"TX",28,NA,NA,NA,NA,NA,159800,0,"06/30/2025",28,0
"H2TX34113","FLORES, MAYRA NOHEMI","C",2,"REP",325605.59,0,187925.25,0,2828.29,140508.63,0,0,0,0,0,0,300105.59,"TX",28,NA,NA,NA,NA,NA,25500,0,"06/30/2025",2332.13,0
"H4TX28129","FURMAN, JAY COMMANDER","C",2,"REP",85745.87,24148,49593.3,0,4922.26,41074.83,4907.07,0,0,6000,0,557569.97,53818.2,"TX",28,NA,NA,NA,NA,NA,0,0,"06/30/2025",3300,0
"H6TX28082","ESPARZA, JUAN","C",2,"REP",16950.99,0,16876.98,0,0,74.01,0,15000,0,0,0,15000,1025,"TX",28,NA,NA,NA,NA,NA,0,0,"06/30/2025",0,0
"H8TX29052","GARCIA, SYLVIA R","I",1,"DEM",129648.57,0,306349.81,0,371753.81,195052.57,0,0,0,0,0,0,49581,"TX",29,NA,NA,NA,NA,NA,79000,0,"06/30/2025",0,0
"H2TX30178","CROCKETT, JASMINE","I",1,"DEM",3836453.2,10237.66,1679780.85,50000,1611233.21,3767905.56,0,0,0,0,0,0,3716865.54,"TX",30,NA,NA,NA,NA,NA,109050,0,"06/30/2025",9401,0
"H6TX30153","LABRUCE, RODNEY","C",1,"DEM",665,0,631.94,0,1443,-316.94,0,0,0,0,0,0,665,"TX",30,NA,NA,NA,NA,NA,0,0,"06/30/2025",0,0
"H4TX30109","DANIELS, SHOLDON","C",2,"REP",100078.66,0,62818.8,0,0,37259.86,1375.94,700,0,700,0,0,97405.4,"TX",30,NA,NA,NA,NA,NA,0,0,"06/30/2025",0,0
"H6TX30187","HEISE, GREGOR HEINRICH","C",2,"REP",4222.25,0,1494.44,0,0,2727.81,100,0,0,0,0,0,4122.25,"TX",30,NA,NA,NA,NA,NA,0,0,"06/30/2025",0,0
"H6TX31094","EARLY, JUSTIN","C",1,"DEM",14457,0,3161.11,0,0,11295.89,0,7800,0,0,0,18000,6657,"TX",31,NA,NA,NA,NA,NA,0,0,"06/30/2025",0,0
"H0TX31048","WILLIAMS, MICHAEL HOWARD MR.","C",2,"REP",0,0,0,0,68407.53,68407.53,0,0,0,0,0,130172.58,0,"TX",31,NA,NA,NA,NA,NA,0,0,"06/30/2025",0,0
"H2TX31044","CARTER, JOHN R REP.","I",2,"REP",553653.12,319097.37,161829.95,0,41438.95,433262.12,0,0,0,0,0,0,118255.75,"TX",31,NA,NA,NA,NA,NA,116300,0,"06/30/2025",0,0
"H6TX31078","GOMEZ NORIEGA, VALENTINA","C",2,"REP",7063.72,0,1163.9,0,260,6159.82,0,0,0,0,0,0,7063.72,"TX",31,NA,NA,NA,NA,NA,0,0,"06/30/2025",0,0
"H6TX31086","HAMDEN, RAYMOND H II","C",2,"REP",6100,0,5750,0,0,350,0,4500,0,0,0,4500,1600,"TX",31,NA,NA,NA,NA,NA,0,0,"06/30/2025",0,0
"H4TX06216","CORNWALLIS, ALEX","C",1,"DEM",58931.05,0,104350,0,45418.95,0,0,0,0,104350,0,0,58931.05,"TX",32,NA,NA,NA,NA,NA,0,0,"03/29/2025",0,0
"H4TX32089","JOHNSON, JULIE","I",1,"DEM",531094.48,0,253456.21,0,230903.4,508541.67,0,0,0,0,0,0,341044.48,"TX",32,NA,NA,NA,NA,NA,190050,0,"06/30/2025",-415,0
"H6TX32126","MONTANEZ, MONTY","C",2,"REP",11817.77,0,3195.16,0,0,8622.61,0,11000,0,0,0,11000,817.77,"TX",32,NA,NA,NA,NA,NA,0,0,"06/30/2025",0,0
"H2TX33073","VEASEY, MARC ALLISON","I",1,"DEM",390333.43,0,556217.82,0,1009480.43,843596.04,0,0,0,0,0,0,105533.43,"TX",33,NA,NA,NA,NA,NA,284800,0,"06/30/2025",6600,10300
"H6TX33041","SCHWAB, KURT","C",2,"REP",2100,0,1809.94,0,0,290.06,0,0,100,0,0,100,2000,"TX",33,NA,NA,NA,NA,NA,0,0,"03/31/2025",0,0
"H6TX15162","GONZALEZ, VICENTE","I",1,"DEM",857476.74,30750,207089.1,0,282059.76,932447.4,0,0,0,0,0,0,491507.66,"TX",34,NA,NA,NA,NA,NA,334800,419.08,"06/30/2025",1350.33,0
"H6TX34049","ALLEN, KEITH","C",2,"REP",75050.33,0,63386.39,0,944.54,12608.48,0,65000,0,0,0,65000,10050.33,"TX",34,NA,NA,NA,NA,NA,0,0,"06/30/2025",0,0
"H6TX34056","MORALES, MARIO ALBERTO","C",2,"REP",11654.7,0,5454.87,0,0,6199.83,40,0,0,0,0,0,11614.7,"TX",34,NA,NA,NA,NA,NA,0,0,"06/30/2025",0,0
"H8TX21331","GARZA, MAURO EVERETT MR.","C",2,"REP",11502.48,0,11659,0,156.52,0,0,11502.48,0,0,0,216937.81,0,"TX",34,NA,NA,NA,NA,NA,0,0,"06/30/2025",0,0
"H2TX35144","CASAR, GREG","I",1,"DEM",264846.3,0,185034.15,0,370838.96,450651.11,0,0,0,0,0,10000,200327.84,"TX",35,NA,NA,NA,NA,NA,64500,0,"06/30/2025",3,0
"H4TX35025","WRIGHT, STEVEN WILLIAM","C",2,"REP",0,0,250,0,17649.14,17399.14,0,0,0,0,0,36000,0,"TX",35,NA,NA,NA,NA,NA,0,0,"06/30/2025",0,0
"H6TX35020","KRAUSE, RYAN P","C",2,"REP",54594.75,0,5115,0,-2235.59,47244.16,0,15282,0,0,0,15282,39312.75,"TX",35,NA,NA,NA,NA,NA,0,0,"06/30/2025",0,0
"H6TX35038","PENA, LAUREN B.","C",2,"REP",2508.71,0,1814.19,0,0,694.52,0,0,0,0,0,0,2508.71,"TX",35,NA,NA,NA,NA,NA,0,0,"06/30/2025",0,0
"H6TX02079","BABIN, BRIAN","I",2,"REP",422310.21,157729.09,341661.73,0,646202.65,726851.13,0,0,0,0,0,0,101040.39,"TX",36,NA,NA,NA,NA,NA,146388,0,"06/30/2025",0,0
"H4TX10028","DOGGETT, LLOYD","I",1,"DEM",130109.34,0,151641.74,0,6227828.08,6206295.68,0,0,0,0,0,0,22859.34,"TX",37,NA,NA,NA,NA,NA,107250,0,"06/30/2025",0,0
"H6TX37026","GARY, GE'NELL","C",2,"REP",806.93,0,514.57,0,0,292.36,0,250,0,0,0,4247.89,556.93,"TX",37,NA,NA,NA,NA,NA,0,0,"06/30/2025",0,0
"H4TX38011","MCDONOUGH, MELISSA A","C",1,"DEM",8870,0,1606.12,0,22699.79,29963.67,1000,0,0,0,0,113239.86,7870,"TX",38,NA,NA,NA,NA,NA,0,0,"06/30/2025",0,0
"H0TX07170","HUNT, WESLEY","I",2,"REP",1005362.27,327612.8,474644.63,0,2487176.16,3017893.8,0,0,0,0,0,0,532230.59,"TX",38,NA,NA,NA,NA,NA,144000,0,"06/30/2025",0,0
"H6UT01152","TOMKINS, ANTHONY","C",1,"DEM",119.52,0,119.52,0,0,0,119.52,0,0,0,0,0,0,"UT",1,NA,NA,NA,NA,NA,0,0,"06/30/2025",0,0
"H0UT01205","MOORE, BLAKE","I",2,"REP",1033332.83,34795.64,555644.06,0,1534022.94,2011711.71,0,0,0,0,0,0,420037.19,"UT",1,NA,NA,NA,NA,NA,578500,0,"06/30/2025",500,0
"H4UT02296","MALOY, CELESTE","I",2,"REP",258099.79,0,142607.09,0,107021.43,222514.13,0,0,0,0,0,55424.48,127366.44,"UT",2,NA,NA,NA,NA,NA,130423,0,"06/30/2025",0,0
"H4UT03260","KENNEDY, MIKE","I",2,"REP",284102.86,20000,172811.87,0,125201.81,236492.8,0,0,0,0,0,315279.48,148602.86,"UT",3,NA,NA,NA,NA,NA,115500,0,"06/30/2025",21.73,1500
"H0UT04076","OWENS, BURGESS","I",2,"REP",304629.45,63685.43,336909.93,0,133428.85,101148.37,0,0,0,0,0,0,203140.39,"UT",4,NA,NA,NA,NA,NA,37500,0,"06/30/2025",150,0
"H6VA01182","POHL, AMANDA","C",1,"DEM",35033.5,0,1166.81,0,0,33866.69,0,0,0,0,0,0,34933.5,"VA",1,NA,NA,NA,NA,NA,0,100,"06/30/2025",0,0
"H6VA01190","KHANNA, LISA VEDERNIKOVA","C",1,"DEM",144757.35,0,25367.46,0,0,119389.89,0,0,0,0,0,0,144757.06,"VA",1,NA,NA,NA,NA,NA,0,0,"06/30/2025",525,0
"H8VA01147","WITTMAN, ROBERT J. MR.","I",2,"REP",1367003.17,451773.27,347935.06,0,1375880.13,2394948.24,0,0,0,0,0,0,529243.54,"VA",1,NA,NA,NA,NA,NA,378250,0,"06/30/2025",1096.09,0
"H2VA02098","SLEISTER, NICOLAUS","C",1,"DEM",2261,0,2070.83,0,0,190.17,770,0,0,0,0,0,1491,"VA",2,NA,NA,NA,NA,NA,0,0,"06/30/2025",0,0
"H2VA02064","KIGGANS, JENNIFER","I",2,"REP",2092110.76,634582.67,689340.35,0,45477.4,1448247.81,0,0,0,0,0,87686.33,882027.01,"VA",2,NA,NA,NA,NA,NA,558800.68,5000,"06/30/2025",4740,0
"H6VA01117","SCOTT, ROBERT C","I",1,"DEM",164834.91,0,186685.37,0,162863.29,141012.83,0,0,0,0,0,3191.43,84994,"VA",3,NA,NA,NA,NA,NA,79840.91,0,"06/30/2025",0,0
"H6VA03097","VASQUEZ, DAWN E","",3,"IND",14500,0,14500,0,0,0,0,14500,0,0,0,14500,0,"VA",3,NA,NA,NA,NA,NA,0,0,"06/30/2025",0,0
"H4VA04066","MCCLELLAN, JENNIFER","I",1,"DEM",367861.92,0,314547.37,0,54101.21,107415.76,0,0,0,0,0,0,211829.91,"VA",4,NA,NA,NA,NA,NA,155500.01,0,"06/30/2025",1367,0
"H0VA05160","GOOD, ROBERT G. HON.","C",2,"REP",27982.35,0,19312.09,0,4371.38,13041.64,0,10000,0,0,0,48327.3,4155.99,"VA",5,NA,NA,NA,NA,NA,13800,0,"06/30/2025",200,12000
"H0VA07133","MCGUIRE, JOHN","C",2,"REP",507435.75,178228.19,230977.74,0,34218.51,310676.52,0,0,0,0,0,60783.5,184407.01,"VA",5,NA,NA,NA,NA,NA,142800.55,0,"06/30/2025",50,28864.65
"H4VA06061","MITCHELL, KEN","C",1,"DEM",16791.26,0,14588.99,0,34043.79,36246.06,0,0,0,0,0,1000,12934,"VA",6,NA,NA,NA,NA,NA,270,0,"06/30/2025",0,0
"H8VA06104","CLINE, BENJAMIN LEE","I",2,"REP",351405.53,0,251749.35,0,328322.03,427978.21,0,0,0,0,0,0,174745.44,"VA",6,NA,NA,NA,NA,NA,176660.09,0,"06/30/2025",0,0
"H4VA07234","VINDMAN, YEVGENY 'EUGENE'","I",1,"DEM",3667772.42,42402.34,1696021.75,150,134933.74,2106684.41,0,0,0,0,0,0,3348894.18,"VA",7,NA,NA,NA,NA,NA,267300,619.68,"06/30/2025",12722.83,0
"H6VA07171","MAYFIELD, DARIUS","C",2,"REP",15875,0,9162.4,0,0,6712.6,0,12500,0,0,0,26252,3375,"VA",7,NA,NA,NA,NA,NA,0,0,"06/30/2025",0,0
"H6VA07189","GRAY, JOHN","C",2,"REP",136149.08,0,32706.59,0,0,103442.49,0,100200,0,0,0,100200,35949.08,"VA",7,NA,NA,NA,NA,NA,0,0,"06/30/2025",0,0
"H4VA08224","BEYER, DONALD STERNOFF JR.","I",1,"DEM",645760.89,0,521470.54,0,557062.68,681353.03,0,0,0,0,0,0,491732.61,"VA",8,NA,NA,NA,NA,NA,154000,0,"06/30/2025",1057,0
"H0VA08172","KIM, HEERAK CHRISTIAN DR.","C",2,"REP",700,0,729.91,0,279.37,249.46,500,0,0,0,0,0,200,"VA",8,NA,NA,NA,NA,NA,0,0,"06/30/2025",0,0
"H6VA08252","SABIO, TONY","C",2,"REP",140,0,6.5,0,0,133.5,0,0,0,0,0,0,140,"VA",8,NA,NA,NA,NA,NA,0,0,"06/30/2025",0,0
"H6VA09102","MURPHY, ADAM","C",1,"DEM",860,0,14.23,0,0,845.77,500,0,0,0,0,0,360,"VA",9,NA,NA,NA,NA,NA,0,0,"06/30/2025",0,0
"H0VA09055","GRIFFITH, H MORGAN","I",2,"REP",396825.83,0,386372.85,0,463888.7,474341.68,0,0,0,0,0,0,67944.98,"VA",9,NA,NA,NA,NA,NA,322000,0,"06/30/2025",0,0
"H4VA10279","SUBRAMANYAM, SUHAS","I",1,"DEM",279502.19,0,167089.67,150,90833.44,203245.96,2170.56,0,0,0,0,0,157781.83,"VA",10,NA,NA,NA,NA,NA,118300,0,"06/30/2025",3501,0
"H6VA11066","WALKINSHAW, JAMES","",1,"DEM",768674.68,0,535053.77,0,0,233620.91,0,0,0,0,0,28689.75,599174.68,"VA",11,NA,NA,NA,NA,NA,169500,0,"06/30/2025",500,0
"H6VA11074","PEKARSKY, STELLA","O",1,"DEM",338806,0,378829.26,0,0,-40023.26,0,250000,0,0,0,250000,70406,"VA",11,NA,NA,NA,NA,NA,18000,0,"06/30/2025",0,0
"H6VA11082","BENNETT, CANDICE","O",1,"DEM",37519.54,0,37325.46,0,1371.67,1565.75,8662.91,0,0,0,0,0,28856.63,"VA",11,NA,NA,NA,NA,NA,0,0,"07/27/2025",0,0
"H6VA11116","AISEN, JOSHUA","O",1,"DEM",6495,0,6495,0,0,0,0,0,0,0,0,0,6495,"VA",11,NA,NA,NA,NA,NA,0,0,"06/30/2025",100,0
"H6VA11132","MARTINEZ NUCETE, LEO","O",1,"DEM",180558,0,163392.5,0,0,17165.5,0,0,0,0,0,6935.48,176408,"VA",11,NA,NA,NA,NA,NA,4150,0,"06/30/2025",50,0
"H6VA11140","ROMA, AMY","O",1,"DEM",932500.12,0,734369.55,0,0,198130.57,2634.62,4e+05,0,0,0,4e+05,523865.5,"VA",11,NA,NA,NA,NA,NA,6000,0,"06/30/2025",17510,0
"H6VA11157","SHIN, IRENE","O",1,"DEM",141370.7,0,117728.53,0,0,23642.17,0,0,0,0,0,0,122370.7,"VA",11,NA,NA,NA,NA,NA,19000,0,"06/30/2025",10006,3500
"H6VA11165","LEE, DANIEL","O",1,"DEM",128351.53,0,114027.93,0,0,14323.6,100,50000,0,0,0,56235.37,78221,"VA",11,NA,NA,NA,NA,NA,0,0,"06/30/2025",1000,0
"H6VA11199","PAPANU, AMY","O",1,"DEM",96534.94,0,96534.94,0,0,0,80249.94,0,0,0,0,0,16285,"VA",11,NA,NA,NA,NA,NA,0,0,"07/03/2025",0,0
"H6VA11207","PUNNOOSE, PRIYA DR.","O",1,"DEM",62275,0,48727.79,0,0,13547.21,0,20000,0,0,0,20000,36275,"VA",11,NA,NA,NA,NA,NA,6000,0,"06/30/2025",525,0
"H8VA11062","CONNOLLY, GERALD EDWARD","I",1,"DEM",557470.29,0,2446595.78,1e+05,3500260.83,1611135.34,0,0,0,0,0,0,335892.26,"VA",11,NA,NA,NA,NA,NA,163550,0,"06/30/2025",11266,0
"H2VA08152","LIPSMAN, KARINA","O",2,"REP",22160,0,19922.8,0,2866.48,5103.68,0,0,0,0,0,1694.82,22160,"VA",11,NA,NA,NA,NA,NA,0,0,"06/30/2025",0,0
"H4VA11129","VAN METER, MICHAEL LEWIS","O",2,"REP",4579.41,0,4603.4,0,3098.64,3074.65,0,0,0,0,0,0,4579.41,"VA",11,NA,NA,NA,NA,NA,0,0,"06/30/2025",0,0
"H6VA11108","HEADRICK, NATHAN","O",2,"REP",252394.7,0,252394.7,0,0,0,250000,0,0,0,0,0,2394.7,"VA",11,NA,NA,NA,NA,NA,0,0,"07/09/2025",0,149267.41
"H6VA11173","RAND, LUCAS","O",2,"REP",35106.5,0,9782.98,0,0,25323.52,3480,0,0,0,0,0,31626.5,"VA",11,NA,NA,NA,NA,NA,0,0,"06/30/2025",0,0
"H6VA11215","WHITSON, STEWART","O",2,"REP",27746.55,0,9959.96,0,0,17786.59,0,6426.55,0,0,0,6426.55,21320,"VA",11,NA,NA,NA,NA,NA,0,0,"06/30/2025",0,0
"H2VI00082","PLASKETT, STACEY","I",1,"DEM",242013.11,0,150637.83,0,11246.37,102621.65,0,0,0,0,0,24733.1,87062.5,"VI",0,NA,NA,NA,NA,NA,154500,0,"06/30/2025",42,0
"H2VT01076","BALINT, REBECCA 'BECCA'","I",1,"DEM",333451.1,0,154035.19,0,145761.49,325177.4,0,0,0,0,0,0,230140.23,"VT",0,NA,NA,NA,NA,NA,102500,779.16,"06/30/2025",948,0
"H4VT01056","COESTER, C. MARK MR","C",2,"REP",3979.91,0,5816.95,0,-9070.44,-10907.48,0,0,0,0,0,114000,3979.91,"VT",0,NA,NA,NA,NA,NA,0,0,"06/30/2025",0,0
"H0WA08046","DELBENE, SUZAN K","I",1,"DEM",965054.11,0,807492.57,0,1063720.61,1221282.15,0,0,0,0,0,495000,481262.66,"WA",1,NA,NA,NA,NA,NA,471300,0,"06/30/2025",1178,0
"H0WA02080","LARSEN, RICK","I",1,"DEM",517863.97,0,350846.19,0,247436.47,414454.25,0,0,0,0,0,0,193863.24,"WA",2,NA,NA,NA,NA,NA,324000,0,"06/30/2025",-1600,0
"H2WA03134","HENNRICH, BRENT WILLIAM","C",1,"DEM",7381.25,0,2003.93,0,39,5416.32,0,0,0,0,0,0,7381.25,"WA",3,NA,NA,NA,NA,NA,0,0,"06/30/2025",0,0
"H2WA03217","GLUESENKAMP PEREZ, MARIE","I",1,"DEM",1513038.99,278630.63,422959.51,0,26460.37,1116539.85,0,0,0,0,0,0,870184.34,"WA",3,NA,NA,NA,NA,NA,272062.51,692.28,"06/30/2025",9265.59,1000
"H6WA03267","BARRAN, ANTONY","C",2,"REP",9326.58,0,389.16,0,0,8937.42,0,0,0,0,0,0,9326.58,"WA",3,NA,NA,NA,NA,NA,0,0,"06/30/2025",0,0
"H2WA04165","SESSLER, JERROD","C",2,"REP",91265.18,0,158020.08,0,75003.04,8248.14,0,0,0,50000,0,374454.19,91265.18,"WA",4,NA,NA,NA,NA,NA,0,0,"06/30/2025",0,0
"H4WA04104","NEWHOUSE, DAN","I",2,"REP",489125.47,6318.71,255375.82,0,104807.45,338557.1,0,0,0,0,0,16066.42,156601.84,"WA",4,NA,NA,NA,NA,NA,239854,0,"06/30/2025",75,2000
"H2WA05097","DANIMUS, ANN MARIE","C",1,"DEM",1800.37,0,1823.31,0,22.94,0,0,1792.82,0,0,0,13461.52,0,"WA",5,NA,NA,NA,NA,NA,0,0,"06/30/2025",0,0
"H4WA05168","CONROY, CARMELA","C",1,"DEM",89023.75,0,28673.88,0,13141.59,73491.46,2420.96,0,0,0,0,26367.58,76602.79,"WA",5,NA,NA,NA,NA,NA,0,0,"06/30/2025",0,0
"H4WA05234","BAUMGARTNER, MICHAEL JAMES","I",2,"REP",461183.15,41126.01,217808.07,0,191564.67,434939.75,0,0,0,50000,0,40100,292578.93,"WA",5,NA,NA,NA,NA,NA,126250,0,"06/30/2025",2453.14,0
"H4WA06117","RANDALL, EMILY","I",1,"DEM",373195.07,0,273068.8,0,27871.68,127997.95,0,0,0,0,0,0,242594.89,"WA",6,NA,NA,NA,NA,NA,129700,0,"06/30/2025",65.76,0
"H6WA07458","JAYAPAL, PRAMILA","I",1,"DEM",970592.66,49250,788119.7,0,2012724.77,2195197.73,0,0,0,0,0,0,790441.23,"WA",7,NA,NA,NA,NA,NA,130750,0,"06/30/2025",27260.5,1750
"H8WA08189","SCHRIER, KIM DR.","I",1,"DEM",998937.81,6000,337843.04,0,1821622.67,2482717.44,0,0,0,0,0,0,667772.37,"WA",8,NA,NA,NA,NA,NA,316500,0,"06/30/2025",3652.83,5000
"H4WA09095","CHAUDHRY, MELISSA","C",1,"DEM",735.95,0,12526.46,0,118743.21,106952.7,0,0,0,0,0,0,544.52,"WA",9,NA,NA,NA,NA,NA,0,0,"06/30/2025",0,0
"H6WA09025","SMITH, D. ADAM","I",1,"DEM",467486.86,0,379175.94,0,570752.82,659063.74,0,0,0,0,0,0,296236.86,"WA",9,NA,NA,NA,NA,NA,171250,0,"06/30/2025",14100,0
"H6WA09082","SAWANT, KSHAMA","C",3,"IND",87072.74,0,8464.03,0,0,78608.71,0,0,0,0,0,0,87072.74,"WA",9,NA,NA,NA,NA,NA,0,0,"06/30/2025",0,0
"H0WA10034","STRICKLAND, MARILYN","I",1,"DEM",470273.2,0,366433.02,0,580587.75,684427.93,0,0,0,0,0,50000,274864.17,"WA",10,NA,NA,NA,NA,NA,191752,0,"06/30/2025",0,0
"H6WI01259","BRYCE, RANDY","C",1,"DEM",25767.86,0,6522.86,0,0,19245,0,0,0,0,0,0,25767.86,"WI",1,NA,NA,NA,NA,NA,0,0,"06/30/2025",0,0
"H8WI01156","STEIL, BRYAN GEORGE","I",2,"REP",1834244.38,828564.88,393412.72,0,2219170.37,3660002.03,0,0,0,0,0,0,295291.53,"WI",1,NA,NA,NA,NA,NA,677251,0,"06/30/2025",164.46,0
"H2WI02124","POCAN, MARK","I",1,"DEM",282868.32,0,212851.55,0,1002216.96,1072233.73,0,0,0,0,0,0,128115.58,"WI",2,NA,NA,NA,NA,NA,138730,0,"06/30/2025",221,0
"H2WI02181","OLSEN, ERIK","C",2,"REP",2840,0,3414.6,0,617,135.2,2790,0,0,0,0,0,50,"WI",2,NA,NA,NA,NA,NA,0,0,"06/30/2025",0,0
"H4WI03169","COOKE, REBECCA","C",1,"DEM",1950996.39,0,693966.42,0,10139.52,1267169.49,0,0,0,0,0,0,1849946.38,"WI",3,NA,NA,NA,NA,NA,101050.01,0,"06/30/2025",1669.33,0
"H6WI03172","BERGE, EMILY","C",1,"DEM",150877.73,0,64119.37,0,0,86758.36,1053.04,0,0,0,0,0,149424.67,"WI",3,NA,NA,NA,NA,NA,400,0,"06/30/2025",0,0
"H6WI03180","BENJAMIN, LAURA S","C",1,"DEM",22503.3,0,12035.16,0,0,10468.14,0,10000,0,0,0,10000,12387,"WI",3,NA,NA,NA,NA,NA,0,0,"06/30/2025",0,0
"H0WI03175","VAN ORDEN, DERRICK F. MR.","I",2,"REP",2384267.05,735836.47,1225321.04,0,516806.06,1675752.07,0,0,0,0,0,2000,1266877.96,"WI",3,NA,NA,NA,NA,NA,373200,5000,"06/30/2025",46101.73,0
"H4WI04183","MOORE, GWEN S","I",1,"DEM",345303.48,0,317719.4,0,22247.45,49831.53,0,0,0,0,0,4077.38,129553.52,"WI",4,NA,NA,NA,NA,NA,215000,32.67,"06/30/2025",1,0
"H4WI05115","STEINHOFF, BEN","C",1,"DEM",926.72,0,777.9,0,7391.43,-2458.98,0,0,0,0,0,1000,926.72,"WI",5,NA,NA,NA,NA,NA,0,0,"06/30/2025",0,0
"H6WI05136","BECK, ANDREW","C",1,"DEM",1452,0,354.46,0,176.16,1233.54,800,0,0,0,0,0,652,"WI",5,NA,NA,NA,NA,NA,0,0,"06/30/2025",0,0
"H0WI05113","FITZGERALD, SCOTT","I",2,"REP",389959.34,0,173838.8,0,837605.8,1053726.34,0,0,0,0,0,0,107931.34,"WI",5,NA,NA,NA,NA,NA,282000,0,"06/30/2025",0,0
"H6WI06142","WOJCIECHOWSKI, AARON MICHAEL","C",1,"DEM",25596.21,0,22891.85,0,0,2704.36,50.01,22000,0,0,0,22000,3546.2,"WI",6,NA,NA,NA,NA,NA,0,0,"06/30/2025",0,0
"H6WI06167","MARSCHALL, JOEY","C",1,"DEM",201,0,9.7,0,0,191.3,1,0,0,0,0,0,200,"WI",6,NA,NA,NA,NA,NA,0,0,"06/30/2025",0,0
"H4WI06048","GROTHMAN, GLENN S.","I",2,"REP",185260.33,0,205221.17,0,522489.71,502528.87,0,0,0,0,0,139110,119541.15,"WI",6,NA,NA,NA,NA,NA,65000,0,"06/30/2025",0,0
"H6WI07199","ARMSTRONG, CHRISTOPHER CAMPBELL","C",1,"DEM",5895,0,3096.06,0,0,2798.94,0,0,0,0,0,0,5895,"WI",7,NA,NA,NA,NA,NA,0,0,"06/30/2025",0,0
"H0WI07101","TIFFANY, TOM","I",2,"REP",147501.02,0,198581.74,0,175940.38,124859.66,0,0,0,0,0,0,100173.02,"WI",7,NA,NA,NA,NA,NA,47328,0,"06/30/2025",0,0
"H4WI08119","WIED, TONY","I",2,"REP",301821.84,8851.66,106589.5,0,45230.5,240462.84,0,0,0,0,0,614585.32,110472.07,"WI",8,NA,NA,NA,NA,NA,181500,0,"06/30/2025",0,1000
"H4WV01058","EVANS, JONATHAN DERRICK","C",2,"REP",583773.15,0,561255.25,0,60930.78,83448.68,0,0,0,0,0,0,573706.76,"WV",1,NA,NA,NA,NA,NA,0,0,"06/30/2025",922.7,0
"H6WV01111","JACKSON, LARRY","C",2,"REP",36862.77,0,25255.43,0,1000,12607.34,0,34000,0,0,0,40000,2862.77,"WV",1,NA,NA,NA,NA,NA,0,0,"06/30/2025",0,0
"H8WV03097","MILLER, CAROL DEVINE","I",2,"REP",538942.94,0,197355.16,0,239541.98,581129.76,0,0,0,0,0,417992.72,122720.39,"WV",1,NA,NA,NA,NA,NA,414638.58,0,"06/30/2025",0,0
"H4WV02205","MOORE, RILEY","I",2,"REP",437921.71,172654.21,133115.16,0,122962.83,427769.38,0,0,0,0,0,60882.19,125767.5,"WV",2,NA,NA,NA,NA,NA,139500,0,"06/30/2025",0,0
"H2WY00166","HAGEMAN, HARRIET","I",2,"REP",455462.56,2299.7,446893.59,0,882963.04,891532.01,0,0,0,0,0,0,398947.08,"WY",0,NA,NA,NA,NA,NA,40000,0,"06/30/2025",3400,0
"P00006213","DELANEY, JOHN K.","C",1,"DEM",600,0,660,0,547.43,487.43,600,0,0,0,0,1493250,0,"00",0,NA,NA,NA,NA,NA,0,0,"06/30/2025",0,0
"P00009225","SENEY, RAYMOND J","C",1,"DEM",0,0,0,0,214.75,214.75,0,0,0,0,0,1800,0,"00",0,NA,NA,NA,NA,NA,0,0,"06/30/2025",0,0
"P00009423","HARRIS, KAMALA","C",1,"DEM",6780273.14,0,8253755.09,0,1762056.63,288574.68,0,0,0,0,0,0,0,"00",0,NA,NA,NA,NA,NA,0,0,"06/30/2025",2646531.72,0
"P00009621","WARREN, ELIZABETH","C",1,"DEM",2000.61,0,3245.46,0,1647.12,402.27,0,0,0,0,0,0,0,"00",0,NA,NA,NA,NA,NA,0,0,"06/30/2025",0,0
"P00009910","WILLIAMSON, MARIANNE","C",1,"DEM",2024.14,0,5476.07,0,3451.93,0,992.36,0,0,0,0,3151.9,0,"00",0,NA,NA,NA,NA,NA,0,0,"04/03/2025",-5454.27,0
"P00012054","DE BLASIO, BILL","C",1,"DEM",0,0,97.7,0,2431.83,2334.13,0,0,0,0,0,286.25,0,"00",0,NA,NA,NA,NA,NA,0,0,"06/30/2025",0,0
"P00013045","POPE SR, WAYNE ANTHONY","",1,"DEM",18459,0,18459,0,0,0,18459,0,0,0,0,0,18459,"00",0,NA,NA,NA,NA,NA,0,0,"04/15/2025",18459,0
"P00014530","BLOOMBERG, MICHAEL R.","C",1,"DEM",20712.81,0,0,0,3214938.93,3235651.74,0,0,0,0,0,0,0,"00",0,NA,NA,NA,NA,NA,0,0,"06/30/2025",0,0
"P40002347","EDWARDS, JOHN","O",1,"DEM",0,0,0,0,0,0,0,0,0,0,0,331586.46,0,"00",0,NA,NA,NA,NA,NA,0,0,"06/30/2025",0,0
"P40007676","SMYTH, HERBERT EZEKIEL ZEKE","C",1,"DEM",0,0,0,0,0,0,0,0,0,0,0,0,0,"00",0,NA,NA,NA,NA,NA,0,0,"06/30/2025",0,0
"P40010514","PEREZ-SERRATO, ARMANDO","C",1,"DEM",32400,0,11200,0,-18700,2500,32400,0,0,4500,0,0,0,"00",0,NA,NA,NA,NA,NA,0,0,"06/30/2025",6700,0
"P40013716","BUKOVINAC, TERRISA LIN","C",1,"DEM",0,0,0,0,-461.69,-461.69,0,0,0,0,0,573.81,0,"00",0,NA,NA,NA,NA,NA,0,0,"06/30/2025",0,0
"P40016024","PALMER, JASON MICHAEL MR.","C",1,"DEM",0,0,0,0,0,0,0,0,0,0,0,688710,0,"00",0,NA,NA,NA,NA,NA,0,0,"06/30/2025",0,0
"P40016131","PHILLIPS, DEAN","C",1,"DEM",36.79,0,1042.3,0,51649.34,-68904.1,0,0,0,0,0,350000,0,"00",0,NA,NA,NA,NA,NA,0,0,"04/30/2025",0,0
"P60007168","SANDERS, BERNARD","C",1,"DEM",42514.21,0,44182.38,0,65637.97,63969.8,0,0,0,0,0,0,0,"00",0,NA,NA,NA,NA,NA,0,0,"06/30/2025",270,0
"P60007176","FAAS, SOURAYA","C",1,"DEM",0,0,0,0,0,0,0,0,0,0,0,9300,0,"00",0,NA,NA,NA,NA,NA,0,0,"06/30/2025",0,0
"P80000268","CARTER, WILLIE FELIX","",1,"DEM",2413,0,2413,0,62.14,62.14,2413,0,0,0,0,1250,0,"00",0,NA,NA,NA,NA,NA,0,0,"06/30/2025",0,0
"P80000722","BIDEN, JOSEPH R JR","I",1,"DEM",6780273.14,0,8253755.09,0,1762056.63,288574.68,0,0,0,0,0,0,0,"00",0,NA,NA,NA,NA,NA,0,0,"06/30/2025",2646531.72,0
"P00010033","VILLARI, TIMOTHY","",2,"REP",8227.92,0,0,0,60069.4,68297.32,0,8227.92,0,0,0,629.21,0,"00",0,NA,NA,NA,NA,NA,0,0,"06/30/2025",0,0
"P00011239","WELD, WILLIAM FLOYD (BILL)","C",2,"REP",0,0,0,0,15.7,15.7,0,0,0,0,0,386367.3,0,"00",0,NA,NA,NA,NA,NA,0,0,"06/30/2025",0,0
"P00013649","SANFORD, MARSHALL HON","C",2,"REP",0,0,18547.43,0,1323503.03,1304955.6,0,0,0,0,0,0,0,"00",0,NA,NA,NA,NA,NA,0,0,"06/30/2025",0,0
"P00014357","BUCHSER-LOCHOCKI, SUSAN","C",2,"REP",3,0,84.22,0,11803.84,11722.62,0,0,0,0,0,6593.06,3,"00",0,NA,NA,NA,NA,NA,0,0,"06/30/2025",0,0
"P20002721","SANTORUM, RICHARD J.","O",2,"REP",0,0,0,0,1721.35,1721.35,0,0,0,0,0,983606.46,0,"00",0,NA,NA,NA,NA,NA,0,0,"06/30/2025",0,0
"P20002978","BACHMANN, MICHELE","C",2,"REP",102.74,0,39534.53,0,1156412.6,1116980.81,0,0,0,0,0,1914.4,0,"00",0,NA,NA,NA,NA,NA,0,0,"06/30/2025",0,0
"P40003824","FRAYER, DONALD ROBERT","C",2,"REP",0,0,0,0,-1076.41,-1076.41,0,0,0,0,0,0,0,"00",0,NA,NA,NA,NA,NA,0,0,"06/30/2025",0,0
"P40007650","RUOHO, MICHAEL JEFFREY","C",2,"REP",0,0,550,0,413.65,-136.35,0,0,0,0,0,0,0,"00",0,NA,NA,NA,NA,NA,0,0,"03/31/2025",0,0
"P40010415","NORRIS, JIM ALEXANDER SR","C",2,"REP",0,0,0,0,775779979,775779979,0,0,0,0,0,0,0,"00",0,NA,NA,NA,NA,NA,0,0,"06/30/2025",0,0
"P40011868","BINKLEY, RYAN","C",2,"REP",3500,0,3941.06,0,1491.02,1049.96,0,3500,0,0,0,11061000,0,"00",0,NA,NA,NA,NA,NA,0,0,"06/30/2025",0,0
"P40012155","SCOTT, TIMOTHY E.","C",2,"REP",1429445.11,37287.15,2030733.61,0,5717522.55,5116234.05,0,0,0,0,0,0,1266362.93,"00",0,NA,NA,NA,NA,NA,46800,0,"06/30/2025",975,0
"P40012593","ELDER, LARRY","C",2,"REP",0,0,35,0,772.01,737.01,0,0,0,0,0,149395.5,0,"00",0,NA,NA,NA,NA,NA,0,0,"06/30/2025",0,0
"P40013435","PENCE, MIKE","C",2,"REP",29311.43,0,46980.31,0,229211.83,211542.95,0,0,0,0,0,126763.6,0,"00",0,NA,NA,NA,NA,NA,0,0,"06/30/2025",0,0
"P40013518","BURGUM, DOUG","C",2,"REP",-103.4,0,886.46,0,989.86,0,0,0,0,695.77,0,0,-513,"00",0,NA,NA,NA,NA,NA,0,0,"03/31/2025",0,0
"P40015992","STUCKENBERG, DAVID JAMES","C",2,"REP",0,0,0,0,41102,41102,0,0,0,0,0,154090.05,0,"00",0,NA,NA,NA,NA,NA,0,0,"11/30/2025",0,0
"P60003654","GINGRICH, NEWT","C",2,"REP",3.5,0,10,0,118.43,111.93,0,0,0,0,0,4638534.55,0,"00",0,NA,NA,NA,NA,NA,0,0,"06/30/2025",0,0
"P60006111","CRUZ, RAFAEL EDWARD ""TED""","O",2,"REP",0,0,0,0,32048.27,32048.27,0,0,0,0,0,0,0,"00",0,NA,NA,NA,NA,NA,0,0,"06/30/2025",0,0
"P60006723","RUBIO, MARCO","O",2,"REP",0,0,0,0,3609.89,3609.89,0,0,0,0,0,827657.12,0,"00",0,NA,NA,NA,NA,NA,0,0,"06/30/2025",0,0
"P60007572","PATAKI, GEORGE E","O",2,"REP",0,0,108,0,3124.87,3016.87,0,0,0,0,0,20000,0,"00",0,NA,NA,NA,NA,NA,0,0,"06/30/2025",0,0
"P60008521","CHRISTIE, CHRIS","C",2,"REP",0,0,5655.4,0,32731.57,27076.17,0,0,0,0,0,0,0,"00",0,NA,NA,NA,NA,NA,0,0,"06/30/2025",0,0
"P80006497","CHEADER, ROBERT","",2,"REP",0,0,0,0,0,0,0,0,0,0,0,0,0,"00",0,NA,NA,NA,NA,NA,0,0,"07/01/2025",0,0
"P40021420","UCHE, MAUREEN ALLAH","C",3,"AMP",0,0,0,0,0,0,0,0,0,0,0,0,0,"00",0,NA,NA,NA,NA,NA,0,0,"04/14/2025",0,0
"P40021446","UCHE, MAUREEN ALLAH","C",3,"AMP",0,0,0,0,0,0,0,0,0,0,0,0,0,"00",0,NA,NA,NA,NA,NA,0,0,"04/14/2025",0,0
"P00016741","WEST, KANYE","C",3,"BDY",0,0,0,0,0,0,0,0,0,0,0,0,0,"00",0,NA,NA,NA,NA,NA,0,0,"06/30/2025",-41000,0
"P20003984","STEIN, JILL","C",3,"GRE",1,0,32815.16,0,-44410.67,192012.33,0,0,0,0,0,0,1,"00",0,NA,NA,NA,NA,NA,0,0,"06/30/2025",0,0
"P00003962","SCHRINER, JOSEPH CHARLES","C",3,"IND",0,0,0,0,15,15,0,0,0,0,0,0,0,"00",0,NA,NA,NA,NA,NA,0,0,"06/30/2025",0,0
"P00007823","LEE, HUHNKIE","C",3,"IND",1820,0,1820,0,8290,8290,0,0,0,0,0,0,1820,"00",0,NA,NA,NA,NA,NA,0,0,"06/30/2025",0,0
"P00010660","MCCRAY, VALERIE LIN DR.","C",3,"IND",3011,0,3998,0,990.75,3.75,0,2790,0,0,0,2790,221,"00",0,NA,NA,NA,NA,NA,0,0,"03/31/2025",0,0
"P00012039","CHARLES, MARK R.","C",3,"IND",0,0,1580.51,0,1580.51,0,0,0,0,0,0,0,0,"00",0,NA,NA,NA,NA,NA,0,0,"01/24/2025",0,0
"P00015297","AVOURIS, AARON PATRICK PATRICK","",3,"IND",0,0,0,0,0,0,0,0,0,0,0,0,0,"00",0,NA,NA,NA,NA,NA,0,0,"03/31/2025",0,0
"P40006520","CORDOVA, VINCENT DEAN MR. JR.","C",3,"IND",5000,0,0,0,0,5000,5000,0,0,0,0,0,0,"00",0,NA,NA,NA,NA,NA,0,0,"06/30/2025",0,0
"P40011793","KENNEDY, ROBERT F JR","C",3,"IND",2561989.3,75589.27,2908239.78,0,739177.91,392927.43,0,0,0,0,0,0,1085475.69,"00",0,NA,NA,NA,NA,NA,0,0,"06/30/2025",41866.85,0
"P40012015","AYYADURAI, SHIVA DR.","",3,"IND",1730.98,0,10370.87,0,22622.79,13982.9,0,0,0,0,0,0,1730.98,"00",0,NA,NA,NA,NA,NA,0,0,"06/30/2025",0,0
"P40013708","WEST, CORNEL","C",3,"IND",17973.44,0,18624.75,0,2238.03,1586.72,0,0,0,0,0,72604.55,17835.34,"00",0,NA,NA,NA,NA,NA,0,0,"06/30/2025",1084.45,0
"P40015281","OSORNIO, ANGEL","C",3,"IND",0,0,0,0,-5057.34,-5057.34,0,0,0,0,0,0,0,"00",0,NA,NA,NA,NA,NA,0,0,"03/31/2025",0,0
"P40019507","BELL, DOUGLAS MR","C",3,"IND",0,0,49.45,0,49.45,0,0,0,0,24.45,0,100,0,"00",0,NA,NA,NA,NA,NA,0,0,"02/19/2025",0,0
"P40019523","BELL, DOUGLAS","C",3,"IND",0,0,49.45,0,49.45,0,0,0,0,24.45,0,100,0,"00",0,NA,NA,NA,NA,NA,0,0,"02/19/2025",0,0
"P60003076","KEYES, ALAN L","O",3,"IND",0,0,0,0,0,0,0,0,0,0,0,296843.91,0,"00",0,NA,NA,NA,NA,NA,0,0,"06/30/2025",0,0
"P60022654","MCMULLIN, EVAN / MINDY FINN","O",3,"IND",0,0,0,0,86.29,86.29,0,0,0,0,0,664330.95,0,"00",0,NA,NA,NA,NA,NA,0,0,"06/30/2025",0,0
"P40003170","ASHBY, STEPHAN BLAKE","C",3,"LIB",0,0,0,0,32846.83,32846.83,0,0,0,0,0,63833.16,0,"00",0,NA,NA,NA,NA,NA,0,0,"03/31/2025",0,0
"P40007734","TER MAAT, MICHAEL","C",3,"LIB",7630,0,5815.5,0,1510.68,3325.18,0,0,0,5000,0,125000,5935,"00",0,NA,NA,NA,NA,NA,0,1695,"06/30/2025",0,0
"P40011983","OLIVER, CHASE RUSSELL","C",3,"LIB",6059.06,0,7811.92,0,2092.42,339.56,0,0,0,0,0,50174.63,6059.06,"00",0,NA,NA,NA,NA,NA,0,0,"06/30/2025",0,0
"P40014565","ANDERSON, JOSHUA","C",3,"LIB",0,0,0,0,0,0,0,0,0,0,0,0,0,"00",0,NA,NA,NA,NA,NA,0,0,"03/31/2025",0,0
"P40015240","SABER, DAVID ANDREW MX","C",3,"LIB",0,0,0,0,0,0,0,0,0,0,0,0,0,"00",0,NA,NA,NA,NA,NA,0,0,"02/07/2025",0,0
"P00012187","SMITH, DWIGHT STANFORD","",3,"NNE",0,0,0,0,0,0,0,0,0,0,0,0,0,"00",0,NA,NA,NA,NA,NA,0,0,"06/30/2025",0,0
"P40012841","GONZAGA, JOSEPH LUIZ","",3,"NNE",0,0,32876.7,0,0,-32876.7,0,0,0,0,0,591780.82,0,"00",0,NA,NA,NA,NA,NA,0,0,"06/30/2025",0,0
"P40013351","GARRITY, CHRISTOPHER","C",3,"NNE",8400,0,8383.9,0,1010.56,1026.66,0,0,0,0,0,0,8400,"00",0,NA,NA,NA,NA,NA,0,0,"06/30/2025",0,0
"P60017100","VALENTINE, JAMES","C",3,"NNE",0,0,0,0,36965.37,36965.37,0,0,0,0,0,52600,0,"00",0,NA,NA,NA,NA,NA,0,0,"06/30/2025",0,0
"P80006737","CORDOVA, VINCENT DEAN MR. JR","",3,"NON",5000,0,0,0,0,5000,5000,0,0,0,0,0,0,"00",0,NA,NA,NA,NA,NA,0,0,"06/30/2025",0,0
"P40012445","JACOBS, KEITH S","C",3,"NPA",0,0,192,0,-286.47,-478.47,0,0,0,0,0,6630,0,"00",0,NA,NA,NA,NA,NA,0,0,"06/30/2025",0,0
"P00017699","SATALINO, SYDNEY","",3,"OTH",0,0,0,0,0,0,0,0,0,0,0,0,0,"00",0,NA,NA,NA,NA,NA,0,0,"01/30/2025",0,0
"P40013724","SONSKI, PETER","C",3,"OTH",10,0,3962.71,0,3952.71,0,0,0,0,0,0,0,10,"00",0,NA,NA,NA,NA,NA,0,0,"06/30/2025",0,0
"P60005303","FOX, CHERUNDA LYNN","",3,"OTH",19169.28,0,19169.28,0,0,0,18942.46,0,226.83,0,226.83,0,0,"00",0,NA,NA,NA,NA,NA,0,0,"06/30/2025",0,0
"P40019598","TANNIRU, JOSEPH KISHORE","C",3,"SEP",210,0,2195.18,0,1985.18,0,0,0,0,0,0,0,210,"00",0,NA,NA,NA,NA,NA,0,0,"03/31/2025",0,0
"P40019218","TERRY, RANDAL ALLAN MR.","C",3,"UN",34760.6,0,32637.36,0,-9731.19,-7607.95,0,0,0,0,0,0,26010,"00",0,NA,NA,NA,NA,NA,5622.65,0,"06/30/2025",0,0
"P40020125","SCAFIDI, TYLER LEE MR.","C",3,"UN",0,0,0,0,5.62,5.62,0,0,0,0,0,0,0,"00",0,NA,NA,NA,NA,NA,0,0,"06/30/2025",0,0
"P40021222","EUZARRAGA, PIERRE","",3,"UNK",2376000,0,2376000,0,1100,-2376000,2376000,0,0,0,0,0,0,"00",0,NA,NA,NA,NA,NA,0,0,"06/30/2025",0,0
"P40019937","FISHBACK, BRIAN C MR.","C",3,"W",1048392.45,12000,343393.75,0,57997.85,762996.55,0,0,0,0,0,0,938091.89,"00",0,NA,NA,NA,NA,NA,96750,0,"06/30/2025",669,0
"P40020505","FIORI, RACHEL","C",3,"W",0,0,0,0,1765,1765,0,0,0,0,0,0,0,"00",0,NA,NA,NA,NA,NA,0,0,"12/31/2025",0,0
"P40021818","LESPERANCE, ALICIA MARIE","C",3,"W",0,0,0,0,0,0,0,0,0,0,0,5000,0,"00",0,NA,NA,NA,NA,NA,0,0,"06/30/2025",0,0
"P00004861","BICKELMEYER, MICHAEL","",2,"REP",500,0,467.9,0,2.1,34.2,500,0,0,0,0,0,0,"00",NA,NA,NA,NA,NA,NA,0,0,"06/30/2025",0,0
"P40014086","CATANESE, PAUL","C",3,"IND",0,0,0,0,2305.89,2305.89,0,0,0,0,0,0,0,"00",NA,NA,NA,NA,NA,NA,0,0,"03/31/2025",0,0
"P40014755","PRINCE, JOHN ALLEN","C",3,"IND",11000,0,11000,1200,600,300,10000,0,0,0,0,0,10700,"00",NA,NA,NA,NA,NA,NA,100,200,"07/20/2025",0,0
"S4AK00214","SULLIVAN, DAN","I",2,"REP",2202863.09,651035.24,386144.99,0,2090904.79,3907622.89,0,0,0,0,0,0,884645.32,"AK",0,NA,NA,NA,NA,NA,621300,0,"06/30/2025",2900,0
"S6AL00393","WHEELER, MARK SHANNON MR II","O",1,"DEM",10236.96,0,2355.67,0,0,7881.29,0,0,0,0,0,1610.66,10236.96,"AL",0,NA,NA,NA,NA,NA,0,0,"06/30/2025",0,0
"S6AL00427","LARRIETT, DAKARAI","O",1,"DEM",52324.85,0,26751.84,0,0,25573.01,10,0,0,0,0,0,52304.85,"AL",0,NA,NA,NA,NA,NA,10,0,"06/30/2025",35,0
"S6AL00435","SWEETSER, KYLE","O",1,"DEM",57800.97,0,46312.94,0,0,11488.03,150.84,0,0,0,0,0,47650.13,"AL",0,NA,NA,NA,NA,NA,10000,0,"06/30/2025",15,0
"S0AL00230","TUBERVILLE, THOMAS H","I",2,"REP",589509.15,20340.87,536736.47,0,532330.47,585103.15,0,0,0,0,0,10158.63,441673.28,"AL",0,NA,NA,NA,NA,NA,127000,0,"06/30/2025",18439.75,3500
"S6AL00443","HUDSON, JARED","C",2,"REP",209721.97,0,8596.23,0,0,201125.74,0,0,0,0,0,0,209721.97,"AL",0,NA,NA,NA,NA,NA,0,0,"06/30/2025",0,0
"S6AL00450","MARSHALL, STEVEN T","C",2,"REP",406318.43,0,23364.3,0,0,382954.13,0,0,0,0,0,0,391318.43,"AL",0,NA,NA,NA,NA,NA,15000,0,"06/30/2025",10000,0
"S0AR00218","WHITFIELD, DANIEL ALLEN","C",1,"DEM",122.09,0,27.03,0,1877.23,1972.29,0,0,0,0,0,5039.84,122,"AR",0,NA,NA,NA,NA,NA,0,0,"06/30/2025",0,0
"S4AR00103","COTTON, THOMAS","I",2,"REP",2460985.1,682444.66,923003.81,2697.11,7450869.83,8988851.12,0,0,0,0,0,73959,1170485.92,"AR",0,NA,NA,NA,NA,NA,396500,0,"06/30/2025",8770,5000
"S0CO00575","HICKENLOOPER, JOHN W.","I",1,"DEM",2612008.7,219859.34,1276294.26,0,1435632.98,2771347.42,0,0,0,0,0,0,1877462.56,"CO",0,NA,NA,NA,NA,NA,446080,62000,"06/30/2025",16079.5,17000
"S6CO00408","BRESLIN, KAREN","C",1,"DEM",13011.8,0,6853.22,0,0,6158.58,0,0,0,0,0,0,13011.8,"CO",0,NA,NA,NA,NA,NA,0,0,"06/30/2025",0,0
"S6CO00424","MARKERT, GEORGE WASHINGTON MR V","C",2,"REP",98564.44,0,40819.32,0,0,57745.12,40614.44,50000,0,0,0,50000,7950,"CO",0,NA,NA,NA,NA,NA,0,0,"06/30/2025",0,0
"S0DE00092","COONS, CHRISTOPHER A.","I",1,"DEM",1298746.99,14000,442398.82,0,2185199.85,3041548.02,0,0,0,0,0,0,756342.32,"DE",0,NA,NA,NA,NA,NA,503250,0,"06/30/2025",12311,1500
"S2FL00581","GRAYSON, ALAN MARK","C",1,"DEM",62827.06,0,65551.85,0,126917.81,124193.02,0,46400.99,0,12000,0,3889066.85,16426.07,"FL",0,NA,NA,NA,NA,NA,0,0,"06/30/2025",68,0
"S6FL00749","ATKINS, JOEY MENDOZA","C",1,"DEM",707,0,0,0,0,707,0,0,0,0,0,0,707,"FL",0,NA,NA,NA,NA,NA,0,0,"06/30/2025",0,0
"S6FL00756","WEIL, JOSHUA JOSEPH","C",1,"DEM",15774322.24,0,15552477.69,0,0,221844.55,16,0,0,0,0,0,15323303.66,"FL",0,NA,NA,NA,NA,NA,33908.17,2500,"06/30/2025",159129.44,6451.97
"S6FL00624","LAROSE, JOSUE ECONOMIST","C",2,"REP",0,0,0,0,0,0,0,0,0,0,0,0,0,"FL",0,NA,NA,NA,NA,NA,0,0,"06/30/2025",0,0
"S6FL00640","MOODY, ASHLEY","I",2,"REP",2392467.38,1282670.98,129965.48,0,0,2262501.9,0,0,0,0,0,0,488296.4,"FL",0,NA,NA,NA,NA,NA,621500,0,"06/30/2025",8436.02,4500
"S6FL00657","LANG, JAKE","C",2,"REP",28721.89,0,26937.73,0,0,1784.16,0,26937.73,0,0,0,26937.73,1784.16,"FL",0,NA,NA,NA,NA,NA,0,0,"06/30/2025",0,0
"S8GA00180","OSSOFF, T. JONATHAN","I",1,"DEM",21267612.36,1867807,10765689.88,0,4990566.71,15492489.19,0,0,0,0,0,0,18894416.59,"GA",0,NA,NA,NA,NA,NA,477800,0,"06/30/2025",80528.21,1800
"S6GA00267","BOX, REAGAN","C",2,"REP",29695.29,0,36076.73,0,8043.24,1661.8,0,0,0,0,0,0,29695.29,"GA",0,NA,NA,NA,NA,NA,0,0,"06/30/2025",0,0
"S6GA00374","CARTER, EARL LEROY","C",2,"REP",3595271.3,175199.08,2537326.85,2500,3018930.34,4076874.79,0,2e+06,0,0,0,2e+06,717674.96,"GA",0,NA,NA,NA,NA,NA,670325,0,"06/30/2025",2235,0
"S6GA00382","KING, JOHN","C",2,"REP",518332.58,0,67927.41,0,0,450405.17,0,0,0,0,0,0,506682.24,"GA",0,NA,NA,NA,NA,NA,11500,0,"06/30/2025",0,0
"S6GA00390","COLLINS, MICHAEL A JR","",2,"REP",745883.84,157783.28,338781.63,0,597195.09,1004297.3,0,0,0,0,0,286941.43,394747.64,"GA",0,NA,NA,NA,NA,NA,192000,0,"06/30/2025",1000,0
"S6IA00256","SAGE, NATHAN","C",1,"DEM",709397.6,0,375014.89,0,0,334382.71,0,0,0,0,0,0,706396.38,"IA",0,NA,NA,NA,NA,NA,3000,0,"06/30/2025",452,0
"S6IA00264","SCHOLTEN, JAMES","C",1,"DEM",175622.45,0,19020.68,0,0,156601.77,0,0,0,0,0,0,165617.45,"IA",0,NA,NA,NA,NA,NA,10005,0,"06/30/2025",0,0
"S6IA00272","WAHLS, ZACH P","C",1,"DEM",656637.9,0,30288.04,0,0,626349.86,0,0,0,0,0,0,652632.9,"IA",0,NA,NA,NA,NA,NA,4005,0,"06/30/2025",77,0
"S4IA00129","ERNST, JONI K","I",2,"REP",1790132.81,216040.61,625478.51,0,2239842.74,3404497.04,0,0,0,0,0,0,998729.59,"IA",0,NA,NA,NA,NA,NA,575350,0,"06/30/2025",9600,0
"S6IA00249","CARLIN, JAMES","C",2,"REP",125400.64,0,124689.22,0,0,711.42,0,105634.75,0,0,0,105634.75,19700.63,"IA",0,NA,NA,NA,NA,NA,0,0,"06/30/2025",400,0
"S6IA00181","LAEHN, THOMAS RAYMOND DR.","C",3,"LIB",5059.44,0,2224.12,0,14557.32,17392.64,0,0,0,0,0,0,5059.44,"IA",0,NA,NA,NA,NA,NA,0,0,"06/30/2025",0,0
"S6ID00138","ROTH, DAVID JORDAN","C",1,"DEM",2287,0,2926.65,0,665.77,26.12,950,0,0,0,0,8087.48,1337,"ID",0,NA,NA,NA,NA,NA,0,0,"06/30/2025",32,0
"S8ID00092","RISCH, JAMES E MR.","I",3,"UNK",821792.58,0,356828.26,0,2420364.56,2885328.88,0,0,0,0,0,0,552375.44,"ID",0,NA,NA,NA,NA,NA,237657.14,0,"06/30/2025",7784.45,0
"S6IL00151","DURBIN, RICHARD J.","I",1,"DEM",75429.94,35242.92,499729.07,0,1674787.22,1250488.09,0,0,0,0,0,0,32050.68,"IL",0,NA,NA,NA,NA,NA,7000,0,"06/30/2025",223672.55,49800
"S6IL00458","STRATTON, JULIANA","O",1,"DEM",1083702.54,0,417286.06,0,0,666416.48,0,0,0,0,0,0,1042902.35,"IL",0,NA,NA,NA,NA,NA,40800,0,"06/30/2025",17644,5000
"S6IL00474","KELLY, ROBIN","O",1,"DEM",2458390.06,2152081.69,253466.08,0,0,2204923.98,0,0,0,0,0,0,233308.37,"IL",0,NA,NA,NA,NA,NA,71750,0,"06/30/2025",25,0
"S6IL00482","KRISHNAMOORTHI, S RAJA","O",1,"DEM",12666603.68,10152394.49,907897.68,82603.27,0,11758706,0,0,0,0,0,0,2223382.34,"IL",0,NA,NA,NA,NA,NA,79250,0,"06/30/2025",213,0
"S6IL00581","RYAN, KEVIN","O",1,"DEM",12801.45,0,6331.55,0,0,6469.9,5040.55,0,0,0,0,0,7760.9,"IL",0,NA,NA,NA,NA,NA,0,0,"06/30/2025",0,0
"S6IL00391","BENNETT, DOUGLAS","O",2,"REP",1000,0,842.84,0,1453.77,1610.93,1000,0,0,0,0,115600,0,"IL",0,NA,NA,NA,NA,NA,0,0,"06/30/2025",0,0
"S6IL00425","GOODMAN, JOHN","O",2,"REP",27193.79,0,22310.12,0,0,4883.67,0,8362,0,0,0,8362,18831.79,"IL",0,NA,NA,NA,NA,NA,0,0,"06/30/2025",0,0
"S6IL00466","CHLEBEK, CASIMER MR.","O",2,"REP",25000,0,11505,0,0,13495,25000,0,0,0,0,0,0,"IL",0,NA,NA,NA,NA,NA,0,0,"06/30/2025",0,0
"S6IL00540","LONG, PAMELA DENISE DR.","O",2,"REP",8631.13,0,4008.62,0,0,4622.51,0,2637.99,0,0,0,2637.99,5993.14,"IL",0,NA,NA,NA,NA,NA,0,0,"06/30/2025",0,0
"S0KS00315","MARSHALL, ROGER W","I",2,"REP",1136150.29,120296.51,110073.09,0,1705018.64,2731095.84,0,0,0,0,0,0,366853.78,"KS",0,NA,NA,NA,NA,NA,649000,0,"06/30/2025",7755.08,35000
"S6KY00211","STEVENSON, PAMELA","O",1,"DEM",225321.11,0,176655.83,0,0,48665.28,0,0,0,0,0,52610.62,219170.72,"KY",0,NA,NA,NA,NA,NA,1000,0,"06/30/2025",235,0
"S2KY00012","MCCONNELL, MITCH","I",2,"REP",46923.12,11008.48,868648.83,0,8093464.4,7271738.69,0,0,0,0,0,0,18653.82,"KY",0,NA,NA,NA,NA,NA,15000,0,"06/30/2025",581890.02,204912.37
"S6KY00237","CAMERON, DANIEL","O",2,"REP",893222.88,0,361190.13,0,0,532032.75,0,0,0,0,0,0,892222.88,"KY",0,NA,NA,NA,NA,NA,1000,0,"06/30/2025",0,0
"S6KY00260","FARIS, MICHAEL","O",2,"REP",3925.52,0,5806.76,0,0,-1881.24,2864.76,0,0,0,0,0,1060.76,"KY",0,NA,NA,NA,NA,NA,0,0,"06/30/2025",0,0
"S6KY00278","FARIS, MICHAEL JAMES","O",2,"REP",3925.52,0,5806.76,0,0,-1881.24,2864.76,0,0,0,0,0,1060.76,"KY",0,NA,NA,NA,NA,NA,0,0,"06/30/2025",0,0
"S6KY00286","BARR, GARLAND ANDY","O",2,"REP",3269336.09,825101.12,853170.45,0,3693077.64,6109243.28,0,0,0,0,0,0,1273231.06,"KY",0,NA,NA,NA,NA,NA,1082500,0,"06/30/2025",1100,1000
"S4LA00107","CASSIDY, WILLIAM M.","I",2,"REP",2689384.57,700097.76,530479.4,0,6580418.28,8739323.45,0,0,0,0,0,0,1099224.08,"LA",0,NA,NA,NA,NA,NA,785349.52,0,"06/30/2025",34891.97,0
"S6LA00318","FLEMING, JOHN C. JR.","C",2,"REP",4379833.78,0,2256078.22,0,18896.38,2142651.94,0,4e+06,0,2e+06,0,2528998,377333.78,"LA",0,NA,NA,NA,NA,NA,1000,0,"06/30/2025",-5900,0
"S6LA00532","WYATT, SAMUEL LEE MR.","C",2,"REP",132956.16,0,110739.49,0,0,22216.67,0,50100,0,0,0,50100,82062.64,"LA",0,NA,NA,NA,NA,NA,0,0,"06/30/2025",1208.26,0
"S6LA00540","MIGUEZ, BLAKE","C",2,"REP",1821573.49,0,78986.41,0,0,1742587.08,0,1011253,0,0,0,1011253,798320.49,"LA",0,NA,NA,NA,NA,NA,12000,0,"06/30/2025",65.03,0
"S4MA00028","MARKEY, EDWARD SEN.","I",1,"DEM",1399495.12,598000,669540.33,0,1810686.97,2540641.76,0,0,0,0,0,0,491650.62,"MA",0,NA,NA,NA,NA,NA,256100,0,"06/30/2025",16879,2500
"S6MA00254","RIKLEEN, ALEXANDER","C",1,"DEM",29834.76,0,19159.95,0,0,10674.81,0,4711.76,0,0,0,4711.76,25123,"MA",0,NA,NA,NA,NA,NA,0,0,"06/30/2025",0,0
"S6ME00332","WOOD, JORDAN","C",1,"DEM",1606800.07,0,802732.33,0,0,804067.74,7100,250000,0,0,0,250000,1328659,"ME",0,NA,NA,NA,NA,NA,21000,0,"06/30/2025",5567.5,0
"S6ME00357","FAVREAU, TUCKER","C",1,"DEM",4724,0,675.98,0,0,4048.02,4674,0,0,0,0,0,50,"ME",0,NA,NA,NA,NA,NA,0,0,"06/30/2025",0,0
"S6ME00159","COLLINS, SUSAN M.","I",2,"REP",3254090.31,1455723.9,574482.05,0,2576308.9,5255917.16,0,0,0,0,0,0,1481564.93,"ME",0,NA,NA,NA,NA,NA,282600,0,"06/30/2025",32700,3200
"S6ME00316","CALABRESE, CARMEM VINCENT MR.","C",2,"REP",0,0,0,0,0,0,0,0,0,0,0,0,0,"ME",0,NA,NA,NA,NA,NA,0,0,"06/30/2025",0,0
"S6ME00324","CALABRESE, CARMEN VINCENT MR.","C",2,"REP",0,0,0,0,0,0,0,0,0,0,0,0,0,"ME",0,NA,NA,NA,NA,NA,0,0,"06/30/2025",0,0
"S6ME00282","RENCH, PHILLIP","C",3,"IND",54568.81,0,20464.92,0,0,34103.89,5.43,50000,0,0,0,50000,3701.34,"ME",0,NA,NA,NA,NA,NA,0,0,"06/30/2025",0,0
"S4MI00355","PETERS, GARY","I",1,"DEM",60934.19,4033.63,713483.38,0,7128329.47,6475780.28,0,0,0,0,0,0,18622.32,"MI",0,NA,NA,NA,NA,NA,9500,0,"06/30/2025",368468.94,234600
"S6MI00392","MCMORROW, MALLORY","O",1,"DEM",2145452.1,0,1318539.11,0,0,826912.99,0,0,0,0,0,0,2109893.88,"MI",0,NA,NA,NA,NA,NA,12400,0,"06/30/2025",28774.5,0
"S6MI00418","EL-SAYED, ABDUL","O",1,"DEM",1797545.12,0,697346.67,0,0,1100198.45,3500,0,0,0,0,0,1789005.79,"MI",0,NA,NA,NA,NA,NA,5000,0,"06/30/2025",273.33,0
"S6MI00426","STEVENS, HALEY","O",1,"DEM",2816630.31,1524792.89,860152.03,260750,0,1956478.28,0,0,0,0,0,0,1092629.59,"MI",0,NA,NA,NA,NA,NA,175501,0,"06/30/2025",867.5,0
"S6MI00459","TATE, JOSEPH ALLEN","O",1,"DEM",192821.78,0,122608.99,0,0,70212.79,0,0,0,0,0,0,187571.57,"MI",0,NA,NA,NA,NA,NA,5250,0,"06/30/2025",50,0
"S6MI00467","HOWARD, RACHEL ELIZABETH","O",1,"DEM",2490,0,4020.24,0,0,-1530.24,0,0,0,0,0,0,2490,"MI",0,NA,NA,NA,NA,NA,0,0,"06/30/2025",0,0
"S4MI00595","ROGERS, MICHAEL J","O",2,"REP",1176572.46,430470.6,309502.14,0,254731.44,1121801.76,0,0,0,0,0,5727.5,512122.03,"MI",0,NA,NA,NA,NA,NA,230500,0,"06/30/2025",8351.17,5000
"S6MI00384","HEURTEBISE, FREDERICK","O",2,"REP",10058.6,0,10058.6,0,0,0,0,0,0,0,0,0,10058.6,"MI",0,NA,NA,NA,NA,NA,0,0,"05/03/2025",0,0
"S6MN00465","LOPEZ FRANZEN, MELISA","O",1,"DEM",299376.29,0,299376.29,0,0,0,1e+05,0,0,0,0,0,191138.59,"MN",0,NA,NA,NA,NA,NA,5000,0,"07/15/2025",9304,0
"S6MN00499","CRAIG, ANGIE","O",1,"DEM",2486330.43,656802.62,670229.04,69857.15,0,1816101.39,0,373000,0,0,0,373000,1299024.32,"MN",0,NA,NA,NA,NA,NA,157200,0,"06/30/2025",1035,0
"S8MN00578","SMITH, TINA","I",1,"DEM",40859.39,0,368845.09,0,727733.84,399748.14,0,0,0,0,0,0,15204.03,"MN",0,NA,NA,NA,NA,NA,23000,0,"06/30/2025",108978,61000
"S4MN00486","RUOHO, MIKE","O",2,"REP",0,0,550,0,413.65,-136.35,0,0,0,0,0,0,0,"MN",0,NA,NA,NA,NA,NA,0,0,"03/31/2025",0,0
"S4MN00502","WHITE, ROYCE","O",2,"REP",329501.78,0,284483.43,0,138825.89,183844.24,0,0,0,0,0,75,325014.43,"MN",0,NA,NA,NA,NA,NA,0,0,"06/30/2025",38832.51,0
"S6MN00457","SCHWARZE, ADAM","O",2,"REP",217632.28,0,120864.35,0,0,96767.93,0,0,0,0,0,0,215562.59,"MN",0,NA,NA,NA,NA,NA,1809.31,0,"06/30/2025",93.69,0
"S6MN00440","FLANAGAN, MARGARET","O",3,"DFL",1368959.28,0,585739.78,0,0,783219.5,1000,0,0,0,0,0,1319753.51,"MN",0,NA,NA,NA,NA,NA,45000,0,"06/30/2025",1196,0
"S4MN00551","PETERSEN, RAYMOND DAVID","O",2,"REP",104.2,0,104.2,0,0,0,104.2,0,0,0,0,0,0,"MN",NA,NA,NA,NA,NA,NA,0,0,"06/30/2025",0,0
"S6MS00109","ADLAKHA, SARAH ANNE DR","C",2,"REP",201126,0,409.11,0,0,200716.89,0,201000,0,0,0,252000,126,"MS",0,NA,NA,NA,NA,NA,0,0,"06/30/2025",0,0
"S8MS00261","HYDE-SMITH, CINDY","I",2,"REP",1235827.27,329427.68,258289.94,0,476763.85,1454301.18,0,0,0,0,0,60000,481446.79,"MS",0,NA,NA,NA,NA,NA,424750,0,"06/30/2025",4100,11400
"S4MS00187","PINKINS, TY","C",3,"IND",39340.4,0,39563.69,0,5615.02,5391.73,0,0,0,0,0,0,35880.37,"MS",0,NA,NA,NA,NA,NA,0,0,"06/30/2025",0,0
"S4MT00217","HUMMERT, MICHAEL","C",1,"DEM",0,0,200,0,744.73,544.73,0,0,0,0,0,4850,0,"MT",0,NA,NA,NA,NA,NA,0,0,"06/30/2025",0,0
"S6MT00238","NEILL, REILLY","C",1,"DEM",78416.72,0,59843.2,0,1613.95,20187.47,39959.38,0,0,0,0,0,38290.82,"MT",0,NA,NA,NA,NA,NA,66.52,100,"06/30/2025",0,0
"S2MT00096","DAINES, STEVE","I",2,"REP",2060143.07,753489.32,567092.99,0,1758242.92,3251293,0,0,0,0,0,44813.08,521407.54,"MT",0,NA,NA,NA,NA,NA,718800,0,"06/30/2025",0,0
"S6NC00340","NICKEL, WILEY","O",1,"DEM",558817.19,0,452878.75,0,688991.16,794929.6,559.55,0,0,0,0,926858.01,513428.87,"NC",0,NA,NA,NA,NA,NA,38010,0,"06/30/2025",-3082.4,0
"S4NC00162","TILLIS, THOM R SEN","I",2,"REP",4508002.68,407543.88,1107281.68,2869.61,2238086.49,5638807.49,0,0,0,0,0,0,2632130.76,"NC",0,NA,NA,NA,NA,NA,1465000,0,"06/30/2025",29432.45,7000
"S6NC00373","BROWN, DON","O",2,"REP",69514.27,0,26706.23,0,840.61,43648.65,7561.02,0,0,0,0,8800,61953.25,"NC",0,NA,NA,NA,NA,NA,0,0,"06/30/2025",0,0
"S4NE00090","SASSE, BENJAMIN E.","C",2,"REP",0,0,2760,0,2470913.02,2468153.02,0,0,0,0,0,0,0,"NE",0,NA,NA,NA,NA,NA,0,0,"06/30/2025",0,0
"S6NE00129","RICKETTS, PETE","I",2,"REP",1556982.78,655814.78,621120.7,0,522918.62,1458780.7,0,0,0,0,0,6000,352254.25,"NE",0,NA,NA,NA,NA,NA,548859,0,"06/30/2025",11800,45500
"S4NE00207","OSBORN, DAN","C",3,"IND",260222.13,15000,199185.07,15000,63165.92,124202.98,0,0,0,0,0,9000,193041.05,"NE",0,NA,NA,NA,NA,NA,3500,0,"06/30/2025",2005,0
"S0NH00219","SHAHEEN, JEANNE","I",1,"DEM",158468.63,0,540983.04,0,1456085.32,1073570.91,0,0,0,0,0,0,101435.84,"NH",0,NA,NA,NA,NA,NA,54526.58,0,"06/30/2025",139201.49,89201.58
"S6NH00141","PAPPAS, CHRIS","O",1,"DEM",2470766.21,9135.88,862562.87,0,407584.23,2015787.57,0,0,0,0,0,0,1992400.31,"NH",0,NA,NA,NA,NA,NA,467050,500,"06/30/2025",4178.82,5000
"S6NH00158","GIOVONIZZI, MATTHEW S","O",3,"NON",4463.13,0,3227.1,0,0,1236.03,0,1850,0,0,0,1850,2498.13,"NH",0,NA,NA,NA,NA,NA,0,0,"06/30/2025",0,0
"S4NJ00185","BOOKER, CORY A.","I",1,"DEM",11346013.09,2105000,2894689.13,0,11192485.99,19643809.95,0,0,0,0,0,0,8768426.01,"NJ",0,NA,NA,NA,NA,NA,322025,0,"06/30/2025",94384.4,5525
"S0NM00058","LUJAN, BEN RAY","I",1,"DEM",2119605.71,563120,652763.01,0,1213792.89,2680635.59,0,0,0,0,0,0,1094558.7,"NM",0,NA,NA,NA,NA,NA,460000,0,"06/30/2025",9046.53,0
"S6OH00304","HUSTED, JON","I",2,"REP",3065595.64,1385583.29,415131.96,0,0,2650463.68,0,0,0,0,0,0,1019313.47,"OH",0,NA,NA,NA,NA,NA,656168.98,0,"06/30/2025",8868.99,0
"S2OK00186","MULLIN, MARKWAYNE","I",2,"REP",1805251.18,658409.92,271717.61,0,183016.79,1716550.36,0,0,0,0,0,430251.18,520103.14,"OK",0,NA,NA,NA,NA,NA,626738.12,0,"06/30/2025",3600,6500
"S8OR00207","MERKLEY, JEFFREY ALAN","I",1,"DEM",692171.12,0,294137.57,0,4266998.65,4665032.2,0,0,0,0,0,0,428203.62,"OR",0,NA,NA,NA,NA,NA,92000,0,"06/30/2025",1635.66,0
"S6RI00163","REED, JOHN F.","I",1,"DEM",1263603.42,0,319261.81,0,1588192.04,2532533.65,0,0,0,0,0,0,772257.64,"RI",0,NA,NA,NA,NA,NA,473000,0,"06/30/2025",5850,1000
"S4RI00051","MCKAY, RAYMOND TYLER MR","C",2,"REP",20765,0,19420.58,0,338.53,1682.95,0,0,0,0,0,689.51,20765,"RI",0,NA,NA,NA,NA,NA,0,0,"06/30/2025",3300,0
"S6RI00262","WATERS, ALLEN","C",2,"REP",0,0,345.26,0,1888.97,1543.71,0,0,0,0,0,0,0,"RI",0,NA,NA,NA,NA,NA,0,0,"03/31/2025",0,0
"S2SC00145","BRUCE, CATHERINE FLEMING MS.","C",1,"DEM",0,0,0,0,0,5030.29,0,0,0,0,0,0,0,"SC",0,NA,NA,NA,NA,NA,0,0,"09/30/2025",0,0
"S6SC04197","FREEMAN, KYLE ODONNELL","C",1,"DEM",23988,0,24236.88,0,903.3,654.42,0,18500,0,0,0,25000,5488,"SC",0,NA,NA,NA,NA,NA,0,0,"06/30/2025",200,0
"S6SC04239","ANDREWS, ANNIE","C",1,"DEM",1249437.17,0,577561.35,0,0,671875.82,0,0,0,0,0,5000,1239232.09,"SC",0,NA,NA,NA,NA,NA,10205,0,"06/30/2025",4035,0
"S6SC04288","JOHNSON, LEE","",1,"DEM",567119.3,0,117224.5,0,0,449894.8,0,5e+05,0,0,0,5e+05,66919.3,"SC",0,NA,NA,NA,NA,NA,0,200,"06/30/2025",0,0
"S0SC00149","GRAHAM, LINDSEY O.","I",2,"REP",2620665.04,1607033.33,2627491.69,40000,15623617.29,15616790.64,0,0,0,0,0,0,460424.19,"SC",0,NA,NA,NA,NA,NA,226750,0,"06/30/2025",11000,0
"S6SC04213","LYNCH, MARK","C",2,"REP",5280951.55,0,195110.06,0,0,5085841.49,0,5050000,0,0,0,5050000,174532.46,"SC",0,NA,NA,NA,NA,NA,0,0,"06/30/2025",26.03,0
"S6SD01125","BEAUDION, JULIAN C","C",1,"DEM",85413.4,0,41688.46,0,0,43724.94,0,0,0,0,0,0,85413.4,"SD",0,NA,NA,NA,NA,NA,0,0,"06/30/2025",0,0
"S4SD00049","ROUNDS, MIKE","I",2,"REP",874412.61,41000,241264.12,0,1870029.07,2503177.56,0,0,0,0,0,0,412602.78,"SD",0,NA,NA,NA,NA,NA,342550,0,"06/30/2025",5000,0
"S6SD01117","BENGS, BRIAN","C",3,"IND",78117.44,0,59502.38,0,0,18615.06,0,0,0,0,0,0,78117.44,"SD",0,NA,NA,NA,NA,NA,0,0,"06/30/2025",575,0
"S0TN00169","HAGERTY, BILL","I",2,"REP",2561703,491073.24,835970.74,0,1927469.07,3653201.33,0,0,0,0,0,0,1486079.76,"TN",0,NA,NA,NA,NA,NA,584550,0,"06/30/2025",45100,2250
"S6TX00396","SWANSON, MICHAEL","C",1,"DEM",2503.93,0,1329.78,0,0,1174.15,0,1620,0,0,0,1698.06,722,"TX",0,NA,NA,NA,NA,NA,0,0,"06/30/2025",0,0
"S6TX00412","VIRTS, TERRY","C",1,"DEM",201255.09,0,115652.74,0,0,85602.35,0,50000,0,0,0,125374.05,146255.09,"TX",0,NA,NA,NA,NA,NA,5000,0,"06/30/2025",125,0
"S0TX00365","BIERSCHWALE, VIRGIL","C",2,"REP",5980,0,0,0,0,5980,2350,0,0,0,0,0,3630,"TX",0,NA,NA,NA,NA,NA,0,0,"06/30/2025",0,0
"S2TX00106","CORNYN, JOHN SEN","I",2,"REP",2389703.5,1288169.42,604632.59,0,4122282.66,5907353.57,0,0,0,0,0,0,731830.81,"TX",0,NA,NA,NA,NA,NA,296009.44,0,"06/30/2025",3475,0
"S6TX00305","ALLEN, KEITH","C",2,"REP",75050.33,0,63386.39,0,944.54,12608.48,0,65000,0,0,0,65000,10050.33,"TX",0,NA,NA,NA,NA,NA,0,0,"06/30/2025",0,0
"S6TX00321","SCHMOKER, TONY","C",2,"REP",2500,0,2500,0,3650,3650,0,2500,0,0,0,5533.55,0,"TX",0,NA,NA,NA,NA,NA,0,0,"06/30/2025",0,0
"S6TX00347","MCNABB, BARRETT ANTHONY","C",2,"REP",215163,0,36392.35,0,0,178770.65,0,0,200100,0,0,200100,15058,"TX",0,NA,NA,NA,NA,NA,0,0,"06/30/2025",0,0
"S6TX00388","PAXTON, WARREN KENNETH JR.","C",2,"REP",2908591.18,0,391139.77,0,0,2517451.41,0,0,0,0,0,0,2908567.76,"TX",0,NA,NA,NA,NA,NA,0,0,"06/30/2025",7000,0
"S6VA00093","WARNER, MARK ROBERT","I",1,"DEM",6117626.41,2165506,1541155.63,0,5553233.82,10129704.6,0,0,0,0,0,0,2774248.14,"VA",0,NA,NA,NA,NA,NA,972500,0,"06/30/2025",96093.5,2500
"S6VA00143","FARINGTON, KIM","C",2,"REP",54697.89,0,37710.25,0,218.58,17206.22,0,47000,0,0,0,47000,7697.59,"VA",0,NA,NA,NA,NA,NA,0,0,"06/30/2025",0,0
"S4WV00357","SHREWSBURY, ZACHARY C","",1,"DEM",0,0,0,0,0,0,0,0,0,0,0,0,0,"WV",0,NA,NA,NA,NA,NA,0,0,"03/31/2025",0,0
"S4WV00159","CAPITO, SHELLEY MOORE","I",2,"REP",1253828.62,123732.7,146952.64,0,2311365.21,3418241.19,0,0,0,0,0,0,507895.92,"WV",0,NA,NA,NA,NA,NA,622200,0,"06/30/2025",0,0
"S6WV00147","EVANS, JONATHAN DERRICK","C",2,"REP",583773.15,0,561255.25,0,60930.78,83448.68,0,0,0,0,0,0,573706.76,"WV",0,NA,NA,NA,NA,NA,0,0,"06/30/2025",922.7,0
"S6WV00154","GAASERUD, ALEXANDER","C",2,"REP",0,0,0,0,0,0,0,0,0,0,0,0,0,"WV",0,NA,NA,NA,NA,NA,0,0,"06/30/2025",0,0
"S6WV00162","WILLIS, THOMAS EDWARD II","C",2,"REP",1e+05,0,0,0,0,1e+05,0,1e+05,0,0,0,1e+05,0,"WV",0,NA,NA,NA,NA,NA,0,0,"06/30/2025",0,0
"S0WY00137","LUMMIS, CYNTHIA MARIE MRS.","I",2,"REP",864441.04,186763.25,240225.69,0,677339.73,1301555.08,0,0,0,0,0,0,237177.79,"WY",0,NA,NA,NA,NA,NA,440500,0,"06/30/2025",0,0
"S4WY00162","RASNER, REID","C",2,"REP",188707.93,0,112436.82,0,12453,88724.11,0,188500,0,0,0,238500,105,"WY",0,NA,NA,NA,NA,NA,0,0,"06/30/2025",0,0
