report_year,country_name,client_lobby_actor_id,combined_name,organization_id,organization_type_id,total
2006,Ireland,40757,Accenture plc,33683,1004,3958964
2006,United Kingdom,20225,GSK plc,34599,1004,3511000
2006,Switzerland,79352,F. Hoffmann-La Roche Ltd.,44018,1004,3364454
2006,Canada,308451,Canadian National Railway Co.,55243,1004,1900000
2006,Luxembourg,65751,Intelsat SA,51837,1004,1441280
2006,Japan,297014,Toshiba Corp.,68746,1020,1400000
2006,United Kingdom,112293,Lloyd's of London,51179,1017,1380000
2006,United Kingdom,28611,Barclays plc,40171,1004,800000
2006,France,51758,BNP Paribas SA,58132,1004,700000
2006,Hong Kong,327213,Lenovo Group Ltd.,63911,1004,686878
2006,Switzerland,14823,Zurich Insurance Group Ltd.,46080,1004,670000
2006,Russia,64484,GML Ltd.,56815,1022,600000
2006,Denmark,343429,Bavarian Nordic AS,68750,1004,520000
2006,Canada,50759,BlackBerry Ltd.,39684,1004,500000
2006,Germany,101576,Mercedes-Benz Group AG,32477,1004,480000
2006,Iceland,18522,Actavis Group,39311,1004,440000
2006,Iraq,342328,"Government of Kurdistan, Iraq",41486,1009,360000
2006,Philippines,220031,Confederation of Garment Exporters of the Philippines,52618,1024,340000
2006,United Kingdom,21068,InterContinental Hotels Group plc,42180,1004,320000
2006,Singapore,37324,APL Ltd.,39843,1004,320000
2006,Canada,325641,Standard Aero Holdings Inc.,53200,1027,320000
2006,South Korea,11132,Hyundai Motor America,35417,1004,300000
2006,United Kingdom,136626,Martin-Baker Aircraft Co. Ltd.,51104,1004,300000
2006,Switzerland,28071,Novartis AG,32084,1004,290000
2006,Germany,41256,SWK Stadtwerke Kaiserslautern GmbH,60235,1022,280000
2006,India,266833,National Association of Software and Services Companies,36006,1024,280000
2006,Germany,55354,ZF TRW Automotive Inc.,61887,1004,280000
2006,Azerbaijan,96398,Renaissance Associates SA,50995,1017,280000
2006,Ireland,196504,Trane Technologies plc,105856,1004,260000
2006,Israel,154546,Rafael Advanced Defense Systems Ltd.,62196,1004,240000
2006,Germany,49921,Deutsche Bank AG,32798,1004,240000
2006,Canada,5583,J.D. Irving Ltd.,41132,1004,240000
2006,Canada,64761,Cangene Corp.,44384,1004,240000
2006,Canada,162706,Interactive Gaming Council,68910,1001,240000
2006,Norway,165468,Equinor ASA,46604,1004,226921
2006,Canada,17785,Bombardier Inc.,34341,1004,225000
2006,Canada,18900,Electricity Canada,52083,1001,220000
2006,United Kingdom,25370,Amec Foster Wheeler plc,31638,1004,220000
2006,Venezuela,343388,Petroleos de Venezuela SA,68287,1022,220000
2006,United Kingdom,82004,Cobham plc,62041,1004,200000
2006,United Kingdom,202,Standard Chartered plc,55727,1017,200000
2006,Canada,64320,Ovintiv Inc.,35590,1004,200000
2006,Germany,190800,Fresenius Medical Care AG and Co. KGaA,43697,1004,180000
2006,France,210563,ENGIE SA,52162,1004,160000
2006,France,217639,Airbus SAS,33756,1004,160000
2006,Canada,9717,Iogen Corp.,37486,1004,160000
2006,Brazil,52114,Embraer SA,39105,1004,160000
2006,Lebanon,13804,American University of Beirut,61282,1007,160000
2006,United Kingdom,110185,UC Group Ltd.,64944,1017,160000
2006,Switzerland,102886,Credit Suisse Group AG,39407,1004,140000
2006,Sweden,4549,Saab AB,36725,1004,120000
2006,Japan,342602,Nippon Telegraph and Telephone Corp.,68742,1004,120000
2006,Norway,67458,Nuclear Protection Products AS,61029,1004,120000
2006,Australia,11031,Meat and Livestock Australia Ltd.,46270,1004,120000
2006,Canada,63692,Telesta Therapeutics Inc.,46756,1004,120000
2006,Canada,156993,MDA Ltd.,63693,1022,120000
2006,Guatemala,67602,Central American Sugar Association,50627,1001,120000
2006,United Kingdom,5319,Avon Products Inc.,59219,1004,110000
2006,Canada,78286,Apotex Inc.,41468,1004,102200
2006,Bermuda,48728,Arch Capital Group Ltd.,49309,1004,100000
2006,Germany,80605,Rheinmetall Waffe Munition GmbH,44396,1004,100000
2006,Israel,152987,InSightec Ltd.,51604,1022,100000
2006,Colombia,10716,Asociacion Nacional de Industriales,41175,1004,100000
2006,Canada,207249,Canadian International Pharmacy Association,48160,1017,90000
2006,Canada,55191,Irving Oil Ltd.,53831,1004,80000
2006,Antigua and Barbuda,81258,Antigua Online Gaming Association,42186,1015,80000
2006,France,31872,LVMH Moët Hennessy - Louis Vuitton SE,58682,1022,80000
2006,United Kingdom,69960,Barclays Bank plc,41666,1004,80000
2006,Switzerland,5128,Swiss Bankers Association,63142,1001,80000
2006,Switzerland,48394,Transocean Ltd.,55537,1004,80000
2006,Norway,46675,High Density Devices,59333,1022,80000
2006,Saudi Arabia,55610,Middle East Council of American Chambers of Commerce,56521,1006,80000
2006,Japan,147740,Institute of Cetacean Research,51720,1022,80000
2006,Japan,154102,Daikin Industries Ltd.,63836,1004,80000
2006,Japan,154656,Japan Automobile Manufacturers Association Inc.,68737,1001,80000
2006,Malaysia,148194,Association of Asia Pacific Airlines,65120,1001,80000
2006,United Kingdom,148141,GKN plc,50794,1004,80000
2006,United Kingdom,7927,HSBC Holdings plc,51657,1004,70000
2006,Canada,152570,Vancouver (Canada) International Airport Authority,50417,1010,70000
2006,Canada,56070,InterVISTAS Consulting Inc.,62368,1017,60000
2006,Germany,76888,Deutsche Lufthansa AG,51017,1017,60000
2006,France,63495,International Manganese Institute,63515,1024,60000
2006,United Kingdom,27461,British Airways plc,33535,1004,60000
2006,United Kingdom,70436,London Stock Exchange Group plc,56834,1017,60000
2006,Switzerland,49354,Medicines for Malaria Venture,42311,1002,60000
2006,Slovenia,20365,International Trust Fund to Enhance Human Security,52392,1022,60000
2006,Argentina,241534,YPF SA,59804,1017,50000
2006,Mexico,4624,Avocado Producers of Mexico,39005,1006,48000
2006,Peru,43158,Association of Hass Avocado Producers and Exporters from Peru,63699,1022,40000
2006,Peru,67665,Instituto Peruano del Espárrago y Hortalizas,47214,1024,40000
2006,Mexico,154004,CEMEX SAB de CV,68747,1004,40000
2006,Switzerland,48784,"Gavi, the Vaccine Alliance",41878,1002,40000
2006,South Korea,105182,Federation of Korean Industries,57438,1009,40000
2006,United Kingdom,80134,Shorts International,55881,1004,40000
2006,Thailand,80878,Thai Gem and Jewelry Traders Association,46777,1017,40000
2006,Canada,54860,TC Energy Corp.,58227,1004,40000
2006,Canada,27025,NAV Canada,51871,1022,40000
2006,Canada,32214,Alliance Pipeline LP,54945,1020,40000
2006,Canada,45758,Repsol Oil & Gas Canada Inc.,44446,1004,40000
2006,Canada,81682,Cavalia Inc.,47050,1004,40000
2006,Israel,168535,"Shaare Zedek Medical Center (Jerusalem, Israel)",56749,1012,40000
2006,United Kingdom,320620,International Group of Protection and Indemnity Clubs,40588,1027,40000
2006,United Nations,65644,Texas Rural Water Association,37046,1001,40000
2006,Mauritius,14393,Mauritius Chamber of Agriculture and Mauritius Sugar Syndicate,46486,1022,30000
2006,Mexico,66615,GRUMA Corp.,53860,1004,20000
2006,Philippines,16050,Sugar Alliance of the Philippines,42103,1022,20000
2006,South Korea,79493,American Chamber of Commerce in Korea,61409,1006,20000
2006,Dominican Republic,69028,Universidad Central del Este,51356,1007,20000
2006,Canada,62616,Greater Toronto (Canada) Airports Authority,41355,1009,20000
2006,Canada,80312,Aeroports de Montreal (Canada),61623,1004,20000
2006,Venezuela,50689,World Boxing Association,59197,1001,20000
2006,Belgium,13398,International Association of Professional Numismatists,46036,1001,12560
2006,Belgium,148453,European Banking Federation,45474,1024,0
2006,Cambodia,155833,"Textile, Apparel, Footwear and Travel Goods Association in Cambodia",40315,1001,0
2006,Australia,79502,BHP,49347,1004,0
2006,Canada,80858,Fairfax Financial Holdings Ltd.,68765,1017,0
2006,Canada,81389,Brookfield Renewable Power Inc.,39669,1004,0
2006,Canada,105375,TransCanada PipeLines Ltd.,37220,1004,0
2006,Canada,143749,Canadian Association of Defence and Security Industries,65095,1001,0
2006,Canada,144297,Ultra Electronics Forensic Technology Inc.,39048,1014,0
2006,Canada,252315,Cameco Corp.,67993,1004,0
2006,Ecuador,333145,Government of Ecuador,43370,1011,0
2006,Egypt,8892,International Natural Sausage Casing Association,61873,1001,0
2006,Egypt,45539,ARTOC Group for Investment and Development,56449,1004,0
2006,France,26837,TotalEnergies SE,53276,1004,0
2006,China,7199,Chilean Exporters Association,67470,1001,0
2006,China,255802,Zhongxing Telecommunications Equipment Corp.,54011,1004,0
2006,China,258945,Huawei Technologies Co. Ltd.,46599,1004,0
2006,France,104340,Safran SA,55589,1017,0
2006,Israel,329873,Government of Israel,38682,1009,0
2006,Japan,6986,Japan Automobile Standards Internationalization Center,45868,1009,0
2006,Japan,10223,Japan Bank for International Cooperation,48048,1004,0
2006,Japan,76450,Sumitomo Corp.,40735,1004,0
2006,Haiti,320204,Association of Industries of Haiti,41144,1001,0
2006,Haiti,345582,Government of Haiti,43412,1009,0
2006,South Korea,135191,Korea Trade-Investment Promotion Agency,38954,1024,0
2006,South Korea,135298,Korea International Trade Association,38704,1001,0
2006,Spain,5474,Amadeus IT Group SA,45814,1004,0
2006,Switzerland,47659,UBS AG,32580,1004,0
2006,Switzerland,24440,International Olympic Committee,61519,1024,0
2006,United Kingdom,80628,Argon Electronics,48408,1004,0
2006,United Kingdom,80629,Aircontrol Technologies,56233,1004,0
2006,United Kingdom,80639,SELEX ELSAG SpA,58013,1017,0
2006,United Kingdom,80640,VT Group plc,39759,1017,0
2006,United Kingdom,49977,Haleon plc,60859,1012,0
2006,United Kingdom,60581,International Banking Federation Ltd.,61673,1024,0
2006,United Kingdom,66934,Oil Companies International Marine Forum,55842,1024,0
2006,United Kingdom,68912,T1International,85282,1022,0
2006,Saudi Arabia,345531,Government of Saudi Arabia,32093,1009,0
2006,Somalia,137244,Government of Somalia,38957,1008,0
2006,South Africa,137890,South African Sugar Association,68018,1001,0
2006,Singapore,69465,Government of Singapore,39796,1009,0
2006,Netherlands,43365,Friends of the Earth,56293,1020,0
2006,Netherlands,80632,KLM Royal Dutch Airlines,38712,1017,0
2006,Netherlands,154720,"Anthos, the Royal Trade Association for Nursery Stock and Flower Bulbs",49154,1001,0
2006,Norway,320720,Kongsberg Defence & Aerospace AS,39341,1027,0
2006,Mexico,140419,National Chamber of the Sugar and Alcohol Industries (Mexico),68679,1022,0
2006,Mexico,26428,Confederation of Agricultural Associations of the State of Sinaloa,38910,1015,0
2006,Luxembourg,43140,Flint Group Inc.,41022,1004,0
2006,Japan,233995,Mitsubishi Heavy Industries Ltd.,48189,1004,0
2006,Japan,153490,Hitachi Ltd.,65993,1004,0
2006,Japan,323359,All Nippon Airways Co. Ltd.,38806,1004,0
2006,United Kingdom,152952,British Bankers' Association,34379,1001,0
2006,United Kingdom,222338,International Game Technology plc,59650,1004,0
2006,United Kingdom,231974,Ultra Electronics Holdings plc,68759,1027,0
2007,United Kingdom,20225,GSK plc,34599,1004,9314100
2007,Switzerland,79352,F. Hoffmann-La Roche Ltd.,44018,1004,6518567
2007,Ireland,40757,Accenture plc,33683,1004,6062231
2007,Canada,308451,Canadian National Railway Co.,55243,1004,3350000
2007,Japan,297014,Toshiba Corp.,68746,1020,1820000
2007,United Kingdom,110185,UC Group Ltd.,64944,1017,1600000
2007,Hong Kong,327213,Lenovo Group Ltd.,63911,1004,1403866
2007,Luxembourg,65751,Intelsat SA,51837,1004,1254857
2007,United Kingdom,28611,Barclays plc,40171,1004,1230000
2007,Canada,162706,Interactive Gaming Council,68910,1001,1170000
2007,Canada,50759,BlackBerry Ltd.,39684,1004,1121565
2007,United Kingdom,112293,Lloyd's of London,51179,1017,960000
2007,Canada,90923,Nexen Inc.,57440,1004,840000
2007,Azerbaijan,96398,Renaissance Associates SA,50995,1017,730000
2007,Iraq,342328,"Government of Kurdistan, Iraq",41486,1009,720000
2007,Ireland,196504,Trane Technologies plc,105856,1004,680000
2007,Switzerland,14823,Zurich Insurance Group Ltd.,46080,1004,670000
2007,Russia,64484,GML Ltd.,56815,1022,560000
2007,South Korea,11132,Hyundai Motor America,35417,1004,520000
2007,Bermuda,91983,RenaissanceRe Holdings Ltd.,47103,1022,520000
2007,Bermuda,50686,Cooper Industries Ltd.,47626,1004,480000
2007,Canada,78286,Apotex Inc.,41468,1004,448300
2007,Germany,101576,Mercedes-Benz Group AG,32477,1004,420000
2007,Germany,190800,Fresenius Medical Care AG and Co. KGaA,43697,1004,400000
2007,South Korea,105182,Federation of Korean Industries,57438,1009,400000
2007,United Kingdom,21068,InterContinental Hotels Group plc,42180,1004,380000
2007,Iceland,18522,Actavis Group,39311,1004,370000
2007,Norway,165468,Equinor ASA,46604,1004,360000
2007,United Kingdom,82004,Cobham plc,62041,1004,360000
2007,Singapore,37324,APL Ltd.,39843,1004,326000
2007,Germany,55354,ZF TRW Automotive Inc.,61887,1004,320000
2007,Brazil,52114,Embraer SA,39105,1004,320000
2007,Antigua and Barbuda,81258,Antigua Online Gaming Association,42186,1015,320000
2007,United Kingdom,136626,Martin-Baker Aircraft Co. Ltd.,51104,1004,320000
2007,Venezuela,343388,Petroleos de Venezuela SA,68287,1022,280000
2007,Bermuda,48728,Arch Capital Group Ltd.,49309,1004,280000
2007,India,266833,National Association of Software and Services Companies,36006,1024,280000
2007,Germany,80605,Rheinmetall Waffe Munition GmbH,44396,1004,280000
2007,Switzerland,102886,Credit Suisse Group AG,39407,1004,260000
2007,United Kingdom,202,Standard Chartered plc,55727,1017,246000
2007,Switzerland,28071,Novartis AG,32084,1004,240000
2007,Germany,41256,SWK Stadtwerke Kaiserslautern GmbH,60235,1022,240000
2007,Canada,9717,Iogen Corp.,37486,1004,240000
2007,Canada,64761,Cangene Corp.,44384,1004,240000
2007,Dominican Republic,144259,Consorcio Azucarero de Empresas Industriales,39044,1004,220000
2007,Canada,18900,Electricity Canada,52083,1001,220000
2007,Israel,154546,Rafael Advanced Defense Systems Ltd.,62196,1004,220000
2007,Kazakhstan,90659,Kazatomprom National Atomic Co.,40012,1027,220000
2007,United Kingdom,92118,Gabriel Resources Ltd.,43705,1017,220000
2007,Germany,76888,Deutsche Lufthansa AG,51017,1017,210000
2007,Canada,64320,Ovintiv Inc.,35590,1004,180000
2007,Canada,207249,Canadian International Pharmacy Association,48160,1017,175000
2007,Mexico,4624,Avocado Producers of Mexico,39005,1006,168000
2007,Lebanon,13804,American University of Beirut,61282,1007,160000
2007,France,210563,ENGIE SA,52162,1004,160000
2007,France,217639,Airbus SAS,33756,1004,160000
2007,Japan,154102,Daikin Industries Ltd.,63836,1004,160000
2007,Canada,89741,Asia Pulp and Paper Co. Ltd.,52131,1004,160000
2007,Australia,11031,Meat and Livestock Australia Ltd.,46270,1004,160000
2007,Philippines,220031,Confederation of Garment Exporters of the Philippines,52618,1024,160000
2007,Netherlands,43365,Friends of the Earth,56293,1020,153304
2007,Canada,17785,Bombardier Inc.,34341,1004,150000
2007,Japan,154656,Japan Automobile Manufacturers Association Inc.,68737,1001,140000
2007,United Kingdom,5319,Avon Products Inc.,59219,1004,140000
2007,Sweden,4549,Saab AB,36725,1004,120000
2007,Switzerland,5128,Swiss Bankers Association,63142,1001,120000
2007,United Kingdom,91989,Alternative Investment Management Association Ltd.,60834,1001,120000
2007,Colombia,10716,Asociacion Nacional de Industriales,41175,1004,120000
2007,Guatemala,67602,Central American Sugar Association,50627,1001,120000
2007,Netherlands,90815,Shell International BV,44096,1004,120000
2007,Norway,67458,Nuclear Protection Products AS,61029,1004,120000
2007,Canada,32214,Alliance Pipeline LP,54945,1020,120000
2007,Canada,156993,MDA Ltd.,63693,1022,120000
2007,Argentina,241534,YPF SA,59804,1017,110000
2007,Singapore,154484,Singapore Technologies Telemedia Pte. Ltd.,71446,1004,100000
2007,Germany,205892,Hannover Re Group,59277,1017,100000
2007,Denmark,343429,Bavarian Nordic AS,68750,1004,100000
2007,United Kingdom,69960,Barclays Bank plc,41666,1004,100000
2007,Thailand,80878,Thai Gem and Jewelry Traders Association,46777,1017,91500
2007,Canada,156226,Resolute Forest Products,52690,1004,88000
2007,Canada,140470,Nickel Institute,39002,1001,80000
2007,France,31872,LVMH Moët Hennessy - Louis Vuitton SE,58682,1022,80000
2007,Canada,55191,Irving Oil Ltd.,53831,1004,80000
2007,Canada,56070,InterVISTAS Consulting Inc.,62368,1017,80000
2007,Israel,168535,"Shaare Zedek Medical Center (Jerusalem, Israel)",56749,1012,80000
2007,Japan,147740,Institute of Cetacean Research,51720,1022,80000
2007,Italy,91925,Global Crop Diversity Trust,64292,1002,80000
2007,Slovenia,20365,International Trust Fund to Enhance Human Security,52392,1022,80000
2007,South Korea,79493,American Chamber of Commerce in Korea,61409,1006,80000
2007,Saudi Arabia,55610,Middle East Council of American Chambers of Commerce,56521,1006,80000
2007,Panama,89491,CBI Sugar Group,62550,1022,80000
2007,Peru,67665,Instituto Peruano del Espárrago y Hortalizas,47214,1024,80000
2007,Philippines,16050,Sugar Alliance of the Philippines,42103,1022,80000
2007,Norway,46675,High Density Devices,59333,1022,80000
2007,Malaysia,148194,Association of Asia Pacific Airlines,65120,1001,80000
2007,United Kingdom,27461,British Airways plc,33535,1004,80000
2007,Switzerland,48394,Transocean Ltd.,55537,1004,80000
2007,Switzerland,48784,"Gavi, the Vaccine Alliance",41878,1002,80000
2007,United Kingdom,93175,Children's Investment Fund  Foundation,64418,1024,80000
2007,United Kingdom,148141,GKN plc,50794,1004,80000
2007,United Nations,65644,Texas Rural Water Association,37046,1001,80000
2007,China,7199,Chilean Exporters Association,67470,1001,68000
2007,Peru,43158,Association of Hass Avocado Producers and Exporters from Peru,63699,1022,62000
2007,Mauritius,14393,Mauritius Chamber of Agriculture and Mauritius Sugar Syndicate,46486,1022,60000
2007,Mexico,154004,CEMEX SAB de CV,68747,1004,60000
2007,Canada,105375,TransCanada PipeLines Ltd.,37220,1004,60000
2007,Canada,81682,Cavalia Inc.,47050,1004,60000
2007,Canada,63692,Telesta Therapeutics Inc.,46756,1004,40000
2007,Canada,137739,Chamber of Marine Commerce,57407,1001,40000
2007,Canada,45758,Repsol Oil & Gas Canada Inc.,44446,1004,40000
2007,Canada,27025,NAV Canada,51871,1022,40000
2007,Cambodia,155833,"Textile, Apparel, Footwear and Travel Goods Association in Cambodia",40315,1001,40000
2007,Argentina,92267,Asociacion Fitosanitaria del Noroeste Argentino,67998,1024,40000
2007,Venezuela,50689,World Boxing Association,59197,1001,40000
2007,United Nations,204172,Navajo County (Ariz.) Public Works,112314,1010,20000
2007,United Kingdom,231974,Ultra Electronics Holdings plc,68759,1027,20000
2007,United Kingdom,320620,International Group of Protection and Indemnity Clubs,40588,1027,20000
2007,United Kingdom,70436,London Stock Exchange Group plc,56834,1017,20000
2007,United Kingdom,7927,HSBC Holdings plc,51657,1004,20000
2007,Australia,79502,BHP,49347,1004,20000
2007,Canada,54860,TC Energy Corp.,58227,1004,20000
2007,Canada,167916,Georgian Bay Forever,78797,1002,20000
2007,Japan,342602,Nippon Telegraph and Telephone Corp.,68742,1004,20000
2007,Dominican Republic,104508,Dominican Association of Free Zones Inc.,34174,1001,20000
2007,Belgium,13398,International Association of Professional Numismatists,46036,1001,15546
2007,Hong Kong,92474,Esquel Enterprises Ltd.,64299,1004,10500
2007,Hong Kong,111466,Hutchison Whampoa Ltd.,41133,1022,0
2007,Haiti,320204,Association of Industries of Haiti,41144,1001,0
2007,Dominican Republic,69028,Universidad Central del Este,51356,1007,0
2007,Italy,94822,Novamont SpA,48587,1004,0
2007,Japan,6986,Japan Automobile Standards Internationalization Center,45868,1009,0
2007,Japan,10223,Japan Bank for International Cooperation,48048,1004,0
2007,Japan,76450,Sumitomo Corp.,40735,1004,0
2007,Israel,152987,InSightec Ltd.,51604,1022,0
2007,Japan,153490,Hitachi Ltd.,65993,1004,0
2007,Israel,329873,Government of Israel,38682,1009,0
2007,Japan,233995,Mitsubishi Heavy Industries Ltd.,48189,1004,0
2007,Japan,323359,All Nippon Airways Co. Ltd.,38806,1004,0
2007,Netherlands,80632,KLM Royal Dutch Airlines,38712,1017,0
2007,Netherlands,154720,"Anthos, the Royal Trade Association for Nursery Stock and Flower Bulbs",49154,1001,0
2007,Luxembourg,43140,Flint Group Inc.,41022,1004,0
2007,Mexico,66615,GRUMA Corp.,53860,1004,0
2007,Mexico,139250,Grupo Televisa SAB,57551,1004,0
2007,Mexico,140419,National Chamber of the Sugar and Alcohol Industries (Mexico),68679,1022,0
2007,Saudi Arabia,345531,Government of Saudi Arabia,32093,1009,0
2007,Singapore,69465,Government of Singapore,39796,1009,0
2007,South Africa,137890,South African Sugar Association,68018,1001,0
2007,South Korea,135191,Korea Trade-Investment Promotion Agency,38954,1024,0
2007,South Korea,135298,Korea International Trade Association,38704,1001,0
2007,Spain,90209,Repsol SA,39942,1027,0
2007,Belgium,148453,European Banking Federation,45474,1024,0
2007,Canada,62616,Greater Toronto (Canada) Airports Authority,41355,1009,0
2007,Canada,46437,New Flyer of America Inc.,54378,1004,0
2007,Canada,5583,J.D. Irving Ltd.,41132,1004,0
2007,Canada,16820,Gildan Activewear Inc.,64325,1022,0
2007,Canada,252315,Cameco Corp.,67993,1004,0
2007,Canada,325641,Standard Aero Holdings Inc.,53200,1027,0
2007,France,51758,BNP Paribas SA,58132,1004,0
2007,France,63495,International Manganese Institute,63515,1024,0
2007,France,104340,Safran SA,55589,1017,0
2007,Egypt,8892,International Natural Sausage Casing Association,61873,1001,0
2007,Egypt,45539,ARTOC Group for Investment and Development,56449,1004,0
2007,France,26837,TotalEnergies SE,53276,1004,0
2007,Canada,143749,Canadian Association of Defence and Security Industries,65095,1001,0
2007,Canada,144297,Ultra Electronics Forensic Technology Inc.,39048,1014,0
2007,Canada,152570,Vancouver (Canada) International Airport Authority,50417,1010,0
2007,Canada,79371,Barrick Mining Corp.,34275,1004,0
2007,Canada,80312,Aeroports de Montreal (Canada),61623,1004,0
2007,Canada,80858,Fairfax Financial Holdings Ltd.,68765,1017,0
2007,Canada,81389,Brookfield Renewable Power Inc.,39669,1004,0
2007,United Kingdom,25370,Amec Foster Wheeler plc,31638,1004,0
2007,Switzerland,47659,UBS AG,32580,1004,0
2007,Switzerland,24440,International Olympic Committee,61519,1024,0
2007,United Kingdom,80628,Argon Electronics,48408,1004,0
2007,United Kingdom,80629,Aircontrol Technologies,56233,1004,0
2007,United Kingdom,80639,SELEX ELSAG SpA,58013,1017,0
2007,United Kingdom,80640,VT Group plc,39759,1017,0
2007,United Kingdom,49977,Haleon plc,60859,1012,0
2007,United Kingdom,60581,International Banking Federation Ltd.,61673,1024,0
2007,United Kingdom,66934,Oil Companies International Marine Forum,55842,1024,0
2007,United Kingdom,152952,British Bankers' Association,34379,1001,0
2007,United Kingdom,222338,International Game Technology plc,59650,1004,0
2008,United Kingdom,20225,GSK plc,34599,1004,8225000
2008,Ireland,40757,Accenture plc,33683,1004,6584941
2008,Switzerland,79352,F. Hoffmann-La Roche Ltd.,44018,1004,5712772
2008,Canada,308451,Canadian National Railway Co.,55243,1004,4150000
2008,United Kingdom,28611,Barclays plc,40171,1004,2480000
2008,Canada,162706,Interactive Gaming Council,68910,1001,2347325
2008,United Kingdom,110185,UC Group Ltd.,64944,1017,2226000
2008,Hong Kong,327213,Lenovo Group Ltd.,63911,1004,2080000
2008,Canada,50759,BlackBerry Ltd.,39684,1004,1482322
2008,Bermuda,91983,RenaissanceRe Holdings Ltd.,47103,1022,1450000
2008,Japan,297014,Toshiba Corp.,68746,1020,1420000
2008,Azerbaijan,96398,Renaissance Associates SA,50995,1017,1000000
2008,United Kingdom,112293,Lloyd's of London,51179,1017,970000
2008,Germany,190800,Fresenius Medical Care AG and Co. KGaA,43697,1004,910000
2008,Switzerland,14823,Zurich Insurance Group Ltd.,46080,1004,785000
2008,Canada,90923,Nexen Inc.,57440,1004,770000
2008,Russia,64484,GML Ltd.,56815,1022,750000
2008,Iraq,342328,"Government of Kurdistan, Iraq",41486,1009,720000
2008,Canada,78286,Apotex Inc.,41468,1004,700000
2008,Ireland,196504,Trane Technologies plc,105856,1004,660000
2008,United Kingdom,92118,Gabriel Resources Ltd.,43705,1017,640000
2008,Canada,64761,Cangene Corp.,44384,1004,635600
2008,Singapore,37324,APL Ltd.,39843,1004,466531
2008,Luxembourg,65751,Intelsat SA,51837,1004,440000
2008,Bermuda,50686,Cooper Industries Ltd.,47626,1004,440000
2008,South Korea,11132,Hyundai Motor America,35417,1004,410000
2008,Iceland,18522,Actavis Group,39311,1004,408000
2008,South Korea,105182,Federation of Korean Industries,57438,1009,400000
2008,Netherlands,101611,Association of Dutch Insurers,44904,1001,390000
2008,Israel,154546,Rafael Advanced Defense Systems Ltd.,62196,1004,390000
2008,Canada,18900,Electricity Canada,52083,1001,365000
2008,United Kingdom,82004,Cobham plc,62041,1004,360000
2008,United Kingdom,21068,InterContinental Hotels Group plc,42180,1004,350000
2008,Guam,104168,DFS Guam LP,56918,1004,350000
2008,France,102792,AXA SA,53943,1004,350000
2008,Germany,205892,Hannover Re Group,59277,1017,330000
2008,Germany,55354,ZF TRW Automotive Inc.,61887,1004,320000
2008,Brazil,52114,Embraer SA,39105,1004,320000
2008,United Kingdom,136626,Martin-Baker Aircraft Co. Ltd.,51104,1004,320000
2008,Norway,165468,Equinor ASA,46604,1004,298000
2008,Dominican Republic,144259,Consorcio Azucarero de Empresas Industriales,39044,1004,290000
2008,Canada,64320,Ovintiv Inc.,35590,1004,280000
2008,Colombia,10716,Asociacion Nacional de Industriales,41175,1004,280000
2008,India,266833,National Association of Software and Services Companies,36006,1024,270000
2008,Canada,9717,Iogen Corp.,37486,1004,266250
2008,Ukraine,105641,Systems Capital Management Ltd.,65220,1004,250000
2008,Japan,154102,Daikin Industries Ltd.,63836,1004,240000
2008,Bermuda,110547,Assured Guaranty Ltd.,61236,1004,240000
2008,Antigua and Barbuda,81258,Antigua Online Gaming Association,42186,1015,240000
2008,Canada,140470,Nickel Institute,39002,1001,240000
2008,Canada,80858,Fairfax Financial Holdings Ltd.,68765,1017,240000
2008,United Kingdom,93175,Children's Investment Fund  Foundation,64418,1024,230000
2008,Germany,101576,Mercedes-Benz Group AG,32477,1004,220000
2008,Germany,41256,SWK Stadtwerke Kaiserslautern GmbH,60235,1022,215800
2008,Lebanon,13804,American University of Beirut,61282,1007,198000
2008,Switzerland,12803,Swiss Reinsurance Co. Ltd.,36971,1004,190000
2008,Canada,105254,TD Bank Financial Group,40073,1004,189000
2008,Switzerland,28071,Novartis AG,32084,1004,180000
2008,France,210563,ENGIE SA,52162,1004,170000
2008,Germany,76888,Deutsche Lufthansa AG,51017,1017,170000
2008,Australia,11031,Meat and Livestock Australia Ltd.,46270,1004,162500
2008,Bermuda,48728,Arch Capital Group Ltd.,49309,1004,160000
2008,Canada,105375,TransCanada PipeLines Ltd.,37220,1004,160000
2008,Canada,207249,Canadian International Pharmacy Association,48160,1017,154000
2008,United Kingdom,208009,Anglo American Services (UK) Ltd.,43907,1027,150000
2008,United Kingdom,91989,Alternative Investment Management Association Ltd.,60834,1001,140000
2008,United Kingdom,27461,British Airways plc,33535,1004,140000
2008,Switzerland,102886,Credit Suisse Group AG,39407,1004,140000
2008,Canada,55191,Irving Oil Ltd.,53831,1004,140000
2008,Mexico,4624,Avocado Producers of Mexico,39005,1006,132000
2008,Japan,233995,Mitsubishi Heavy Industries Ltd.,48189,1004,130000
2008,Netherlands,168108,Yukos International UK BV,50791,1027,125400
2008,Japan,154656,Japan Automobile Manufacturers Association Inc.,68737,1001,120000
2008,United Kingdom,5319,Avon Products Inc.,59219,1004,120000
2008,Sweden,4549,Saab AB,36725,1004,120000
2008,Singapore,154484,Singapore Technologies Telemedia Pte. Ltd.,71446,1004,120000
2008,Argentina,241534,YPF SA,59804,1017,120000
2008,Canada,156993,MDA Ltd.,63693,1022,120000
2008,Guatemala,67602,Central American Sugar Association,50627,1001,120000
2008,Italy,91925,Global Crop Diversity Trust,64292,1002,120000
2008,Canada,16820,Gildan Activewear Inc.,64325,1022,115854
2008,France,152893,Comité Interprofessionnel du Vin de Champagne,44894,1027,113000
2008,Dominican Republic,104508,Dominican Association of Free Zones Inc.,34174,1001,110000
2008,Canada,167916,Georgian Bay Forever,78797,1002,110000
2008,Canada,32214,Alliance Pipeline LP,54945,1020,110000
2008,Switzerland,104208,SPI Group SA,52970,1004,110000
2008,Morocco,299243,OCP SA,38639,1022,110000
2008,Cambodia,155833,"Textile, Apparel, Footwear and Travel Goods Association in Cambodia",40315,1001,100000
2008,Canada,156226,Resolute Forest Products,52690,1004,100000
2008,Canada,144297,Ultra Electronics Forensic Technology Inc.,39048,1014,100000
2008,Canada,101134,CPP Investments,60416,1009,100000
2008,Canada,102025,Biolytical Laboratories Inc.,46729,1004,100000
2008,France,217639,Airbus SAS,33756,1004,100000
2008,China,7199,Chilean Exporters Association,67470,1001,96000
2008,Netherlands,43365,Friends of the Earth,56293,1020,93030
2008,Peru,43158,Association of Hass Avocado Producers and Exporters from Peru,63699,1022,90000
2008,United Nations,65644,Texas Rural Water Association,37046,1001,90000
2008,United Kingdom,69960,Barclays Bank plc,41666,1004,80000
2008,Malaysia,148194,Association of Asia Pacific Airlines,65120,1001,80000
2008,Switzerland,48394,Transocean Ltd.,55537,1004,80000
2008,Switzerland,48784,"Gavi, the Vaccine Alliance",41878,1002,80000
2008,Slovenia,20365,International Trust Fund to Enhance Human Security,52392,1022,80000
2008,Saudi Arabia,55610,Middle East Council of American Chambers of Commerce,56521,1006,80000
2008,Canada,208093,Canadian Cattlemen's Association,42255,1001,80000
2008,Canada,89741,Asia Pulp and Paper Co. Ltd.,52131,1004,80000
2008,France,31872,LVMH Moët Hennessy - Louis Vuitton SE,58682,1022,80000
2008,Japan,147740,Institute of Cetacean Research,51720,1022,74000
2008,Canada,56070,InterVISTAS Consulting Inc.,62368,1017,58000
2008,Israel,168535,"Shaare Zedek Medical Center (Jerusalem, Israel)",56749,1012,53500
2008,United Kingdom,202,Standard Chartered plc,55727,1017,52000
2008,South Korea,79493,American Chamber of Commerce in Korea,61409,1006,50000
2008,Netherlands,90815,Shell International BV,44096,1004,50000
2008,Panama,89491,CBI Sugar Group,62550,1022,50000
2008,United Kingdom,162076,Anglo American plc,68877,1027,50000
2008,Canada,137739,Chamber of Marine Commerce,57407,1001,50000
2008,Canada,105871,Therapure BioPharma Inc.,46250,1027,50000
2008,Canada,81389,Brookfield Renewable Power Inc.,39669,1004,40000
2008,United Nations,204172,Navajo County (Ariz.) Public Works,112314,1010,40000
2008,Hong Kong,92474,Esquel Enterprises Ltd.,64299,1004,31000
2008,Canada,54860,TC Energy Corp.,58227,1004,30000
2008,Argentina,92267,Asociacion Fitosanitaria del Noroeste Argentino,67998,1024,30000
2008,United Kingdom,70436,London Stock Exchange Group plc,56834,1017,30000
2008,Netherlands,154720,"Anthos, the Royal Trade Association for Nursery Stock and Flower Bulbs",49154,1001,30000
2008,Japan,309273,Takeda Pharmaceutical Co. Ltd.,57495,1027,30000
2008,Switzerland,146404,Fortu Holding AG,39331,1022,30000
2008,United Kingdom,25370,Amec Foster Wheeler plc,31638,1004,20000
2008,Switzerland,5128,Swiss Bankers Association,63142,1001,20000
2008,South Korea,145878,Hansoll Textile Ltd.,64272,1022,20000
2008,Canada,27025,NAV Canada,51871,1022,20000
2008,Germany,80605,Rheinmetall Waffe Munition GmbH,44396,1004,20000
2008,Canada,111296,Enerkem,49334,1004,20000
2008,Canada,105485,FieldTurf Tarkett Inc.,56882,1004,20000
2008,Philippines,16050,Sugar Alliance of the Philippines,42103,1022,15000
2008,United Kingdom,102350,Hesco Military Products Ltd.,50850,1004,10000
2008,Venezuela,50689,World Boxing Association,59197,1001,10000
2008,France,104340,Safran SA,55589,1017,10000
2008,Italy,94822,Novamont SpA,48587,1004,10000
2008,Canada,57894,CMC Electronics Inc.,40700,1004,10000
2008,Canada,62616,Greater Toronto (Canada) Airports Authority,41355,1009,0
2008,Canada,63692,Telesta Therapeutics Inc.,46756,1004,0
2008,Canada,45758,Repsol Oil & Gas Canada Inc.,44446,1004,0
2008,Canada,46437,New Flyer of America Inc.,54378,1004,0
2008,Canada,5583,J.D. Irving Ltd.,41132,1004,0
2008,Brazil,345577,Brazilian Sugarcane Industry Association,53348,1016,0
2008,Australia,79502,BHP,49347,1004,0
2008,Bahrain,137785,Bahrain Economic Development Board,67291,1009,0
2008,Belgium,13398,International Association of Professional Numismatists,46036,1001,0
2008,Japan,6986,Japan Automobile Standards Internationalization Center,45868,1009,0
2008,Japan,10223,Japan Bank for International Cooperation,48048,1004,0
2008,Japan,76450,Sumitomo Corp.,40735,1004,0
2008,Israel,152987,InSightec Ltd.,51604,1022,0
2008,Ireland,110226,EnBIO Ltd.,56698,1022,0
2008,Hong Kong,111466,Hutchison Whampoa Ltd.,41133,1022,0
2008,Haiti,320204,Association of Industries of Haiti,41144,1001,0
2008,Ecuador,333145,Government of Ecuador,43370,1011,0
2008,Egypt,8892,International Natural Sausage Casing Association,61873,1001,0
2008,Egypt,45539,ARTOC Group for Investment and Development,56449,1004,0
2008,France,26837,TotalEnergies SE,53276,1004,0
2008,Canada,105633,Exopolitics.com,61789,1004,0
2008,Canada,81682,Cavalia Inc.,47050,1004,0
2008,Canada,105149,Centre for National Security,52878,1017,0
2008,Canada,79371,Barrick Mining Corp.,34275,1004,0
2008,Canada,80312,Aeroports de Montreal (Canada),61623,1004,0
2008,Canada,143749,Canadian Association of Defence and Security Industries,65095,1001,0
2008,Canada,146290,3CE Technologies Inc.,39313,1004,0
2008,Canada,152570,Vancouver (Canada) International Airport Authority,50417,1010,0
2008,Denmark,343429,Bavarian Nordic AS,68750,1004,0
2008,Dominican Republic,69028,Universidad Central del Este,51356,1007,0
2008,Venezuela,343388,Petroleos de Venezuela SA,68287,1022,0
2008,United Kingdom,80628,Argon Electronics,48408,1004,0
2008,United Kingdom,80629,Aircontrol Technologies,56233,1004,0
2008,United Kingdom,80639,SELEX ELSAG SpA,58013,1017,0
2008,United Kingdom,80640,VT Group plc,39759,1017,0
2008,United Kingdom,222338,International Game Technology plc,59650,1004,0
2008,United Kingdom,231974,Ultra Electronics Holdings plc,68759,1027,0
2008,United Kingdom,320620,International Group of Protection and Indemnity Clubs,40588,1027,0
2008,United Kingdom,143365,Spencer and Syed LLP,50200,1004,0
2008,United Kingdom,146191,Clasado Ltd.,39259,1004,0
2008,United Kingdom,148141,GKN plc,50794,1004,0
2008,United Kingdom,152952,British Bankers' Association,34379,1001,0
2008,Norway,46675,High Density Devices,59333,1022,0
2008,Norway,67458,Nuclear Protection Products AS,61029,1004,0
2008,Norway,146352,AlgiPharma AS,64382,1004,0
2008,Mauritius,14393,Mauritius Chamber of Agriculture and Mauritius Sugar Syndicate,46486,1022,0
2008,Netherlands,80632,KLM Royal Dutch Airlines,38712,1017,0
2008,Japan,323359,All Nippon Airways Co. Ltd.,38806,1004,0
2008,Japan,342602,Nippon Telegraph and Telephone Corp.,68742,1004,0
2008,Kazakhstan,90659,Kazatomprom National Atomic Co.,40012,1027,0
2008,Israel,329873,Government of Israel,38682,1009,0
2008,Japan,153490,Hitachi Ltd.,65993,1004,0
2008,Luxembourg,43140,Flint Group Inc.,41022,1004,0
2008,Mexico,139250,Grupo Televisa SAB,57551,1004,0
2008,Mexico,140419,National Chamber of the Sugar and Alcohol Industries (Mexico),68679,1022,0
2008,Mexico,154004,CEMEX SAB de CV,68747,1004,0
2008,Switzerland,47659,UBS AG,32580,1004,0
2008,South Korea,135191,Korea Trade-Investment Promotion Agency,38954,1024,0
2008,South Korea,135298,Korea International Trade Association,38704,1001,0
2008,Saudi Arabia,345531,Government of Saudi Arabia,32093,1009,0
2008,South Africa,137890,South African Sugar Association,68018,1001,0
2008,United Kingdom,49977,Haleon plc,60859,1012,0
2008,United Kingdom,60581,International Banking Federation Ltd.,61673,1024,0
2008,United Kingdom,66934,Oil Companies International Marine Forum,55842,1024,0
2008,United Arab Emirates,140072,Emirates Group,43464,1004,0
2009,United Kingdom,20225,GSK plc,34599,1004,10085000
2009,Switzerland,79352,F. Hoffmann-La Roche Ltd.,44018,1004,5037516
2009,Ireland,40757,Accenture plc,33683,1004,4948834
2009,Canada,308451,Canadian National Railway Co.,55243,1004,3060000
2009,United Kingdom,110185,UC Group Ltd.,64944,1017,2770125
2009,Canada,162706,Interactive Gaming Council,68910,1001,2548170
2009,United Kingdom,28611,Barclays plc,40171,1004,2460791
2009,Canada,50759,BlackBerry Ltd.,39684,1004,2128981
2009,Japan,297014,Toshiba Corp.,68746,1020,1380000
2009,Bermuda,91983,RenaissanceRe Holdings Ltd.,47103,1022,1330000
2009,United Kingdom,112293,Lloyd's of London,51179,1017,1230000
2009,Hong Kong,327213,Lenovo Group Ltd.,63911,1004,1080000
2009,Canada,90923,Nexen Inc.,57440,1004,950000
2009,Germany,190800,Fresenius Medical Care AG and Co. KGaA,43697,1004,910000
2009,India,345185,Reliance Industries Ltd.,39549,1004,760000
2009,Canada,78286,Apotex Inc.,41468,1004,750000
2009,Azerbaijan,96398,Renaissance Associates SA,50995,1017,710000
2009,Switzerland,14823,Zurich Insurance Group Ltd.,46080,1004,693000
2009,United Kingdom,92118,Gabriel Resources Ltd.,43705,1017,670000
2009,Iraq,342328,"Government of Kurdistan, Iraq",41486,1009,620000
2009,Canada,64761,Cangene Corp.,44384,1004,610000
2009,Ireland,196504,Trane Technologies plc,105856,1004,585000
2009,Russia,64484,GML Ltd.,56815,1022,580000
2009,South Korea,11132,Hyundai Motor America,35417,1004,580000
2009,Israel,154546,Rafael Advanced Defense Systems Ltd.,62196,1004,500000
2009,Canada,105254,TD Bank Financial Group,40073,1004,473300
2009,Cayman Islands,149964,Maples and Calder,39804,1017,440000
2009,France,102792,AXA SA,53943,1004,440000
2009,Switzerland,5128,Swiss Bankers Association,63142,1001,420000
2009,United Kingdom,160838,PokerStars,70158,1027,420000
2009,Canada,54860,TC Energy Corp.,58227,1004,420000
2009,Singapore,37324,APL Ltd.,39843,1004,406158
2009,South Korea,105182,Federation of Korean Industries,57438,1009,400000
2009,China,258945,Huawei Technologies Co. Ltd.,46599,1004,400000
2009,Guam,104168,DFS Guam LP,56918,1004,400000
2009,Iceland,18522,Actavis Group,39311,1004,392000
2009,United Kingdom,82004,Cobham plc,62041,1004,380000
2009,Bermuda,110547,Assured Guaranty Ltd.,61236,1004,370000
2009,India,266833,National Association of Software and Services Companies,36006,1024,340000
2009,Germany,55354,ZF TRW Automotive Inc.,61887,1004,330000
2009,Germany,205892,Hannover Re Group,59277,1017,320000
2009,India,151413,Gujarat Fluorochemicals Ltd.,46167,1004,320000
2009,Switzerland,12803,Swiss Reinsurance Co. Ltd.,36971,1004,320000
2009,United Kingdom,136626,Martin-Baker Aircraft Co. Ltd.,51104,1004,320000
2009,Canada,151144,"Province of Saskatchewan, Canada",39875,1004,300000
2009,Brazil,52114,Embraer SA,39105,1004,300000
2009,United Kingdom,21068,InterContinental Hotels Group plc,42180,1004,290000
2009,United Kingdom,27461,British Airways plc,33535,1004,270000
2009,Germany,76888,Deutsche Lufthansa AG,51017,1017,250000
2009,Japan,154102,Daikin Industries Ltd.,63836,1004,240000
2009,Bermuda,50686,Cooper Industries Ltd.,47626,1004,240000
2009,Canada,18900,Electricity Canada,52083,1001,240000
2009,Peru,43158,Association of Hass Avocado Producers and Exporters from Peru,63699,1022,230000
2009,Canada,208093,Canadian Cattlemen's Association,42255,1001,230000
2009,Canada,9717,Iogen Corp.,37486,1004,216000
2009,South Korea,135298,Korea International Trade Association,38704,1001,210000
2009,Switzerland,146404,Fortu Holding AG,39331,1022,200000
2009,Antigua and Barbuda,81258,Antigua Online Gaming Association,42186,1015,200000
2009,Canada,161195,K2 Pure Solutions LP,45434,1004,196000
2009,Japan,154656,Japan Automobile Manufacturers Association Inc.,68737,1001,193396
2009,Germany,41256,SWK Stadtwerke Kaiserslautern GmbH,60235,1022,187200
2009,Canada,207249,Canadian International Pharmacy Association,48160,1017,180000
2009,Bermuda,48728,Arch Capital Group Ltd.,49309,1004,180000
2009,Canada,64320,Ovintiv Inc.,35590,1004,180000
2009,Australia,11031,Meat and Livestock Australia Ltd.,46270,1004,170000
2009,United Kingdom,208009,Anglo American Services (UK) Ltd.,43907,1027,170000
2009,France,210563,ENGIE SA,52162,1004,160000
2009,Albania,165007,Socialist Movement for Integration (Albania),57671,1011,160000
2009,Argentina,241534,YPF SA,59804,1017,150000
2009,Luxembourg,65751,Intelsat SA,51837,1004,150000
2009,Lebanon,13804,American University of Beirut,61282,1007,144000
2009,Switzerland,104208,SPI Group SA,52970,1004,140000
2009,Canada,144297,Ultra Electronics Forensic Technology Inc.,39048,1014,140000
2009,France,152893,Comité Interprofessionnel du Vin de Champagne,44894,1027,134987
2009,Singapore,69465,Government of Singapore,39796,1009,130000
2009,Norway,165468,Equinor ASA,46604,1004,126500
2009,Netherlands,168108,Yukos International UK BV,50791,1027,120000
2009,Japan,233995,Mitsubishi Heavy Industries Ltd.,48189,1004,120000
2009,Italy,146734,Carlo Gavazzi Space,39459,1004,120000
2009,Singapore,154484,Singapore Technologies Telemedia Pte. Ltd.,71446,1004,120000
2009,Sweden,4549,Saab AB,36725,1004,120000
2009,Switzerland,28071,Novartis AG,32084,1004,120000
2009,Guatemala,67602,Central American Sugar Association,50627,1001,120000
2009,Italy,91925,Global Crop Diversity Trust,64292,1002,120000
2009,Canada,151542,Allen-Vanguard Corp.,51227,1004,120000
2009,Canada,156993,MDA Ltd.,63693,1022,120000
2009,United Kingdom,161149,International Marine Contractors Association,70300,1001,120000
2009,United Kingdom,148141,GKN plc,50794,1004,120000
2009,Netherlands,43365,Friends of the Earth,56293,1020,108297
2009,Canada,156226,Resolute Forest Products,52690,1004,105000
2009,Colombia,10716,Asociacion Nacional de Industriales,41175,1004,100000
2009,China,149879,American Chamber of Commerce in the People’s Republic of China,50597,1006,100000
2009,Hong Kong,163610,China-United States Exchange Foundation,70876,1002,100000
2009,Norway,319773,Axnes Aviation AS,39541,1004,100000
2009,Liberia,168915,MEAB Bank SAL,79185,1022,100000
2009,United Kingdom,91989,Alternative Investment Management Association Ltd.,60834,1001,100000
2009,United Kingdom,93175,Children's Investment Fund  Foundation,64418,1024,100000
2009,United Kingdom,206116,Smiths Group plc,36822,1004,100000
2009,United Kingdom,162076,Anglo American plc,68877,1027,91000
2009,United Nations,65644,Texas Rural Water Association,37046,1001,90000
2009,South Korea,145878,Hansoll Textile Ltd.,64272,1022,90000
2009,Dominican Republic,144259,Consorcio Azucarero de Empresas Industriales,39044,1004,90000
2009,Canada,149655,St. Marys Cement Co.,39775,1004,90000
2009,Canada,5583,J.D. Irving Ltd.,41132,1004,90000
2009,Canada,32214,Alliance Pipeline LP,54945,1020,80000
2009,Argentina,163774,Cablevision SA,70390,1004,80000
2009,Canada,160760,In Situ Oil Sands Alliance,70155,1024,80000
2009,Slovenia,20365,International Trust Fund to Enhance Human Security,52392,1022,80000
2009,Switzerland,48784,"Gavi, the Vaccine Alliance",41878,1002,80000
2009,Switzerland,49354,Medicines for Malaria Venture,42311,1002,80000
2009,Ukraine,163576,DTEK BV,70858,1004,80000
2009,Malaysia,148194,Association of Asia Pacific Airlines,65120,1001,80000
2009,Japan,147740,Institute of Cetacean Research,51720,1022,72000
2009,Dominican Republic,104508,Dominican Association of Free Zones Inc.,34174,1001,71500
2009,China,165437,American Chamber of Commerce in Shanghai (China),71101,1006,70000
2009,France,51758,BNP Paribas SA,58132,1004,70000
2009,Germany,80605,Rheinmetall Waffe Munition GmbH,44396,1004,70000
2009,Germany,101576,Mercedes-Benz Group AG,32477,1004,70000
2009,Morocco,299243,OCP SA,38639,1022,70000
2009,United Kingdom,146191,Clasado Ltd.,39259,1004,70000
2009,United Kingdom,69960,Barclays Bank plc,41666,1004,70000
2009,United Kingdom,201552,bwin.party Digital Entertainment plc,110027,1022,60000
2009,United Kingdom,25370,Amec Foster Wheeler plc,31638,1004,60000
2009,Switzerland,102886,Credit Suisse Group AG,39407,1004,60000
2009,Saudi Arabia,55610,Middle East Council of American Chambers of Commerce,56521,1006,60000
2009,Canada,167916,Georgian Bay Forever,78797,1002,60000
2009,Belgium,148453,European Banking Federation,45474,1024,60000
2009,Canada,55191,Irving Oil Ltd.,53831,1004,60000
2009,Canada,111296,Enerkem,49334,1004,55000
2009,Azerbaijan,151362,Silk Way Holding,45390,1004,55000
2009,United Kingdom,5319,Avon Products Inc.,59219,1004,55000
2009,United Nations,204172,Navajo County (Ariz.) Public Works,112314,1010,55000
2009,United Kingdom,70436,London Stock Exchange Group plc,56834,1017,50000
2009,China,7199,Chilean Exporters Association,67470,1001,50000
2009,Canada,105375,TransCanada PipeLines Ltd.,37220,1004,50000
2009,Canada,16820,Gildan Activewear Inc.,64325,1022,50000
2009,Brazil,345577,Brazilian Sugarcane Industry Association,53348,1016,45000
2009,Philippines,16050,Sugar Alliance of the Philippines,42103,1022,45000
2009,Panama,89491,CBI Sugar Group,62550,1022,40000
2009,Canada,160088,Binational Softwood Lumber Council,69983,1008,40000
2009,Canada,146290,3CE Technologies Inc.,39313,1004,40000
2009,"Georgia, Republic of",156304,MagtiCom Ltd.,71871,1022,40000
2009,United Kingdom,149579,International Planned Parenthood Federation,39766,1002,40000
2009,United Kingdom,167100,LCH.Clearnet Group Ltd.,73263,1017,40000
2009,Bermuda,177211,Bacardi Ltd.,63891,1004,40000
2009,Guam,159636,University of Guam Endowment Foundation Inc.,69879,1007,30000
2009,India,49417,Carpet Export Promotion Council,76292,1022,30000
2009,Canada,101134,CPP Investments,60416,1009,30000
2009,Netherlands,154720,"Anthos, the Royal Trade Association for Nursery Stock and Flower Bulbs",49154,1001,30000
2009,Switzerland,48394,Transocean Ltd.,55537,1004,30000
2009,Italy,166059,Rheinmetall Italia SpA,72994,1004,25000
2009,Argentina,92267,Asociacion Fitosanitaria del Noroeste Argentino,67998,1024,25000
2009,Belgium,167080,Umicore SA,73253,1004,20000
2009,Cambodia,155833,"Textile, Apparel, Footwear and Travel Goods Association in Cambodia",40315,1001,20000
2009,Canada,56070,InterVISTAS Consulting Inc.,62368,1017,20000
2009,Lesotho,167822,Lesotho Textile Exporters' Association,73439,1001,20000
2009,Norway,146352,AlgiPharma AS,64382,1004,20000
2009,Panama,152474,Kpital Management SA,46035,1022,20000
2009,Taiwan,165109,Nien Hsing Textile Co. Ltd.,72703,1004,20000
2009,South Korea,79493,American Chamber of Commerce in Korea,61409,1006,20000
2009,Canada,207211,Air Canada,52155,1009,20000
2009,France,168282,BNP Paribas Corporate & Institutional Banking,79366,1004,20000
2009,France,217639,Airbus SAS,33756,1004,20000
2009,United Kingdom,102350,Hesco Military Products Ltd.,50850,1004,20000
2009,United Kingdom,168025,Argus Media Inc.,78867,1004,15000
2009,Canada,137739,Chamber of Marine Commerce,57407,1001,15000
2009,Canada,140470,Nickel Institute,39002,1001,10000
2009,Canada,81682,Cavalia Inc.,47050,1004,10000
2009,Canada,57894,CMC Electronics Inc.,40700,1004,10000
2009,Belgium,13398,International Association of Professional Numismatists,46036,1001,10000
2009,Hong Kong,92474,Esquel Enterprises Ltd.,64299,1004,10000
2009,Israel,168535,"Shaare Zedek Medical Center (Jerusalem, Israel)",56749,1012,10000
2009,Canada,105871,Therapure BioPharma Inc.,46250,1027,10000
2009,Egypt,8892,International Natural Sausage Casing Association,61873,1001,10000
2009,France,31872,LVMH Moët Hennessy - Louis Vuitton SE,58682,1022,10000
2009,South Africa,137890,South African Sugar Association,68018,1001,10000
2009,Norway,67458,Nuclear Protection Products AS,61029,1004,10000
2009,Mexico,4624,Avocado Producers of Mexico,39005,1006,10000
2009,Italy,94822,Novamont SpA,48587,1004,5000
2009,Israel,329873,Government of Israel,38682,1009,0
2009,Israel,152987,InSightec Ltd.,51604,1022,0
2009,Ireland,110226,EnBIO Ltd.,56698,1022,0
2009,Hong Kong,111466,Hutchison Whampoa Ltd.,41133,1022,0
2009,Germany,49921,Deutsche Bank AG,32798,1004,0
2009,France,104340,Safran SA,55589,1017,0
2009,France,26837,TotalEnergies SE,53276,1004,0
2009,Ecuador,333145,Government of Ecuador,43370,1011,0
2009,Canada,210470,Medicago Inc.,79263,1027,0
2009,Canada,152570,Vancouver (Canada) International Airport Authority,50417,1010,0
2009,Canada,105149,Centre for National Security,52878,1017,0
2009,Canada,207139,"Province of Alberta, Canada",65418,1009,0
2009,Mauritius,14393,Mauritius Chamber of Agriculture and Mauritius Sugar Syndicate,46486,1022,0
2009,Netherlands,80632,KLM Royal Dutch Airlines,38712,1017,0
2009,Netherlands,101611,Association of Dutch Insurers,44904,1001,0
2009,New Zealand,150595,Meat and Wool New Zealand Ltd.,45221,1017,0
2009,Norway,46675,High Density Devices,59333,1022,0
2009,Norway,149892,Alphaville Security AS,45032,1004,0
2009,Luxembourg,43140,Flint Group Inc.,41022,1004,0
2009,Japan,323359,All Nippon Airways Co. Ltd.,38806,1004,0
2009,Japan,6986,Japan Automobile Standards Internationalization Center,45868,1009,0
2009,Japan,10223,Japan Bank for International Cooperation,48048,1004,0
2009,Japan,76450,Sumitomo Corp.,40735,1004,0
2009,Japan,153490,Hitachi Ltd.,65993,1004,0
2009,Japan,211234,Panasonic Corp.,45752,1004,0
2009,Saudi Arabia,345531,Government of Saudi Arabia,32093,1009,0
2009,Somalia,137244,Government of Somalia,38957,1008,0
2009,United Kingdom,202,Standard Chartered plc,55727,1017,0
2009,Switzerland,47659,UBS AG,32580,1004,0
2009,Venezuela,50689,World Boxing Association,59197,1001,0
2009,United Kingdom,222338,International Game Technology plc,59650,1004,0
2009,United Kingdom,231974,Ultra Electronics Holdings plc,68759,1027,0
2009,United Kingdom,320620,International Group of Protection and Indemnity Clubs,40588,1027,0
2009,United Kingdom,149962,Hybrid Air Vehicles Ltd.,45042,1004,0
2009,United Kingdom,152952,British Bankers' Association,34379,1001,0
2009,United Kingdom,143365,Spencer and Syed LLP,50200,1004,0
2009,United Kingdom,80628,Argon Electronics,48408,1004,0
2009,United Kingdom,80629,Aircontrol Technologies,56233,1004,0
2009,United Kingdom,80639,SELEX ELSAG SpA,58013,1017,0
2009,United Kingdom,80640,VT Group plc,39759,1017,0
2009,United Kingdom,60581,International Banking Federation Ltd.,61673,1024,0
2009,United Kingdom,66934,Oil Companies International Marine Forum,55842,1024,0
2009,Australia,79502,BHP,49347,1004,0
2009,Canada,62616,Greater Toronto (Canada) Airports Authority,41355,1009,0
2009,Canada,63692,Telesta Therapeutics Inc.,46756,1004,0
2009,Canada,45758,Repsol Oil & Gas Canada Inc.,44446,1004,0
2009,Canada,46437,New Flyer of America Inc.,54378,1004,0
2009,Canada,27025,NAV Canada,51871,1022,0
2009,Canada,17785,Bombardier Inc.,34341,1004,0
2009,Canada,79371,Barrick Mining Corp.,34275,1004,0
2009,Canada,80312,Aeroports de Montreal (Canada),61623,1004,0
2009,Canada,80858,Fairfax Financial Holdings Ltd.,68765,1017,0
2009,Canada,81389,Brookfield Renewable Power Inc.,39669,1004,0
2009,Canada,143749,Canadian Association of Defence and Security Industries,65095,1001,0
2009,Canada,105485,FieldTurf Tarkett Inc.,56882,1004,0
2009,Canada,105633,Exopolitics.com,61789,1004,0
2010,United Kingdom,20225,GSK plc,34599,1004,7260000
2010,Ireland,40757,Accenture plc,33683,1004,4980000
2010,United Kingdom,28611,Barclays plc,40171,1004,3960000
2010,Canada,50759,BlackBerry Ltd.,39684,1004,3425500
2010,Canada,308451,Canadian National Railway Co.,55243,1004,2769980
2010,United Kingdom,110185,UC Group Ltd.,64944,1017,2718428
2010,Canada,162706,Interactive Gaming Council,68910,1001,1733580
2010,United Kingdom,112293,Lloyd's of London,51179,1017,1500000
2010,Japan,297014,Toshiba Corp.,68746,1020,1360000
2010,Bermuda,91983,RenaissanceRe Holdings Ltd.,47103,1022,1130000
2010,Hong Kong,327213,Lenovo Group Ltd.,63911,1004,890000
2010,United Kingdom,160838,PokerStars,70158,1027,840000
2010,South Korea,11132,Hyundai Motor America,35417,1004,790000
2010,Switzerland,14823,Zurich Insurance Group Ltd.,46080,1004,780000
2010,India,345185,Reliance Industries Ltd.,39549,1004,760000
2010,Germany,190800,Fresenius Medical Care AG and Co. KGaA,43697,1004,760000
2010,United Kingdom,177594,Quantico North NFP Ltd.,96653,1004,725000
2010,Canada,78286,Apotex Inc.,41468,1004,700000
2010,Iceland,18522,Actavis Group,39311,1004,617000
2010,Germany,101576,Mercedes-Benz Group AG,32477,1004,600000
2010,South Korea,301727,Kia Corp.,57419,1004,600000
2010,Brazil,345577,Brazilian Sugarcane Industry Association,53348,1016,575000
2010,Iraq,342328,"Government of Kurdistan, Iraq",41486,1009,560000
2010,Canada,54860,TC Energy Corp.,58227,1004,540000
2010,Ireland,196504,Trane Technologies plc,105856,1004,530000
2010,Bermuda,110547,Assured Guaranty Ltd.,61236,1004,520000
2010,Canada,105254,TD Bank Financial Group,40073,1004,520000
2010,Azerbaijan,96398,Renaissance Associates SA,50995,1017,484000
2010,France,102792,AXA SA,53943,1004,440000
2010,Israel,154546,Rafael Advanced Defense Systems Ltd.,62196,1004,430000
2010,Spain,173742,Gamesa Corporación Tecnológica SA,86472,1004,420000
2010,Switzerland,79352,F. Hoffmann-La Roche Ltd.,44018,1004,418899
2010,Singapore,37324,APL Ltd.,39843,1004,414416
2010,South Korea,105182,Federation of Korean Industries,57438,1009,400000
2010,South Korea,135191,Korea Trade-Investment Promotion Agency,38954,1024,400000
2010,India,266833,National Association of Software and Services Companies,36006,1024,400000
2010,Canada,151144,"Province of Saskatchewan, Canada",39875,1004,400000
2010,Canada,64761,Cangene Corp.,44384,1004,380000
2010,Canada,89741,Asia Pulp and Paper Co. Ltd.,52131,1004,370000
2010,Guam,104168,DFS Guam LP,56918,1004,360000
2010,Canada,17785,Bombardier Inc.,34341,1004,355000
2010,China,171342,Huawei Technologies Investment Co. Ltd.,84806,1004,350000
2010,Canada,161195,K2 Pure Solutions LP,45434,1004,330000
2010,Germany,55354,ZF TRW Automotive Inc.,61887,1004,330000
2010,United Kingdom,21068,InterContinental Hotels Group plc,42180,1004,330000
2010,Switzerland,12803,Swiss Reinsurance Co. Ltd.,36971,1004,320000
2010,United Kingdom,136626,Martin-Baker Aircraft Co. Ltd.,51104,1004,320000
2010,Germany,205892,Hannover Re Group,59277,1017,310000
2010,Norway,165468,Equinor ASA,46604,1004,298500
2010,Russia,64484,GML Ltd.,56815,1022,290000
2010,Hong Kong,163610,China-United States Exchange Foundation,70876,1002,280000
2010,Brazil,52114,Embraer SA,39105,1004,280000
2010,Canada,160088,Binational Softwood Lumber Council,69983,1008,260000
2010,Spain,190535,Naturgy Energy Group SA,100165,1004,250000
2010,Germany,41256,SWK Stadtwerke Kaiserslautern GmbH,60235,1022,244313
2010,"Georgia, Republic of",171732,Poti Sea Port Corp.,84999,1004,240000
2010,Japan,154102,Daikin Industries Ltd.,63836,1004,240000
2010,United Kingdom,82004,Cobham plc,62041,1004,240000
2010,United Kingdom,167100,LCH.Clearnet Group Ltd.,73263,1017,240000
2010,United Kingdom,201552,bwin.party Digital Entertainment plc,110027,1022,240000
2010,Canada,90923,Nexen Inc.,57440,1004,240000
2010,Bermuda,50686,Cooper Industries Ltd.,47626,1004,240000
2010,Taiwan,175456,Chinatrust Financial Holding Co.,87085,1027,230000
2010,Canada,18900,Electricity Canada,52083,1001,225000
2010,United Kingdom,70436,London Stock Exchange Group plc,56834,1017,210000
2010,Switzerland,104208,SPI Group SA,52970,1004,210000
2010,Japan,136714,Toyota Motor Corp.,32537,1004,210000
2010,Liberia,168915,MEAB Bank SAL,79185,1022,200000
2010,Switzerland,146404,Fortu Holding AG,39331,1022,200000
2010,Belgium,167080,Umicore SA,73253,1004,200000
2010,Bermuda,48728,Arch Capital Group Ltd.,49309,1004,200000
2010,Canada,105375,TransCanada PipeLines Ltd.,37220,1004,200000
2010,Canada,207249,Canadian International Pharmacy Association,48160,1017,195000
2010,United Kingdom,91989,Alternative Investment Management Association Ltd.,60834,1001,195000
2010,Canada,64320,Ovintiv Inc.,35590,1004,190000
2010,Argentina,163774,Cablevision SA,70390,1004,190000
2010,Ukraine,163576,DTEK BV,70858,1004,180000
2010,Australia,11031,Meat and Livestock Australia Ltd.,46270,1004,170000
2010,Canada,160760,In Situ Oil Sands Alliance,70155,1024,170000
2010,Canada,144297,Ultra Electronics Forensic Technology Inc.,39048,1014,160000
2010,Singapore,69465,Government of Singapore,39796,1009,160000
2010,Japan,175556,Mitsui Oil Exploration Co. Ltd.,87039,1004,160000
2010,France,210563,ENGIE SA,52162,1004,160000
2010,United Kingdom,27461,British Airways plc,33535,1004,160000
2010,Antigua and Barbuda,81258,Antigua Online Gaming Association,42186,1015,150000
2010,Canada,9717,Iogen Corp.,37486,1004,150000
2010,Lebanon,13804,American University of Beirut,61282,1007,144000
2010,United Kingdom,218339,Rio Tinto London Ltd.,125693,1004,140000
2010,Canada,207211,Air Canada,52155,1009,140000
2010,Canada,169250,Catalyst Paper Corp.,79008,1004,130000
2010,United Kingdom,148141,GKN plc,50794,1004,130000
2010,United Kingdom,206116,Smiths Group plc,36822,1004,120000
2010,United Kingdom,146191,Clasado Ltd.,39259,1004,120000
2010,Japan,154656,Japan Automobile Manufacturers Association Inc.,68737,1001,120000
2010,Italy,91925,Global Crop Diversity Trust,64292,1002,120000
2010,Italy,146734,Carlo Gavazzi Space,39459,1004,120000
2010,France,152893,Comité Interprofessionnel du Vin de Champagne,44894,1027,120000
2010,Guatemala,67602,Central American Sugar Association,50627,1001,120000
2010,Singapore,154484,Singapore Technologies Telemedia Pte. Ltd.,71446,1004,120000
2010,South Korea,135298,Korea International Trade Association,38704,1001,120000
2010,Netherlands,168108,Yukos International UK BV,50791,1027,120000
2010,Switzerland,49354,Medicines for Malaria Venture,42311,1002,120000
2010,Switzerland,28071,Novartis AG,32084,1004,120000
2010,Sweden,4549,Saab AB,36725,1004,120000
2010,Switzerland,5128,Swiss Bankers Association,63142,1001,120000
2010,Canada,170681,GeoDigital International Inc.,82990,1017,120000
2010,Canada,156993,MDA Ltd.,63693,1022,120000
2010,Canada,145890,Uranium One Inc.,50209,1004,120000
2010,Canada,111296,Enerkem,49334,1004,120000
2010,Canada,172826,Canola Council of Canada,86251,1001,120000
2010,Canada,156226,Resolute Forest Products,52690,1004,115000
2010,Canada,172383,Armatec Survivability Corp.,85070,1004,110000
2010,Canada,208093,Canadian Cattlemen's Association,42255,1001,110000
2010,Canada,210470,Medicago Inc.,79263,1027,110000
2010,Germany,76888,Deutsche Lufthansa AG,51017,1017,110000
2010,Belgium,148453,European Banking Federation,45474,1024,102221
2010,Canada,32214,Alliance Pipeline LP,54945,1020,100000
2010,Canada,172494,Porter Airlines Inc.,85067,1017,100000
2010,Canada,207139,"Province of Alberta, Canada",65418,1009,100000
2010,Netherlands,154393,Royal Boskalis Westminster NV,51614,1017,99990
2010,China,165437,American Chamber of Commerce in Shanghai (China),71101,1006,90000
2010,Kazakhstan,90659,Kazatomprom National Atomic Co.,40012,1027,90000
2010,Canada,171337,DBRS Inc.,84794,1017,90000
2010,Canada,16820,Gildan Activewear Inc.,64325,1022,90000
2010,Azerbaijan,151362,Silk Way Holding,45390,1004,80000
2010,Canada,151542,Allen-Vanguard Corp.,51227,1004,80000
2010,Cayman Islands,149964,Maples and Calder,39804,1017,80000
2010,Italy,190548,Impresa Pizzarotti & C. SpA,100148,1004,80000
2010,Malaysia,148194,Association of Asia Pacific Airlines,65120,1001,80000
2010,Norway,319773,Axnes Aviation AS,39541,1004,80000
2010,Slovenia,20365,International Trust Fund to Enhance Human Security,52392,1022,80000
2010,Switzerland,48784,"Gavi, the Vaccine Alliance",41878,1002,80000
2010,Spain,170752,"City of Salamanca, Spain",83149,1010,75000
2010,Mexico,154004,CEMEX SAB de CV,68747,1004,75000
2010,Japan,147740,Institute of Cetacean Research,51720,1022,71000
2010,United Kingdom,168025,Argus Media Inc.,78867,1004,70000
2010,China,7199,Chilean Exporters Association,67470,1001,70000
2010,Brazil,172424,Brazilian Textile and Apparel Industry Association,85058,1022,70000
2010,United Kingdom,5319,Avon Products Inc.,59219,1004,65000
2010,United Kingdom,25370,Amec Foster Wheeler plc,31638,1004,60000
2010,Morocco,299243,OCP SA,38639,1022,60000
2010,Germany,80605,Rheinmetall Waffe Munition GmbH,44396,1004,60000
2010,United Nations,65644,Texas Rural Water Association,37046,1001,60000
2010,China,149879,American Chamber of Commerce in the People’s Republic of China,50597,1006,60000
2010,France,51758,BNP Paribas SA,58132,1004,60000
2010,Canada,171818,S.M. Group International Inc.,84904,1017,60000
2010,Canada,149655,St. Marys Cement Co.,39775,1004,50000
2010,Canada,5583,J.D. Irving Ltd.,41132,1004,50000
2010,Belgium,13398,International Association of Professional Numismatists,46036,1001,50000
2010,Italy,199972,Argol SpA,100251,1004,50000
2010,Italy,190519,Villanova SpA,100279,1004,50000
2010,South Korea,145878,Hansoll Textile Ltd.,64272,1022,50000
2010,Israel,168535,"Shaare Zedek Medical Center (Jerusalem, Israel)",56749,1012,45000
2010,United Nations,204172,Navajo County (Ariz.) Public Works,112314,1010,45000
2010,Netherlands,43365,Friends of the Earth,56293,1020,42827
2010,Luxembourg,65751,Intelsat SA,51837,1004,40000
2010,Philippines,16050,Sugar Alliance of the Philippines,42103,1022,40000
2010,Saudi Arabia,55610,Middle East Council of American Chambers of Commerce,56521,1006,40000
2010,Sweden,190663,Volvo Car Corp.,100399,1004,40000
2010,Italy,166059,Rheinmetall Italia SpA,72994,1004,40000
2010,Guam,159636,University of Guam Endowment Foundation Inc.,69879,1007,40000
2010,United Kingdom,149579,International Planned Parenthood Federation,39766,1002,40000
2010,Australia,176318,Lynas Rare Earths Ltd.,87322,1004,40000
2010,Canada,146290,3CE Technologies Inc.,39313,1004,40000
2010,Canada,173560,ArchiDATA Inc.,86424,1017,40000
2010,Canada,176018,Quantex Energy Inc.,87258,1004,40000
2010,Canada,178294,Norampac,98236,1004,33874
2010,Canada,174943,Cenovus Energy Inc.,86968,1004,30000
2010,Brazil,137507,Abicalcados,67159,1024,30000
2010,United Kingdom,102350,Hesco Military Products Ltd.,50850,1004,30000
2010,United Kingdom,190326,Eurasian Natural Resources Corporation Ltd.,100175,1004,30000
2010,Israel,179984,Terrestrial Jerusalem (Israel),98001,1020,30000
2010,Netherlands,154720,"Anthos, the Royal Trade Association for Nursery Stock and Flower Bulbs",49154,1001,30000
2010,Panama,89491,CBI Sugar Group,62550,1022,30000
2010,Mauritius,14393,Mauritius Chamber of Agriculture and Mauritius Sugar Syndicate,46486,1022,20000
2010,South Korea,79493,American Chamber of Commerce in Korea,61409,1006,20000
2010,Switzerland,48394,Transocean Ltd.,55537,1004,20000
2010,Ireland,176301,Niall Mellon Township Trust,32146,1002,20000
2010,Lesotho,167822,Lesotho Textile Exporters' Association,73439,1001,20000
2010,"Georgia, Republic of",156304,MagtiCom Ltd.,71871,1022,20000
2010,France,168282,BNP Paribas Corporate & Institutional Banking,79366,1004,20000
2010,Guatemala,178373,VESTEX,98089,1004,20000
2010,Hong Kong,176299,D'Luxe Group Ltd.,87316,1017,20000
2010,Canada,175853,Manitoba Hydro Corp.,87133,1010,20000
2010,Dominican Republic,69028,Universidad Central del Este,51356,1007,20000
2010,Canada,138404,CSA Group,67572,1001,20000
2010,Argentina,92267,Asociacion Fitosanitaria del Noroeste Argentino,67998,1024,18000
2010,Germany,49921,Deutsche Bank AG,32798,1004,16000
2010,Japan,179911,Shikibo Ltd.,98013,1004,15000
2010,Canada,137739,Chamber of Marine Commerce,57407,1001,15000
2010,Dominican Republic,104508,Dominican Association of Free Zones Inc.,34174,1001,10000
2010,France,63495,International Manganese Institute,63515,1024,10000
2010,Egypt,8892,International Natural Sausage Casing Association,61873,1001,10000
2010,Canada,178633,Cooke Aquaculture Inc.,98417,1004,10000
2010,Canada,190162,Clarocity Corp.,100273,1004,10000
2010,Bermuda,177211,Bacardi Ltd.,63891,1004,10000
2010,Kenya,176054,African Cotton and Textile Industries Federation,87217,1024,10000
2010,Taiwan,165109,Nien Hsing Textile Co. Ltd.,72703,1004,10000
2010,Thailand,80878,Thai Gem and Jewelry Traders Association,46777,1017,10000
2010,Peru,43158,Association of Hass Avocado Producers and Exporters from Peru,63699,1022,10000
2010,Peru,67665,Instituto Peruano del Espárrago y Hortalizas,47214,1024,10000
2010,Norway,146352,AlgiPharma AS,64382,1004,10000
2010,Norway,149892,Alphaville Security AS,45032,1004,0
2010,New Zealand,150595,Meat and Wool New Zealand Ltd.,45221,1017,0
2010,Norway,67458,Nuclear Protection Products AS,61029,1004,0
2010,Panama,152474,Kpital Management SA,46035,1022,0
2010,Norway,320905,DSG Technology AS,86279,1004,0
2010,Mexico,4624,Avocado Producers of Mexico,39005,1006,0
2010,Netherlands,80632,KLM Royal Dutch Airlines,38712,1017,0
2010,Netherlands,101611,Association of Dutch Insurers,44904,1001,0
2010,Somalia,137244,Government of Somalia,38957,1008,0
2010,South Africa,137890,South African Sugar Association,68018,1001,0
2010,Russia,190608,Mobile TeleSystems OJSC,100119,1004,0
2010,United Kingdom,202,Standard Chartered plc,55727,1017,0
2010,United Kingdom,80628,Argon Electronics,48408,1004,0
2010,United Kingdom,80629,Aircontrol Technologies,56233,1004,0
2010,United Kingdom,80639,SELEX ELSAG SpA,58013,1017,0
2010,United Kingdom,80640,VT Group plc,39759,1017,0
2010,United Kingdom,60581,International Banking Federation Ltd.,61673,1024,0
2010,United Kingdom,66934,Oil Companies International Marine Forum,55842,1024,0
2010,United Kingdom,69960,Barclays Bank plc,41666,1004,0
2010,Japan,323359,All Nippon Airways Co. Ltd.,38806,1004,0
2010,Liberia,176651,Millenium Group Services,94589,1022,0
2010,Luxembourg,43140,Flint Group Inc.,41022,1004,0
2010,Japan,211234,Panasonic Corp.,45752,1004,0
2010,Japan,233995,Mitsubishi Heavy Industries Ltd.,48189,1004,0
2010,Japan,153490,Hitachi Ltd.,65993,1004,0
2010,Japan,6986,Japan Automobile Standards Internationalization Center,45868,1009,0
2010,Japan,10223,Japan Bank for International Cooperation,48048,1004,0
2010,Japan,76450,Sumitomo Corp.,40735,1004,0
2010,Israel,329873,Government of Israel,38682,1009,0
2010,Italy,94822,Novamont SpA,48587,1004,0
2010,Israel,152987,InSightec Ltd.,51604,1022,0
2010,France,217639,Airbus SAS,33756,1004,0
2010,Germany,172801,Xeless GmbH,86255,1017,0
2010,Germany,173637,German Insurance Association,86438,1020,0
2010,Ireland,110226,EnBIO Ltd.,56698,1022,0
2010,Hong Kong,92474,Esquel Enterprises Ltd.,64299,1004,0
2010,Hong Kong,111466,Hutchison Whampoa Ltd.,41133,1022,0
2010,India,49417,Carpet Export Promotion Council,76292,1022,0
2010,India,151413,Gujarat Fluorochemicals Ltd.,46167,1004,0
2010,Venezuela,50689,World Boxing Association,59197,1001,0
2010,United Kingdom,92118,Gabriel Resources Ltd.,43705,1017,0
2010,United Kingdom,143365,Spencer and Syed LLP,50200,1004,0
2010,United Kingdom,149962,Hybrid Air Vehicles Ltd.,45042,1004,0
2010,United Kingdom,152952,British Bankers' Association,34379,1001,0
2010,United Kingdom,177490,Privacy International,95958,1024,0
2010,United Kingdom,161149,International Marine Contractors Association,70300,1001,0
2010,United Kingdom,162076,Anglo American plc,68877,1027,0
2010,Austria,189895,MED-EL Corp.,100124,1004,0
2010,Australia,60227,Australian Bankers' Association,77971,1017,0
2010,Australia,79502,BHP,49347,1004,0
2010,Canada,45758,Repsol Oil & Gas Canada Inc.,44446,1004,0
2010,Canada,46437,New Flyer of America Inc.,54378,1004,0
2010,Canada,27025,NAV Canada,51871,1022,0
2010,Canada,55191,Irving Oil Ltd.,53831,1004,0
2010,Canada,56070,InterVISTAS Consulting Inc.,62368,1017,0
2010,Canada,57894,CMC Electronics Inc.,40700,1004,0
2010,Canada,62616,Greater Toronto (Canada) Airports Authority,41355,1009,0
2010,Canada,63692,Telesta Therapeutics Inc.,46756,1004,0
2010,Albania,165007,Socialist Movement for Integration (Albania),57671,1011,0
2010,Canada,190673,A.C.E. Consulting,100472,1017,0
2010,Canada,252315,Cameco Corp.,67993,1004,0
2010,Canada,167916,Georgian Bay Forever,78797,1002,0
2010,France,26837,TotalEnergies SE,53276,1004,0
2010,France,31872,LVMH Moët Hennessy - Louis Vuitton SE,58682,1022,0
2010,Dominican Republic,144259,Consorcio Azucarero de Empresas Industriales,39044,1004,0
2010,Ecuador,333145,Government of Ecuador,43370,1011,0
2010,China,258945,Huawei Technologies Co. Ltd.,46599,1004,0
2010,Colombia,10716,Asociacion Nacional de Industriales,41175,1004,0
2010,Canada,105485,FieldTurf Tarkett Inc.,56882,1004,0
2010,Canada,105633,Exopolitics.com,61789,1004,0
2010,Canada,101134,CPP Investments,60416,1009,0
2010,Canada,105149,Centre for National Security,52878,1017,0
2010,Canada,79371,Barrick Mining Corp.,34275,1004,0
2010,Canada,80312,Aeroports de Montreal (Canada),61623,1004,0
2010,Canada,81682,Cavalia Inc.,47050,1004,0
2010,Canada,140470,Nickel Institute,39002,1001,0
2010,Canada,143749,Canadian Association of Defence and Security Industries,65095,1001,0
2010,Canada,152570,Vancouver (Canada) International Airport Authority,50417,1010,0
2011,United Kingdom,20225,GSK plc,34599,1004,6695000
2011,Ireland,40757,Accenture plc,33683,1004,4390000
2011,Canada,50759,BlackBerry Ltd.,39684,1004,3756000
2011,Canada,308451,Canadian National Railway Co.,55243,1004,2998000
2011,United Kingdom,28611,Barclays plc,40171,1004,2950000
2011,Switzerland,45939,TE Connectivity Ltd.,59043,1004,2140000
2011,United Kingdom,110185,UC Group Ltd.,64944,1017,1900000
2011,United Kingdom,177594,Quantico North NFP Ltd.,96653,1004,1522500
2011,Canada,105375,TransCanada PipeLines Ltd.,37220,1004,1430000
2011,Japan,297014,Toshiba Corp.,68746,1020,1360000
2011,South Korea,11132,Hyundai Motor America,35417,1004,1240000
2011,Canada,162706,Interactive Gaming Council,68910,1001,1195000
2011,United Kingdom,112293,Lloyd's of London,51179,1017,1180000
2011,Spain,190535,Naturgy Energy Group SA,100165,1004,1000000
2011,Canada,78286,Apotex Inc.,41468,1004,850000
2011,Iceland,18522,Actavis Group,39311,1004,812000
2011,Switzerland,14823,Zurich Insurance Group Ltd.,46080,1004,780000
2011,Iraq,342328,"Government of Kurdistan, Iraq",41486,1009,730000
2011,Hong Kong,327213,Lenovo Group Ltd.,63911,1004,680000
2011,United Kingdom,160838,PokerStars,70158,1027,680000
2011,United Kingdom,167100,LCH.Clearnet Group Ltd.,73263,1017,680000
2011,Bermuda,91983,RenaissanceRe Holdings Ltd.,47103,1022,620000
2011,Azerbaijan,96398,Renaissance Associates SA,50995,1017,601000
2011,Canada,105254,TD Bank Financial Group,40073,1004,600000
2011,South Korea,301727,Kia Corp.,57419,1004,600000
2011,Ireland,196504,Trane Technologies plc,105856,1004,590000
2011,Spain,173742,Gamesa Corporación Tecnológica SA,86472,1004,560000
2011,Bermuda,110547,Assured Guaranty Ltd.,61236,1004,560000
2011,Mexico,154004,CEMEX SAB de CV,68747,1004,550000
2011,Germany,190800,Fresenius Medical Care AG and Co. KGaA,43697,1004,550000
2011,Israel,154546,Rafael Advanced Defense Systems Ltd.,62196,1004,480000
2011,Singapore,37324,APL Ltd.,39843,1004,470000
2011,France,102792,AXA SA,53943,1004,440000
2011,Switzerland,79352,F. Hoffmann-La Roche Ltd.,44018,1004,439982
2011,Hong Kong,163610,China-United States Exchange Foundation,70876,1002,420000
2011,Guam,104168,DFS Guam LP,56918,1004,420000
2011,China,171342,Huawei Technologies Investment Co. Ltd.,84806,1004,410000
2011,Canada,151144,"Province of Saskatchewan, Canada",39875,1004,400000
2011,Australia,60227,Australian Bankers' Association,77971,1017,400000
2011,South Korea,105182,Federation of Korean Industries,57438,1009,400000
2011,United Kingdom,21068,InterContinental Hotels Group plc,42180,1004,390000
2011,Brazil,345577,Brazilian Sugarcane Industry Association,53348,1016,384000
2011,India,266833,National Association of Software and Services Companies,36006,1024,375000
2011,India,345185,Reliance Industries Ltd.,39549,1004,360000
2011,Sweden,190663,Volvo Car Corp.,100399,1004,330000
2011,Switzerland,12803,Swiss Reinsurance Co. Ltd.,36971,1004,320000
2011,United Kingdom,136626,Martin-Baker Aircraft Co. Ltd.,51104,1004,320000
2011,Germany,55354,ZF TRW Automotive Inc.,61887,1004,320000
2011,Brazil,52114,Embraer SA,39105,1004,320000
2011,Canada,90923,Nexen Inc.,57440,1004,310000
2011,Sweden,195388,TriOptima AB,104278,1004,310000
2011,Canada,135478,Royal Bank of Canada,53734,1004,300000
2011,Israel,190859,Noble Energy Mediterranean Ltd.,100358,1004,290000
2011,Canada,17785,Bombardier Inc.,34341,1004,280000
2011,Norway,165468,Equinor ASA,46604,1004,270000
2011,Japan,175556,Mitsui Oil Exploration Co. Ltd.,87039,1004,260000
2011,United Kingdom,202,Standard Chartered plc,55727,1017,250000
2011,Bermuda,192364,Athene Life Re Ltd.,102094,1004,250000
2011,Canada,160760,In Situ Oil Sands Alliance,70155,1024,250000
2011,Canada,207249,Canadian International Pharmacy Association,48160,1017,246000
2011,Canada,207139,"Province of Alberta, Canada",65418,1009,240000
2011,Bermuda,50686,Cooper Industries Ltd.,47626,1004,240000
2011,United Kingdom,201552,bwin.party Digital Entertainment plc,110027,1022,240000
2011,Japan,154102,Daikin Industries Ltd.,63836,1004,240000
2011,Germany,41256,SWK Stadtwerke Kaiserslautern GmbH,60235,1022,240000
2011,Belgium,167080,Umicore SA,73253,1004,220000
2011,Canada,54860,TC Energy Corp.,58227,1004,200000
2011,France,31872,LVMH Moët Hennessy - Louis Vuitton SE,58682,1022,200000
2011,United Kingdom,82004,Cobham plc,62041,1004,200000
2011,United Kingdom,91989,Alternative Investment Management Association Ltd.,60834,1001,190000
2011,France,190762,Natixis Global Asset Management SA,100369,1004,190000
2011,Russia,64484,GML Ltd.,56815,1022,190000
2011,Canada,207211,Air Canada,52155,1009,190000
2011,Canada,208093,Canadian Cattlemen's Association,42255,1001,190000
2011,Bermuda,48728,Arch Capital Group Ltd.,49309,1004,180000
2011,Netherlands,101611,Association of Dutch Insurers,44904,1001,180000
2011,United Kingdom,206116,Smiths Group plc,36822,1004,180000
2011,Australia,11031,Meat and Livestock Australia Ltd.,46270,1004,170000
2011,Canada,64320,Ovintiv Inc.,35590,1004,160000
2011,Canada,144297,Ultra Electronics Forensic Technology Inc.,39048,1014,160000
2011,United Kingdom,70436,London Stock Exchange Group plc,56834,1017,160000
2011,France,210563,ENGIE SA,52162,1004,160000
2011,United Kingdom,146191,Clasado Ltd.,39259,1004,150000
2011,Canada,18900,Electricity Canada,52083,1001,150000
2011,Lebanon,13804,American University of Beirut,61282,1007,144000
2011,India,206863,Devas Multimedia Pte. Ltd.,115199,1004,140000
2011,Italy,190519,Villanova SpA,100279,1004,130000
2011,Italy,199972,Argol SpA,100251,1004,130000
2011,Canada,111296,Enerkem,49334,1004,130000
2011,Canada,156993,MDA Ltd.,63693,1022,120000
2011,Canada,172383,Armatec Survivability Corp.,85070,1004,120000
2011,Canada,210470,Medicago Inc.,79263,1027,120000
2011,Canada,252315,Cameco Corp.,67993,1004,120000
2011,China,165437,American Chamber of Commerce in Shanghai (China),71101,1006,120000
2011,Italy,91925,Global Crop Diversity Trust,64292,1002,120000
2011,Guatemala,67602,Central American Sugar Association,50627,1001,120000
2011,France,195565,SeaOrbiter SAS,104247,1014,120000
2011,Germany,191294,International Platinum Group Metals Association,101567,1001,120000
2011,Japan,154656,Japan Automobile Manufacturers Association Inc.,68737,1001,120000
2011,Netherlands,168108,Yukos International UK BV,50791,1027,120000
2011,Singapore,154484,Singapore Technologies Telemedia Pte. Ltd.,71446,1004,120000
2011,United Kingdom,148141,GKN plc,50794,1004,120000
2011,Switzerland,49354,Medicines for Malaria Venture,42311,1002,120000
2011,Switzerland,28071,Novartis AG,32084,1004,120000
2011,Canada,156226,Resolute Forest Products,52690,1004,115000
2011,Argentina,163774,Cablevision SA,70390,1004,110000
2011,Spain,90209,Repsol SA,39942,1027,110000
2011,Germany,205892,Hannover Re Group,59277,1017,110000
2011,Germany,76888,Deutsche Lufthansa AG,51017,1017,100000
2011,Spain,196390,Esinor Group,105712,1025,100000
2011,Taiwan,175456,Chinatrust Financial Holding Co.,87085,1027,100000
2011,United Kingdom,168025,Argus Media Inc.,78867,1004,100000
2011,Canada,137322,Canadian Association of Petroleum Producers,52075,1001,100000
2011,Canada,191675,National Bank of Canada,101502,1004,100000
2011,Canada,190162,Clarocity Corp.,100273,1004,90000
2011,Canada,194330,Goldcorp Inc.,103437,1004,90000
2011,Canada,191674,Horizons BetaPro Exchange Traded Funds,101584,1015,90000
2011,Canada,145890,Uranium One Inc.,50209,1004,90000
2011,Canada,170681,GeoDigital International Inc.,82990,1017,90000
2011,United Kingdom,218339,Rio Tinto London Ltd.,125693,1004,90000
2011,Sweden,4549,Saab AB,36725,1004,90000
2011,Japan,179911,Shikibo Ltd.,98013,1004,90000
2011,Malaysia,148194,Association of Asia Pacific Airlines,65120,1001,80000
2011,Morocco,299243,OCP SA,38639,1022,80000
2011,Slovenia,20365,International Trust Fund to Enhance Human Security,52392,1022,80000
2011,Germany,101576,Mercedes-Benz Group AG,32477,1004,80000
2011,Hong Kong,176299,D'Luxe Group Ltd.,87316,1017,80000
2011,Italy,190548,Impresa Pizzarotti & C. SpA,100148,1004,80000
2011,United Kingdom,192444,Plexus Holdings plc,102138,1004,80000
2011,Switzerland,194273,Crucell Switzerland AG,103372,1012,80000
2011,Switzerland,102886,Credit Suisse Group AG,39407,1004,80000
2011,Switzerland,146404,Fortu Holding AG,39331,1022,80000
2011,Switzerland,48784,"Gavi, the Vaccine Alliance",41878,1002,80000
2011,Canada,171818,S.M. Group International Inc.,84904,1017,80000
2011,Canada,160088,Binational Softwood Lumber Council,69983,1008,80000
2011,Canada,80858,Fairfax Financial Holdings Ltd.,68765,1017,80000
2011,Canada,191780,Ucore Rare Metals Inc.,101358,1004,80000
2011,Canada,173560,ArchiDATA Inc.,86424,1017,80000
2011,Canada,176018,Quantex Energy Inc.,87258,1004,80000
2011,Australia,176318,Lynas Rare Earths Ltd.,87322,1004,80000
2011,Canada,32214,Alliance Pipeline LP,54945,1020,80000
2011,Azerbaijan,151362,Silk Way Holding,45390,1004,80000
2011,Canada,9717,Iogen Corp.,37486,1004,70000
2011,Argentina,191933,Atanor SCA,101884,1004,70000
2011,China,149879,American Chamber of Commerce in the People’s Republic of China,50597,1006,70000
2011,Dominican Republic,69028,Universidad Central del Este,51356,1007,70000
2011,Switzerland,5128,Swiss Bankers Association,63142,1001,70000
2011,Guam,104063,AmChams of Asia Pacific,51991,1006,70000
2011,France,63495,International Manganese Institute,63515,1024,70000
2011,Canada,178294,Norampac,98236,1004,67345
2011,Belgium,13398,International Association of Professional Numismatists,46036,1001,65000
2011,Guatemala,178373,VESTEX,98089,1004,60000
2011,Ukraine,163576,DTEK BV,70858,1004,60000
2011,United Kingdom,5319,Avon Products Inc.,59219,1004,60000
2011,United Kingdom,102350,Hesco Military Products Ltd.,50850,1004,60000
2011,United Kingdom,194514,Global Witness Ltd.,37234,1027,50000
2011,Thailand,196154,PTT International Co. Ltd.,105219,1004,50000
2011,France,193951,BetClic Everest Group,102791,1004,50000
2011,Colombia,10716,Asociacion Nacional de Industriales,41175,1004,50000
2011,Dominican Republic,49125,Grupo M Industries SA,41388,1017,50000
2011,"Georgia, Republic of",195716,Our Georgia - Free Democrats,104428,1027,50000
2011,Luxembourg,65751,Intelsat SA,51837,1004,50000
2011,Peru,67665,Instituto Peruano del Espárrago y Hortalizas,47214,1024,50000
2011,Bahrain,137785,Bahrain Economic Development Board,67291,1009,50000
2011,Canada,16820,Gildan Activewear Inc.,64325,1022,50000
2011,Canada,62616,Greater Toronto (Canada) Airports Authority,41355,1009,50000
2011,Canada,174943,Cenovus Energy Inc.,86968,1004,50000
2011,Belgium,192173,Central Europe Energy Partners AISBL,102003,1002,45000
2011,Netherlands,43365,Friends of the Earth,56293,1020,44873
2011,Philippines,16050,Sugar Alliance of the Philippines,42103,1022,40000
2011,Saudi Arabia,55610,Middle East Council of American Chambers of Commerce,56521,1006,40000
2011,Guam,159636,University of Guam Endowment Foundation Inc.,69879,1007,40000
2011,Ireland,176301,Niall Mellon Township Trust,32146,1002,40000
2011,Italy,193658,Sorgente Group SpA,102507,1004,40000
2011,United Kingdom,25370,Amec Foster Wheeler plc,31638,1004,40000
2011,United Kingdom,27461,British Airways plc,33535,1004,40000
2011,Switzerland,191189,International Food and Beverage Alliance,101569,1001,40000
2011,United Nations,65644,Texas Rural Water Association,37046,1001,40000
2011,United Kingdom,149579,International Planned Parenthood Federation,39766,1002,40000
2011,Brazil,137507,Abicalcados,67159,1024,40000
2011,Canada,175853,Manitoba Hydro Corp.,87133,1010,40000
2011,Canada,105871,Therapure BioPharma Inc.,46250,1027,40000
2011,Canada,138064,"Grey, Clark, Shih & Associates Ltd.",67424,1017,40000
2011,Canada,172826,Canola Council of Canada,86251,1001,40000
2011,Japan,147740,Institute of Cetacean Research,51720,1022,36000
2011,Canada,194971,ENBALA Power Networks,104122,1004,35000
2011,Poland,192175,Grupa LOTOS SA,101990,1004,32000
2011,Philippines,192152,Manila-based Professional Services Inc.,101985,1004,30000
2011,Norway,319773,Axnes Aviation AS,39541,1004,30000
2011,South Korea,79493,American Chamber of Commerce in Korea,61409,1006,30000
2011,Italy,146734,Carlo Gavazzi Space,39459,1004,30000
2011,Netherlands,194867,Lima Holding BV,103970,1004,30000
2011,Israel,196006,Ampal-American Israel Corp.,105016,1004,30000
2011,Israel,179984,Terrestrial Jerusalem (Israel),98001,1020,30000
2011,Germany,251631,Bayer AG,67518,1004,30000
2011,Canada,198364,Livingston International Income Fund,107150,1025,30000
2011,Canada,198394,Nevada Copper Corp.,107163,1004,30000
2011,Canada,161195,K2 Pure Solutions LP,45434,1004,25000
2011,Canada,56070,InterVISTAS Consulting Inc.,62368,1017,24400
2011,Canada,51876,AMEC Construction Management Inc.,74591,1017,20000
2011,Canada,5583,J.D. Irving Ltd.,41132,1004,20000
2011,Canada,138615,Great Canadian Railtour Co. Ltd.,67689,1004,20000
2011,Canada,137739,Chamber of Marine Commerce,57407,1001,20000
2011,Canada,197928,Ferus Inc.,106644,1004,20000
2011,Greece,197750,DEPA SA,106395,1004,20000
2011,Finland,191834,Codenomicon Ltd.,101657,1004,20000
2011,France,81573,Safran Electronics & Defense,41048,1004,20000
2011,Netherlands,196075,ASML Netherlands BV,105108,1025,20000
2011,Mauritius,14393,Mauritius Chamber of Agriculture and Mauritius Sugar Syndicate,46486,1022,20000
2011,Kenya,176054,African Cotton and Textile Industries Federation,87217,1024,20000
2011,Panama,89491,CBI Sugar Group,62550,1022,20000
2011,Singapore,69465,Government of Singapore,39796,1009,20000
2011,Taiwan,165109,Nien Hsing Textile Co. Ltd.,72703,1004,20000
2011,United Arab Emirates,196269,Apollo Enterprises Ltd.,105524,1025,20000
2011,United Kingdom,191506,Bio Products Laboratory Ltd.,101699,1014,18000
2011,United Kingdom,197580,Big Bus Tours Ltd.,106255,1015,15000
2011,Mexico,4624,Avocado Producers of Mexico,39005,1006,15000
2011,China,258945,Huawei Technologies Co. Ltd.,46599,1004,15000
2011,Canada,55191,Irving Oil Ltd.,53831,1004,10000
2011,Italy,166059,Rheinmetall Italia SpA,72994,1004,10000
2011,Romania,197933,Casa Suprema SRL,106661,1004,10000
2011,Singapore,198203,Diageo Singapore Pte. Ltd.,106930,1004,10000
2011,South Korea,157125,Samsung Electronics Co. Ltd.,54009,1004,10000
2011,Finland,195580,NewWell Ltd.,104232,1004,10000
2011,Egypt,8892,International Natural Sausage Casing Association,61873,1001,10000
2011,Canada,198244,Tait Labs,106977,1015,7000
2011,Dominican Republic,104508,Dominican Association of Free Zones Inc.,34174,1001,6000
2011,Canada,105149,Centre for National Security,52878,1017,6000
2011,Canada,197710,Canadian Snowbird Association,106366,1004,5700
2011,Canada,178633,Cooke Aquaculture Inc.,98417,1004,0
2011,Canada,193629,BacTech Environmental Corp.,102537,1004,0
2011,Canada,190673,A.C.E. Consulting,100472,1017,0
2011,Dominican Republic,144259,Consorcio Azucarero de Empresas Industriales,39044,1004,0
2011,Ecuador,333145,Government of Ecuador,43370,1011,0
2011,Cayman Islands,149964,Maples and Calder,39804,1017,0
2011,China,7199,Chilean Exporters Association,67470,1001,0
2011,Canada,227400,Investment Funds Institute of Canada,102108,1004,0
2011,Canada,105485,FieldTurf Tarkett Inc.,56882,1004,0
2011,Canada,105633,Exopolitics.com,61789,1004,0
2011,Canada,81682,Cavalia Inc.,47050,1004,0
2011,Canada,101134,CPP Investments,60416,1009,0
2011,Canada,107891,Bombardier Recreational Products,57755,1004,0
2011,Canada,140470,Nickel Institute,39002,1001,0
2011,Canada,143749,Canadian Association of Defence and Security Industries,65095,1001,0
2011,Canada,138404,CSA Group,67572,1001,0
2011,Canada,146290,3CE Technologies Inc.,39313,1004,0
2011,Canada,149655,St. Marys Cement Co.,39775,1004,0
2011,Canada,152570,Vancouver (Canada) International Airport Authority,50417,1010,0
2011,Canada,45758,Repsol Oil & Gas Canada Inc.,44446,1004,0
2011,Canada,46437,New Flyer of America Inc.,54378,1004,0
2011,Canada,27025,NAV Canada,51871,1022,0
2011,Canada,57894,CMC Electronics Inc.,40700,1004,0
2011,Canada,63692,Telesta Therapeutics Inc.,46756,1004,0
2011,Canada,79371,Barrick Mining Corp.,34275,1004,0
2011,Canada,80312,Aeroports de Montreal (Canada),61623,1004,0
2011,Brazil,172424,Brazilian Textile and Apparel Industry Association,85058,1022,0
2011,Bermuda,177211,Bacardi Ltd.,63891,1004,0
2011,Belgium,148453,European Banking Federation,45474,1024,0
2011,Australia,194614,Havas Red,103754,1017,0
2011,Austria,189895,MED-EL Corp.,100124,1004,0
2011,Antigua and Barbuda,81258,Antigua Online Gaming Association,42186,1015,0
2011,Argentina,92267,Asociacion Fitosanitaria del Noroeste Argentino,67998,1024,0
2011,Cyprus,203923,Keraisa Ltd.,111796,1004,0
2011,Finland,196177,JOT Automation Ltd.,105274,1004,0
2011,France,26837,TotalEnergies SE,53276,1004,0
2011,France,51758,BNP Paribas SA,58132,1004,0
2011,France,104340,Safran SA,55589,1017,0
2011,France,168282,BNP Paribas Corporate & Institutional Banking,79366,1004,0
2011,Germany,172801,Xeless GmbH,86255,1017,0
2011,Germany,80605,Rheinmetall Waffe Munition GmbH,44396,1004,0
2011,Germany,49921,Deutsche Bank AG,32798,1004,0
2011,France,217639,Airbus SAS,33756,1004,0
2011,"Georgia, Republic of",156304,MagtiCom Ltd.,71871,1022,0
2011,"Georgia, Republic of",171732,Poti Sea Port Corp.,84999,1004,0
2011,Israel,152987,InSightec Ltd.,51604,1022,0
2011,Israel,329873,Government of Israel,38682,1009,0
2011,Italy,94822,Novamont SpA,48587,1004,0
2011,Italy,194561,American University of Rome (Italy),103708,1007,0
2011,Japan,6986,Japan Automobile Standards Internationalization Center,45868,1009,0
2011,Japan,10223,Japan Bank for International Cooperation,48048,1004,0
2011,Japan,76450,Sumitomo Corp.,40735,1004,0
2011,India,49417,Carpet Export Promotion Council,76292,1022,0
2011,India,191978,Shiva International,101852,1004,0
2011,Hong Kong,111466,Hutchison Whampoa Ltd.,41133,1022,0
2011,South Korea,196227,Hyundai Motor Co.,71631,1027,0
2011,South Africa,137890,South African Sugar Association,68018,1001,0
2011,South Korea,135298,Korea International Trade Association,38704,1001,0
2011,South Korea,145878,Hansoll Textile Ltd.,64272,1022,0
2011,Russia,190608,Mobile TeleSystems OJSC,100119,1004,0
2011,Saudi Arabia,345531,Government of Saudi Arabia,32093,1009,0
2011,Panama,152474,Kpital Management SA,46035,1022,0
2011,Norway,320905,DSG Technology AS,86279,1004,0
2011,Norway,215495,Making View AS,122743,1004,0
2011,Norway,215496,AnsuR Technologies AS,122746,1004,0
2011,Japan,192459,Life Insurance Association of Japan,102131,1004,0
2011,Japan,211234,Panasonic Corp.,45752,1004,0
2011,Japan,233995,Mitsubishi Heavy Industries Ltd.,48189,1004,0
2011,Japan,323359,All Nippon Airways Co. Ltd.,38806,1004,0
2011,Kazakhstan,90659,Kazatomprom National Atomic Co.,40012,1027,0
2011,Lesotho,167822,Lesotho Textile Exporters' Association,73439,1001,0
2011,Liberia,168915,MEAB Bank SAL,79185,1022,0
2011,Liberia,176651,Millenium Group Services,94589,1022,0
2011,Luxembourg,43140,Flint Group Inc.,41022,1004,0
2011,Netherlands,154720,"Anthos, the Royal Trade Association for Nursery Stock and Flower Bulbs",49154,1001,0
2011,Netherlands,80632,KLM Royal Dutch Airlines,38712,1017,0
2011,New Zealand,150595,Meat and Wool New Zealand Ltd.,45221,1017,0
2011,Nicaragua,193941,Permanent Commission on Human Rights,102790,1026,0
2011,Norway,46675,High Density Devices,59333,1022,0
2011,Norway,146352,AlgiPharma AS,64382,1004,0
2011,Norway,149892,Alphaville Security AS,45032,1004,0
2011,United Kingdom,92118,Gabriel Resources Ltd.,43705,1017,0
2011,United Kingdom,190326,Eurasian Natural Resources Corporation Ltd.,100175,1004,0
2011,United Nations,204172,Navajo County (Ariz.) Public Works,112314,1010,0
2011,Venezuela,50689,World Boxing Association,59197,1001,0
2011,United Kingdom,149962,Hybrid Air Vehicles Ltd.,45042,1004,0
2011,United Kingdom,152952,British Bankers' Association,34379,1001,0
2011,United Kingdom,177490,Privacy International,95958,1024,0
2011,United Kingdom,80628,Argon Electronics,48408,1004,0
2011,United Kingdom,80629,Aircontrol Technologies,56233,1004,0
2011,United Kingdom,80639,SELEX ELSAG SpA,58013,1017,0
2011,United Kingdom,80640,VT Group plc,39759,1017,0
2011,United Kingdom,143365,Spencer and Syed LLP,50200,1004,0
2011,United Arab Emirates,197898,Emirates Nuclear Energy Corp.,106614,1004,0
2011,United Arab Emirates,191609,Allied Star General Trading LLC,101732,1024,0
2011,United Arab Emirates,191980,Radiant Trading DWC LLC,101851,1004,0
2011,United Kingdom,60581,International Banking Federation Ltd.,61673,1024,0
2011,United Kingdom,66934,Oil Companies International Marine Forum,55842,1024,0
2011,United Kingdom,69960,Barclays Bank plc,41666,1004,0
2011,Thailand,80878,Thai Gem and Jewelry Traders Association,46777,1017,0
2011,Switzerland,104208,SPI Group SA,52970,1004,0
2011,Switzerland,48394,Transocean Ltd.,55537,1004,0
2012,United Kingdom,20225,GSK plc,34599,1004,6140000
2012,Ireland,40757,Accenture plc,33683,1004,4270000
2012,Canada,50759,BlackBerry Ltd.,39684,1004,3656000
2012,Canada,308451,Canadian National Railway Co.,55243,1004,3445000
2012,Switzerland,45939,TE Connectivity Ltd.,59043,1004,2645000
2012,Belgium,199627,SWIFT SCRL,108445,1004,1620000
2012,United Kingdom,110185,UC Group Ltd.,64944,1017,1550000
2012,Japan,297014,Toshiba Corp.,68746,1020,1360000
2012,United Kingdom,167100,LCH.Clearnet Group Ltd.,73263,1017,1257000
2012,United Kingdom,112293,Lloyd's of London,51179,1017,1050000
2012,South Korea,11132,Hyundai Motor America,35417,1004,960000
2012,Canada,105375,TransCanada PipeLines Ltd.,37220,1004,930000
2012,South Korea,157125,Samsung Electronics Co. Ltd.,54009,1004,760000
2012,Switzerland,14823,Zurich Insurance Group Ltd.,46080,1004,753000
2012,Canada,78286,Apotex Inc.,41468,1004,740000
2012,Iceland,18522,Actavis Group,39311,1004,712000
2012,Canada,162706,Interactive Gaming Council,68910,1001,690000
2012,Azerbaijan,96398,Renaissance Associates SA,50995,1017,670000
2012,South Korea,301727,Kia Corp.,57419,1004,600000
2012,United Kingdom,160838,PokerStars,70158,1027,600000
2012,Bermuda,110547,Assured Guaranty Ltd.,61236,1004,550000
2012,Ireland,196504,Trane Technologies plc,105856,1004,511000
2012,Germany,190800,Fresenius Medical Care AG and Co. KGaA,43697,1004,510000
2012,Hong Kong,163610,China-United States Exchange Foundation,70876,1002,507232
2012,Switzerland,79352,F. Hoffmann-La Roche Ltd.,44018,1004,501560
2012,Singapore,37324,APL Ltd.,39843,1004,500000
2012,Canada,90923,Nexen Inc.,57440,1004,500000
2012,Ukraine,105641,Systems Capital Management Ltd.,65220,1004,480000
2012,Guam,104168,DFS Guam LP,56918,1004,480000
2012,China,199355,Dandong Port Co. Ltd.,108234,1004,480000
2012,Canada,160760,In Situ Oil Sands Alliance,70155,1024,450000
2012,France,102792,AXA SA,53943,1004,440000
2012,Switzerland,233220,CSL Vifor,109516,1004,440000
2012,Canada,105254,TD Bank Financial Group,40073,1004,440000
2012,Morocco,299243,OCP SA,38639,1022,430000
2012,United Kingdom,208009,Anglo American Services (UK) Ltd.,43907,1027,420000
2012,Japan,153625,SoftBank Group Corp.,71296,1004,420000
2012,Israel,154546,Rafael Advanced Defense Systems Ltd.,62196,1004,410000
2012,Bermuda,91983,RenaissanceRe Holdings Ltd.,47103,1022,410000
2012,India,266833,National Association of Software and Services Companies,36006,1024,405000
2012,South Korea,105182,Federation of Korean Industries,57438,1009,400000
2012,Canada,151144,"Province of Saskatchewan, Canada",39875,1004,400000
2012,Sweden,190663,Volvo Car Corp.,100399,1004,395000
2012,Iraq,342328,"Government of Kurdistan, Iraq",41486,1009,360000
2012,China,171342,Huawei Technologies Investment Co. Ltd.,84806,1004,350000
2012,France,190762,Natixis Global Asset Management SA,100369,1004,320000
2012,France,203148,Citelum DC LLC,111006,1004,320000
2012,Germany,55354,ZF TRW Automotive Inc.,61887,1004,320000
2012,Israel,190859,Noble Energy Mediterranean Ltd.,100358,1004,320000
2012,Switzerland,12803,Swiss Reinsurance Co. Ltd.,36971,1004,320000
2012,United Kingdom,201552,bwin.party Digital Entertainment plc,110027,1022,320000
2012,United Kingdom,136626,Martin-Baker Aircraft Co. Ltd.,51104,1004,320000
2012,Brazil,52114,Embraer SA,39105,1004,320000
2012,Mexico,154004,CEMEX SAB de CV,68747,1004,307000
2012,Israel,204314,Objet Ltd.,112528,1004,300000
2012,Liberia,168915,MEAB Bank SAL,79185,1022,300000
2012,Japan,154102,Daikin Industries Ltd.,63836,1004,280000
2012,Italy,199972,Argol SpA,100251,1004,280000
2012,Italy,190519,Villanova SpA,100279,1004,280000
2012,Spain,173742,Gamesa Corporación Tecnológica SA,86472,1004,280000
2012,Norway,165468,Equinor ASA,46604,1004,260000
2012,Hong Kong,199397,Tiptop Energy Ltd.,108183,1004,260000
2012,Canada,207249,Canadian International Pharmacy Association,48160,1017,251000
2012,Canada,252315,Cameco Corp.,67993,1004,240000
2012,India,206863,Devas Multimedia Pte. Ltd.,115199,1004,240000
2012,Canada,145890,Uranium One Inc.,50209,1004,240000
2012,Canada,137322,Canadian Association of Petroleum Producers,52075,1001,240000
2012,Canada,18900,Electricity Canada,52083,1001,235000
2012,United Kingdom,162076,Anglo American plc,68877,1027,230000
2012,Germany,41256,SWK Stadtwerke Kaiserslautern GmbH,60235,1022,220000
2012,United Kingdom,91989,Alternative Investment Management Association Ltd.,60834,1001,212500
2012,United Kingdom,21068,InterContinental Hotels Group plc,42180,1004,210000
2012,United Kingdom,206116,Smiths Group plc,36822,1004,200000
2012,Canada,207211,Air Canada,52155,1009,200000
2012,Canada,32214,Alliance Pipeline LP,54945,1020,200000
2012,Canada,62616,Greater Toronto (Canada) Airports Authority,41355,1009,200000
2012,Switzerland,204024,World Intellectual Property Organization,95699,1004,193500
2012,China,203526,CNOOC International Ltd.,111124,1004,190000
2012,Bermuda,48728,Arch Capital Group Ltd.,49309,1004,180000
2012,Australia,11031,Meat and Livestock Australia Ltd.,46270,1004,170000
2012,Canada,208093,Canadian Cattlemen's Association,42255,1001,170000
2012,Japan,154656,Japan Automobile Manufacturers Association Inc.,68737,1001,170000
2012,United Kingdom,202,Standard Chartered plc,55727,1017,170000
2012,Russia,64484,GML Ltd.,56815,1022,170000
2012,Canada,202372,Duluth Metals Ltd.,110699,1025,160000
2012,Canada,198364,Livingston International Income Fund,107150,1025,160000
2012,France,195565,SeaOrbiter SAS,104247,1014,160000
2012,Canada,9717,Iogen Corp.,37486,1004,160000
2012,Canada,64320,Ovintiv Inc.,35590,1004,160000
2012,Canada,172383,Armatec Survivability Corp.,85070,1004,150000
2012,United Kingdom,70436,London Stock Exchange Group plc,56834,1017,150000
2012,Lebanon,13804,American University of Beirut,61282,1007,144000
2012,Japan,92846,NEC Corp.,68685,1004,140000
2012,Canada,207139,"Province of Alberta, Canada",65418,1009,140000
2012,Chile,205037,Chilean Association of Banks and Financial Institutions,112918,1004,140000
2012,Cyprus,203923,Keraisa Ltd.,111796,1004,130000
2012,France,31872,LVMH Moët Hennessy - Louis Vuitton SE,58682,1022,130000
2012,Netherlands,194867,Lima Holding BV,103970,1004,130000
2012,South Korea,203977,Hyundai Rotem Co.,111847,1004,130000
2012,Canada,16820,Gildan Activewear Inc.,64325,1022,130000
2012,Belgium,167080,Umicore SA,73253,1004,120000
2012,Canada,156993,MDA Ltd.,63693,1022,120000
2012,Spain,90209,Repsol SA,39942,1027,120000
2012,Switzerland,49354,Medicines for Malaria Venture,42311,1002,120000
2012,Netherlands,168108,Yukos International UK BV,50791,1027,120000
2012,United Kingdom,28611,Barclays plc,40171,1004,120000
2012,United Kingdom,82004,Cobham plc,62041,1004,120000
2012,Canada,198394,Nevada Copper Corp.,107163,1004,120000
2012,Canada,197928,Ferus Inc.,106644,1004,120000
2012,Canada,191780,Ucore Rare Metals Inc.,101358,1004,120000
2012,Italy,91925,Global Crop Diversity Trust,64292,1002,120000
2012,Guatemala,67602,Central American Sugar Association,50627,1001,120000
2012,Ireland,193070,Shire plc,102235,1004,120000
2012,China,258945,Huawei Technologies Co. Ltd.,46599,1004,112500
2012,Colombia,201678,Colombian Sugar Cane Growers Association,110114,1017,110000
2012,Canada,174943,Cenovus Energy Inc.,86968,1004,110000
2012,China,165437,American Chamber of Commerce in Shanghai (China),71101,1006,110000
2012,Canada,210470,Medicago Inc.,79263,1027,110000
2012,Canada,202397,MOSAID Technologies Inc.,110727,1004,110000
2012,Germany,191294,International Platinum Group Metals Association,101567,1001,105000
2012,Brazil,345577,Brazilian Sugarcane Industry Association,53348,1016,105000
2012,Canada,135478,Royal Bank of Canada,53734,1004,100000
2012,Germany,205892,Hannover Re Group,59277,1017,100000
2012,Poland,192175,Grupa LOTOS SA,101990,1004,96000
2012,Sweden,4549,Saab AB,36725,1004,90000
2012,Palestine,203481,Palestine Investment Fund,110966,1004,90000
2012,Japan,179911,Shikibo Ltd.,98013,1004,90000
2012,Germany,76888,Deutsche Lufthansa AG,51017,1017,90000
2012,Canada,173560,ArchiDATA Inc.,86424,1017,90000
2012,Canada,170681,GeoDigital International Inc.,82990,1017,90000
2012,Bahrain,201479,Airfoil International WLL,109969,1004,90000
2012,Azerbaijan,151362,Silk Way Holding,45390,1004,80000
2012,Australia,176318,Lynas Rare Earths Ltd.,87322,1004,80000
2012,Canada,54860,TC Energy Corp.,58227,1004,80000
2012,Canada,171818,S.M. Group International Inc.,84904,1017,80000
2012,Canada,156226,Resolute Forest Products,52690,1004,80000
2012,Canada,160088,Binational Softwood Lumber Council,69983,1008,80000
2012,France,210563,ENGIE SA,52162,1004,80000
2012,Dominican Republic,49125,Grupo M Industries SA,41388,1017,80000
2012,Dominican Republic,69028,Universidad Central del Este,51356,1007,80000
2012,Canada,191675,National Bank of Canada,101502,1004,80000
2012,Guam,104063,AmChams of Asia Pacific,51991,1006,80000
2012,Malaysia,148194,Association of Asia Pacific Airlines,65120,1001,80000
2012,Switzerland,48784,"Gavi, the Vaccine Alliance",41878,1002,80000
2012,United Kingdom,192444,Plexus Holdings plc,102138,1004,80000
2012,United Kingdom,168025,Argus Media Inc.,78867,1004,75645
2012,Japan,211234,Panasonic Corp.,45752,1004,75000
2012,France,139156,Peugeot SA,40461,1025,70000
2012,Canada,175853,Manitoba Hydro Corp.,87133,1010,70000
2012,Canada,176018,Quantex Energy Inc.,87258,1004,70000
2012,France,63495,International Manganese Institute,63515,1024,70000
2012,United Kingdom,197580,Big Bus Tours Ltd.,106255,1015,70000
2012,Thailand,196154,PTT International Co. Ltd.,105219,1004,70000
2012,Switzerland,102886,Credit Suisse Group AG,39407,1004,70000
2012,Panama,89491,CBI Sugar Group,62550,1022,70000
2012,Netherlands,101611,Association of Dutch Insurers,44904,1001,70000
2012,Canada,111296,Enerkem,49334,1004,70000
2012,Cayman Islands,198250,Alibaba Group Holding Ltd.,106981,1004,61000
2012,"Georgia, Republic of",202697,Metskhre Arkhi LLC,110870,1004,60000
2012,"Georgia, Republic of",202700,Global Contact Consulting LLC,110874,1004,60000
2012,Germany,173637,German Insurance Association,86438,1020,60000
2012,Hong Kong,176299,D'Luxe Group Ltd.,87316,1017,60000
2012,United Kingdom,148141,GKN plc,50794,1004,60000
2012,United Kingdom,203435,BP International Ltd.,111074,1004,50000
2012,Japan,199784,Mitsubishi UFJ Financial Group Inc.,108713,1004,50000
2012,Luxembourg,65751,Intelsat SA,51837,1004,50000
2012,Switzerland,146404,Fortu Holding AG,39331,1022,50000
2012,Hong Kong,205688,Primus Financial Holdings Ltd.,114033,1004,50000
2012,France,202436,PREVOR,110757,1012,50000
2012,Canada,206395,Maritime Industrial Transportation Alliance,114400,1004,50000
2012,Australia,202424,Financial Services Council Ltd. (Australia),110746,1004,50000
2012,Israel,196006,Ampal-American Israel Corp.,105016,1004,47100
2012,Canada,178294,Norampac,98236,1004,43895
2012,Japan,147740,Institute of Cetacean Research,51720,1022,41000
2012,Belgium,148453,European Banking Federation,45474,1024,40798
2012,Australia,60227,Australian Bankers' Association,77971,1017,40000
2012,Belgium,13398,International Association of Professional Numismatists,46036,1001,40000
2012,Brazil,137507,Abicalcados,67159,1024,40000
2012,Japan,175556,Mitsui Oil Exploration Co. Ltd.,87039,1004,40000
2012,Libya,230279,Association of Banks in Lebanon,111912,1001,40000
2012,Hong Kong,327213,Lenovo Group Ltd.,63911,1004,40000
2012,Ireland,176301,Niall Mellon Township Trust,32146,1002,40000
2012,Guam,159636,University of Guam Endowment Foundation Inc.,69879,1007,40000
2012,Canada,199351,NUDURA Corp.,108206,1004,40000
2012,France,26837,TotalEnergies SE,53276,1004,40000
2012,Switzerland,191189,International Food and Beverage Alliance,101569,1001,40000
2012,Slovenia,20365,International Trust Fund to Enhance Human Security,52392,1022,40000
2012,Saudi Arabia,55610,Middle East Council of American Chambers of Commerce,56521,1006,40000
2012,Mexico,26428,Confederation of Agricultural Associations of the State of Sinaloa,38910,1015,40000
2012,United Kingdom,194514,Global Witness Ltd.,37234,1027,40000
2012,United Kingdom,149579,International Planned Parenthood Federation,39766,1002,40000
2012,Switzerland,205758,Dufry AG,114138,1015,40000
2012,Netherlands,43365,Friends of the Earth,56293,1020,30430
2012,Russia,190608,Mobile TeleSystems OJSC,100119,1004,30000
2012,Singapore,154484,Singapore Technologies Telemedia Pte. Ltd.,71446,1004,30000
2012,Sweden,195388,TriOptima AB,104278,1004,30000
2012,Switzerland,5128,Swiss Bankers Association,63142,1001,30000
2012,Turkey,205448,Borusan Mannesmann Boru Sanayi ve Ticaret AS,113609,1004,30000
2012,China,205796,BGI Group,114165,1027,30000
2012,Hong Kong,204014,CNOOC Ltd.,111134,1004,30000
2012,Israel,179984,Terrestrial Jerusalem (Israel),98001,1020,30000
2012,Canada,5583,J.D. Irving Ltd.,41132,1004,30000
2012,Australia,204022,Rubicon Water,111930,1004,30000
2012,Canada,138615,Great Canadian Railtour Co. Ltd.,67689,1004,30000
2012,Canada,137739,Chamber of Marine Commerce,57407,1001,30000
2012,Canada,105871,Therapure BioPharma Inc.,46250,1027,30000
2012,Australia,79502,BHP,49347,1004,20000
2012,Bermuda,50686,Cooper Industries Ltd.,47626,1004,20000
2012,India,205143,All India Rice Exports Association,113034,1004,20000
2012,Canada,201810,Vancouver Fraser (British Columbia) Port Authority,110201,1010,20000
2012,Canada,205402,Capital Power Corp.,113543,1004,20000
2012,United Kingdom,206100,International Underwriting Association of London (England),65629,1001,20000
2012,United Nations,65644,Texas Rural Water Association,37046,1001,20000
2012,South Korea,145878,Hansoll Textile Ltd.,64272,1022,20000
2012,Philippines,220031,Confederation of Garment Exporters of the Philippines,52618,1024,20000
2012,Mexico,136355,National Chamber of the Fishing and Aquaculture Industry (Mexico),49765,1022,20000
2012,Philippines,16050,Sugar Alliance of the Philippines,42103,1022,15000
2012,Canada,200459,Route1 Inc.,109644,1004,15000
2012,Germany,251631,Bayer AG,67518,1004,14000
2012,Japan,323359,All Nippon Airways Co. Ltd.,38806,1004,10000
2012,Canada,197710,Canadian Snowbird Association,106366,1004,10000
2012,Egypt,8892,International Natural Sausage Casing Association,61873,1001,10000
2012,Egypt,204232,Agrocorp For Agriculture Investment SAE,112372,1004,10000
2012,Norway,67458,Nuclear Protection Products AS,61029,1004,10000
2012,Sweden,202282,Anoto Group AB,110604,1004,10000
2012,Switzerland,202228,Unilever ASCC AG,110560,1004,10000
2012,Saudi Arabia,204441,Organization of Islamic Cooperation,112604,1003,10000
2012,United Nations,204172,Navajo County (Ariz.) Public Works,112314,1010,10000
2012,United Kingdom,205275,Glasgow School of Art (Scotland),113332,1007,10000
2012,United Kingdom,205329,BATLaw Ltd.,113406,1004,10000
2012,United Kingdom,92118,Gabriel Resources Ltd.,43705,1017,10000
2012,Belgium,206208,Caritas in Veritate International,114388,1004,10000
2012,United Kingdom,102350,Hesco Military Products Ltd.,50850,1004,5000
2012,United Kingdom,143365,Spencer and Syed LLP,50200,1004,0
2012,United Kingdom,60581,International Banking Federation Ltd.,61673,1024,0
2012,United Kingdom,66934,Oil Companies International Marine Forum,55842,1024,0
2012,United Kingdom,69960,Barclays Bank plc,41666,1004,0
2012,United Kingdom,80628,Argon Electronics,48408,1004,0
2012,United Kingdom,80629,Aircontrol Technologies,56233,1004,0
2012,United Kingdom,80639,SELEX ELSAG SpA,58013,1017,0
2012,United Kingdom,80640,VT Group plc,39759,1017,0
2012,Taiwan,165109,Nien Hsing Textile Co. Ltd.,72703,1004,0
2012,Taiwan,175456,Chinatrust Financial Holding Co.,87085,1027,0
2012,Thailand,80878,Thai Gem and Jewelry Traders Association,46777,1017,0
2012,United Kingdom,25370,Amec Foster Wheeler plc,31638,1004,0
2012,United Kingdom,27461,British Airways plc,33535,1004,0
2012,United Arab Emirates,196269,Apollo Enterprises Ltd.,105524,1025,0
2012,United Arab Emirates,197898,Emirates Nuclear Energy Corp.,106614,1004,0
2012,United Arab Emirates,199636,News Group International Inc.,108451,1004,0
2012,United Arab Emirates,201892,AmCham Middle East North Africa Regional Council,110271,1006,0
2012,United Kingdom,149962,Hybrid Air Vehicles Ltd.,45042,1004,0
2012,United Kingdom,152952,British Bankers' Association,34379,1001,0
2012,United Kingdom,177490,Privacy International,95958,1024,0
2012,Venezuela,50689,World Boxing Association,59197,1001,0
2012,Saudi Arabia,345531,Government of Saudi Arabia,32093,1009,0
2012,Singapore,69465,Government of Singapore,39796,1009,0
2012,South Africa,137890,South African Sugar Association,68018,1001,0
2012,South Korea,135298,Korea International Trade Association,38704,1001,0
2012,South Korea,79493,American Chamber of Commerce in Korea,61409,1006,0
2012,Switzerland,28071,Novartis AG,32084,1004,0
2012,Norway,146352,AlgiPharma AS,64382,1004,0
2012,Netherlands,154720,"Anthos, the Royal Trade Association for Nursery Stock and Flower Bulbs",49154,1001,0
2012,Panama,152474,Kpital Management SA,46035,1022,0
2012,Peru,67665,Instituto Peruano del Espárrago y Hortalizas,47214,1024,0
2012,Philippines,192152,Manila-based Professional Services Inc.,101985,1004,0
2012,Norway,202283,Epic Streamer AS,110598,1025,0
2012,Norway,202284,CellCura ASA,110601,1012,0
2012,Russia,201924,Ivanyan & Partners,110293,1025,0
2012,Malaysia,313721,Malaysian Palm Oil Council,110316,1022,0
2012,Mauritius,14393,Mauritius Chamber of Agriculture and Mauritius Sugar Syndicate,46486,1022,0
2012,Mexico,4624,Avocado Producers of Mexico,39005,1006,0
2012,Netherlands,80632,KLM Royal Dutch Airlines,38712,1017,0
2012,Mexico,206219,National Chamber of the Tequila Industry,114385,1015,0
2012,Netherlands,196075,ASML Netherlands BV,105108,1025,0
2012,New Zealand,135102,Government of New Zealand,36323,1009,0
2012,New Zealand,150595,Meat and Wool New Zealand Ltd.,45221,1017,0
2012,Nicaragua,193941,Permanent Commission on Human Rights,102790,1026,0
2012,England,208444,Stationary Office Ltd.,116097,1004,0
2012,Finland,191834,Codenomicon Ltd.,101657,1004,0
2012,Finland,195580,NewWell Ltd.,104232,1004,0
2012,France,81573,Safran Electronics & Defense,41048,1004,0
2012,Dominican Republic,104508,Dominican Association of Free Zones Inc.,34174,1001,0
2012,Ecuador,333145,Government of Ecuador,43370,1011,0
2012,China,203957,KPMG Advisory (China) Ltd.,111811,1004,0
2012,"Georgia, Republic of",204453,Georgian Dream Party (Democratic Georgia),112623,1009,0
2012,Germany,80605,Rheinmetall Waffe Munition GmbH,44396,1004,0
2012,Germany,101576,Mercedes-Benz Group AG,32477,1004,0
2012,Germany,172801,Xeless GmbH,86255,1017,0
2012,France,217639,Airbus SAS,33756,1004,0
2012,"Georgia, Republic of",195716,Our Georgia - Free Democrats,104428,1027,0
2012,France,193951,BetClic Everest Group,102791,1004,0
2012,France,104340,Safran SA,55589,1017,0
2012,Canada,198244,Tait Labs,106977,1015,0
2012,Canada,178633,Cooke Aquaculture Inc.,98417,1004,0
2012,Canada,190162,Clarocity Corp.,100273,1004,0
2012,Canada,190673,A.C.E. Consulting,100472,1017,0
2012,Canada,194330,Goldcorp Inc.,103437,1004,0
2012,Canada,194971,ENBALA Power Networks,104122,1004,0
2012,Canada,203128,Business Council of Canada,111008,1004,0
2012,Cayman Islands,149964,Maples and Calder,39804,1017,0
2012,China,7199,Chilean Exporters Association,67470,1001,0
2012,China,149879,American Chamber of Commerce in the People’s Republic of China,50597,1006,0
2012,Kenya,176054,African Cotton and Textile Industries Federation,87217,1024,0
2012,Lesotho,167822,Lesotho Textile Exporters' Association,73439,1001,0
2012,Luxembourg,43140,Flint Group Inc.,41022,1004,0
2012,Liberia,203597,Bank of Beirut sal,111156,1009,0
2012,Japan,233995,Mitsubishi Heavy Industries Ltd.,48189,1004,0
2012,Japan,192459,Life Insurance Association of Japan,102131,1004,0
2012,Italy,94822,Novamont SpA,48587,1004,0
2012,Israel,207052,World Jewish Restitution Organization,115381,1020,0
2012,Israel,329873,Government of Israel,38682,1009,0
2012,Italy,194561,American University of Rome (Italy),103708,1007,0
2012,Japan,6986,Japan Automobile Standards Internationalization Center,45868,1009,0
2012,Japan,10223,Japan Bank for International Cooperation,48048,1004,0
2012,Japan,76450,Sumitomo Corp.,40735,1004,0
2012,Haiti,345582,Government of Haiti,43412,1009,0
2012,Hong Kong,111466,Hutchison Whampoa Ltd.,41133,1022,0
2012,India,49417,Carpet Export Promotion Council,76292,1022,0
2012,India,201797,Payal Textiles Ltd.,110190,1011,0
2012,India,202011,Icon International,110367,1004,0
2012,India,345185,Reliance Industries Ltd.,39549,1004,0
2012,Indonesia,201933,Indonesian Palm Oil Board,110301,1024,0
2012,Israel,152987,InSightec Ltd.,51604,1022,0
2012,Bermuda,177211,Bacardi Ltd.,63891,1004,0
2012,Bahrain,137785,Bahrain Economic Development Board,67291,1009,0
2012,Brazil,172424,Brazilian Textile and Apparel Industry Association,85058,1022,0
2012,Canada,17785,Bombardier Inc.,34341,1004,0
2012,Canada,27025,NAV Canada,51871,1022,0
2012,Canada,55191,Irving Oil Ltd.,53831,1004,0
2012,Canada,56070,InterVISTAS Consulting Inc.,62368,1017,0
2012,Canada,63692,Telesta Therapeutics Inc.,46756,1004,0
2012,Canada,46437,New Flyer of America Inc.,54378,1004,0
2012,Canada,107891,Bombardier Recreational Products,57755,1004,0
2012,Canada,105485,FieldTurf Tarkett Inc.,56882,1004,0
2012,Canada,138064,"Grey, Clark, Shih & Associates Ltd.",67424,1017,0
2012,Canada,138404,CSA Group,67572,1001,0
2012,Canada,101134,CPP Investments,60416,1009,0
2012,Canada,105149,Centre for National Security,52878,1017,0
2012,Canada,79371,Barrick Mining Corp.,34275,1004,0
2012,Canada,80312,Aeroports de Montreal (Canada),61623,1004,0
2012,Canada,80858,Fairfax Financial Holdings Ltd.,68765,1017,0
2012,Canada,81682,Cavalia Inc.,47050,1004,0
2012,Canada,89741,Asia Pulp and Paper Co. Ltd.,52131,1004,0
2012,Canada,143749,Canadian Association of Defence and Security Industries,65095,1001,0
2012,Canada,146290,3CE Technologies Inc.,39313,1004,0
2012,Canada,152570,Vancouver (Canada) International Airport Authority,50417,1010,0
2012,Antigua and Barbuda,81258,Antigua Online Gaming Association,42186,1015,0
2012,Argentina,92267,Asociacion Fitosanitaria del Noroeste Argentino,67998,1024,0
2012,Argentina,191933,Atanor SCA,101884,1004,0
2012,Argentina,204774,Tucuman Citrus Association,112825,1004,0
2013,United Kingdom,20225,GSK plc,34599,1004,4745000
2013,Ireland,40757,Accenture plc,33683,1004,4350000
2013,Canada,308451,Canadian National Railway Co.,55243,1004,3450000
2013,Canada,50759,BlackBerry Ltd.,39684,1004,3245000
2013,South Korea,157125,Samsung Electronics Co. Ltd.,54009,1004,2750000
2013,Switzerland,45939,TE Connectivity Ltd.,59043,1004,2320000
2013,United Kingdom,110185,UC Group Ltd.,64944,1017,1530000
2013,Japan,297014,Toshiba Corp.,68746,1020,1360000
2013,United Kingdom,112293,Lloyd's of London,51179,1017,1350000
2013,United Kingdom,167100,LCH.Clearnet Group Ltd.,73263,1017,1153000
2013,Canada,105375,TransCanada PipeLines Ltd.,37220,1004,1080000
2013,Libya,230279,Association of Banks in Lebanon,111912,1001,1020000
2013,South Korea,11132,Hyundai Motor America,35417,1004,910000
2013,Japan,153625,SoftBank Group Corp.,71296,1004,850000
2013,Canada,78286,Apotex Inc.,41468,1004,840000
2013,Switzerland,14823,Zurich Insurance Group Ltd.,46080,1004,750000
2013,Germany,190800,Fresenius Medical Care AG and Co. KGaA,43697,1004,670000
2013,Bermuda,192364,Athene Life Re Ltd.,102094,1004,667000
2013,Azerbaijan,96398,Renaissance Associates SA,50995,1017,660000
2013,South Korea,301727,Kia Corp.,57419,1004,620000
2013,Bermuda,110547,Assured Guaranty Ltd.,61236,1004,560000
2013,United Kingdom,163715,Rational Entertainment Enterprises Ltd.,69719,1004,560000
2013,Ireland,196504,Trane Technologies plc,105856,1004,540000
2013,Belgium,199627,SWIFT SCRL,108445,1004,515000
2013,Switzerland,79352,F. Hoffmann-La Roche Ltd.,44018,1004,506000
2013,Hong Kong,163610,China-United States Exchange Foundation,70876,1002,481681
2013,Guam,104168,DFS Guam LP,56918,1004,480000
2013,China,199355,Dandong Port Co. Ltd.,108234,1004,480000
2013,Singapore,37324,APL Ltd.,39843,1004,475000
2013,France,203148,Citelum DC LLC,111006,1004,450000
2013,France,102792,AXA SA,53943,1004,440000
2013,India,266833,National Association of Software and Services Companies,36006,1024,430000
2013,Israel,154546,Rafael Advanced Defense Systems Ltd.,62196,1004,430000
2013,Sweden,190663,Volvo Car Corp.,100399,1004,420000
2013,South Korea,105182,Federation of Korean Industries,57438,1009,400000
2013,New Zealand,210950,Fonterra Cooperative Group Ltd.,118033,1004,400000
2013,Canada,151144,"Province of Saskatchewan, Canada",39875,1004,400000
2013,Canada,160760,In Situ Oil Sands Alliance,70155,1024,400000
2013,United Kingdom,91989,Alternative Investment Management Association Ltd.,60834,1001,390000
2013,Canada,105254,TD Bank Financial Group,40073,1004,370000
2013,Canada,90923,Nexen Inc.,57440,1004,370000
2013,Canada,18900,Electricity Canada,52083,1001,360000
2013,Morocco,299243,OCP SA,38639,1022,360000
2013,Iraq,342328,"Government of Kurdistan, Iraq",41486,1009,360000
2013,Brazil,52114,Embraer SA,39105,1004,350000
2013,Norway,165468,Equinor ASA,46604,1004,337500
2013,Mexico,136355,National Chamber of the Fishing and Aquaculture Industry (Mexico),49765,1022,333500
2013,Canada,207249,Canadian International Pharmacy Association,48160,1017,331000
2013,France,190762,Natixis Global Asset Management SA,100369,1004,320000
2013,Germany,55354,ZF TRW Automotive Inc.,61887,1004,320000
2013,Switzerland,12803,Swiss Reinsurance Co. Ltd.,36971,1004,320000
2013,United Kingdom,206116,Smiths Group plc,36822,1004,320000
2013,Bermuda,91983,RenaissanceRe Holdings Ltd.,47103,1022,310000
2013,Canada,207211,Air Canada,52155,1009,300000
2013,Switzerland,233220,CSL Vifor,109516,1004,300000
2013,Mexico,154004,CEMEX SAB de CV,68747,1004,300000
2013,Canada,137322,Canadian Association of Petroleum Producers,52075,1001,290000
2013,Japan,154102,Daikin Industries Ltd.,63836,1004,280000
2013,India,206863,Devas Multimedia Pte. Ltd.,115199,1004,280000
2013,Norway,224504,DNV GL Group AS,135403,1004,276878
2013,Iceland,18522,Actavis Group,39311,1004,276000
2013,Germany,41256,SWK Stadtwerke Kaiserslautern GmbH,60235,1022,260000
2013,United Kingdom,160838,PokerStars,70158,1027,250000
2013,United Kingdom,208009,Anglo American Services (UK) Ltd.,43907,1027,240000
2013,Luxembourg,65751,Intelsat SA,51837,1004,240000
2013,United Kingdom,136626,Martin-Baker Aircraft Co. Ltd.,51104,1004,230000
2013,Bermuda,48728,Arch Capital Group Ltd.,49309,1004,220000
2013,Canada,252315,Cameco Corp.,67993,1004,220000
2013,Canada,208093,Canadian Cattlemen's Association,42255,1001,216500
2013,United Kingdom,21068,InterContinental Hotels Group plc,42180,1004,210000
2013,Canada,202397,MOSAID Technologies Inc.,110727,1004,200000
2013,Italy,202966,MBDA Italia SpA,110969,1009,200000
2013,Netherlands,168108,Yukos International UK BV,50791,1027,193000
2013,Japan,154656,Japan Automobile Manufacturers Association Inc.,68737,1001,190000
2013,United Kingdom,209239,Global Strategies Group (United Kingdom) Ltd.,117015,1017,190000
2013,United Kingdom,162076,Anglo American plc,68877,1027,180000
2013,Germany,173637,German Insurance Association,86438,1020,180000
2013,Sweden,4549,Saab AB,36725,1004,180000
2013,Spain,90209,Repsol SA,39942,1027,180000
2013,Switzerland,102886,Credit Suisse Group AG,39407,1004,170000
2013,Germany,203143,Continental AG,39312,1004,170000
2013,British Virgin Islands,229725,Hitomi Financial Ltd.,115328,1004,170000
2013,Canada,64320,Ovintiv Inc.,35590,1004,170000
2013,Australia,11031,Meat and Livestock Australia Ltd.,46270,1004,170000
2013,Canada,62616,Greater Toronto (Canada) Airports Authority,41355,1009,160000
2013,Canada,198364,Livingston International Income Fund,107150,1025,160000
2013,China,171342,Huawei Technologies Investment Co. Ltd.,84806,1004,160000
2013,France,195565,SeaOrbiter SAS,104247,1014,160000
2013,United Kingdom,202,Standard Chartered plc,55727,1017,160000
2013,Russia,64484,GML Ltd.,56815,1022,160000
2013,United Kingdom,70436,London Stock Exchange Group plc,56834,1017,160000
2013,Bangladesh,209090,Islami Bank Bangladesh plc,116852,1004,150000
2013,Lebanon,13804,American University of Beirut,61282,1007,144000
2013,France,207673,National Council of Resistance of Iran,67129,1011,135000
2013,Canada,207336,Telesat,115696,1004,130000
2013,Canada,16820,Gildan Activewear Inc.,64325,1022,130000
2013,Israel,210479,Gilad Government Relations and Lobbying,117566,1025,130000
2013,Hong Kong,205688,Primus Financial Holdings Ltd.,114033,1004,130000
2013,Guatemala,67602,Central American Sugar Association,50627,1001,120000
2013,Ireland,212048,Amarin Corp. plc,118781,1004,120000
2013,Italy,91925,Global Crop Diversity Trust,64292,1002,120000
2013,Russia,201924,Ivanyan & Partners,110293,1025,120000
2013,Turkey,205448,Borusan Mannesmann Boru Sanayi ve Ticaret AS,113609,1004,120000
2013,Canada,172383,Armatec Survivability Corp.,85070,1004,120000
2013,Canada,174943,Cenovus Energy Inc.,86968,1004,120000
2013,Canada,156226,Resolute Forest Products,52690,1004,120000
2013,Canada,156993,MDA Ltd.,63693,1022,120000
2013,Canada,207246,Avalon Advanced Materials Inc.,114489,1027,120000
2013,England,208444,Stationary Office Ltd.,116097,1004,120000
2013,United Kingdom,28611,Barclays plc,40171,1004,120000
2013,United Kingdom,206100,International Underwriting Association of London (England),65629,1001,120000
2013,United Kingdom,320620,International Group of Protection and Indemnity Clubs,40588,1027,110000
2013,United Kingdom,206422,Essentra plc,114481,1004,110000
2013,United Kingdom,92118,Gabriel Resources Ltd.,43705,1017,110000
2013,United Kingdom,197580,Big Bus Tours Ltd.,106255,1015,110000
2013,Canada,32214,Alliance Pipeline LP,54945,1020,110000
2013,Canada,89601,Onex Corp.,48829,1004,100000
2013,Japan,92846,NEC Corp.,68685,1004,100000
2013,Tunisia,212462,Global Investments Co.,119451,1025,90000
2013,Norway,227154,Prox Dynamics AS,116001,1004,90000
2013,Canada,137739,Chamber of Marine Commerce,57407,1001,90000
2013,Canada,138615,Great Canadian Railtour Co. Ltd.,67689,1004,90000
2013,Canada,210470,Medicago Inc.,79263,1027,90000
2013,Japan,179911,Shikibo Ltd.,98013,1004,87500
2013,Israel,190859,Noble Energy Mediterranean Ltd.,100358,1004,80000
2013,Guam,104063,AmChams of Asia Pacific,51991,1006,80000
2013,Switzerland,48784,"Gavi, the Vaccine Alliance",41878,1002,80000
2013,Switzerland,202228,Unilever ASCC AG,110560,1004,80000
2013,Switzerland,205758,Dufry AG,114138,1015,80000
2013,Canada,207381,Federal Marine Terminals Inc.,115717,1004,80000
2013,France,202436,PREVOR,110757,1012,80000
2013,Germany,76888,Deutsche Lufthansa AG,51017,1017,80000
2013,France,210553,Alcatel Submarine Networks,117611,1004,80000
2013,Canada,160088,Binational Softwood Lumber Council,69983,1008,80000
2013,Canada,175853,Manitoba Hydro Corp.,87133,1010,80000
2013,Canada,171818,S.M. Group International Inc.,84904,1017,80000
2013,Australia,176318,Lynas Rare Earths Ltd.,87322,1004,80000
2013,Canada,144297,Ultra Electronics Forensic Technology Inc.,39048,1014,70000
2013,Canada,209179,Lake Erie Power Corp.,116954,1004,70000
2013,Canada,173560,ArchiDATA Inc.,86424,1017,70000
2013,Switzerland,5128,Swiss Bankers Association,63142,1001,70000
2013,India,58329,Tata Consultancy Services Ltd.,36985,1017,70000
2013,Guatemala,178373,VESTEX,98089,1004,70000
2013,Hong Kong,176299,D'Luxe Group Ltd.,87316,1017,70000
2013,Malaysia,148194,Association of Asia Pacific Airlines,65120,1001,60000
2013,Latvia,207101,Association of Latvian Private Banks,115444,1001,60000
2013,South Korea,203977,Hyundai Rotem Co.,111847,1004,60000
2013,Ukraine,56730,Antonov Airlines,43491,1004,60000
2013,China,258945,Huawei Technologies Co. Ltd.,46599,1004,60000
2013,Canada,170681,GeoDigital International Inc.,82990,1017,60000
2013,Canada,198394,Nevada Copper Corp.,107163,1004,60000
2013,Canada,191455,Ontario Teachers' Pension Plan,101473,1020,60000
2013,Canada,101134,CPP Investments,60416,1009,60000
2013,Canada,111296,Enerkem,49334,1004,60000
2013,Brazil,345577,Brazilian Sugarcane Industry Association,53348,1016,60000
2013,United Kingdom,192444,Plexus Holdings plc,102138,1004,60000
2013,United Kingdom,154775,Vodafone Group Services Ltd.,69610,1004,60000
2013,Poland,192175,Grupa LOTOS SA,101990,1004,55000
2013,Netherlands,101611,Association of Dutch Insurers,44904,1001,50000
2013,United Arab Emirates,201892,AmCham Middle East North Africa Regional Council,110271,1006,50000
2013,Israel,207052,World Jewish Restitution Organization,115381,1020,50000
2013,Ireland,193070,Shire plc,102235,1004,50000
2013,Cyprus,203923,Keraisa Ltd.,111796,1004,50000
2013,China,209237,Zhejiang Dehua TB Import and Export Co. Ltd.,117012,1004,50000
2013,Dominican Republic,69028,Universidad Central del Este,51356,1007,50000
2013,Canada,209410,Commerce Resources Corp.,117178,1004,50000
2013,Japan,211234,Panasonic Corp.,45752,1004,48000
2013,United Kingdom,194514,Global Witness Ltd.,37234,1027,46250
2013,United Kingdom,168025,Argus Media Inc.,78867,1004,45625
2013,Canada,210644,EastGate Biotech Corp.,117700,1012,45000
2013,Canada,210825,Top Aces Corp.,117884,1004,40000
2013,France,210563,ENGIE SA,52162,1004,40000
2013,France,210264,Bmax,117429,1015,40000
2013,Canada,9717,Iogen Corp.,37486,1004,40000
2013,Canada,191675,National Bank of Canada,101502,1004,40000
2013,Canada,176018,Quantex Energy Inc.,87258,1004,40000
2013,Canada,145890,Uranium One Inc.,50209,1004,40000
2013,Canada,138064,"Grey, Clark, Shih & Associates Ltd.",67424,1017,40000
2013,Japan,323359,All Nippon Airways Co. Ltd.,38806,1004,40000
2013,Liberia,168915,MEAB Bank SAL,79185,1022,40000
2013,Ireland,176301,Niall Mellon Township Trust,32146,1002,40000
2013,France,178905,Orano SA,33611,1004,40000
2013,Guam,159636,University of Guam Endowment Foundation Inc.,69879,1007,40000
2013,Mexico,26428,Confederation of Agricultural Associations of the State of Sinaloa,38910,1015,40000
2013,Panama,89491,CBI Sugar Group,62550,1022,40000
2013,Saudi Arabia,55610,Middle East Council of American Chambers of Commerce,56521,1006,40000
2013,United Kingdom,82004,Cobham plc,62041,1004,40000
2013,United Nations,204172,Navajo County (Ariz.) Public Works,112314,1010,40000
2013,Australia,157994,Brambles Ltd.,72104,1025,40000
2013,Japan,147740,Institute of Cetacean Research,51720,1022,37000
2013,Canada,178294,Norampac,98236,1004,36112
2013,Germany,251631,Bayer AG,67518,1004,33000
2013,Germany,205892,Hannover Re Group,59277,1017,30000
2013,Israel,179984,Terrestrial Jerusalem (Israel),98001,1020,30000
2013,Saudi Arabia,204441,Organization of Islamic Cooperation,112604,1003,30000
2013,Philippines,220031,Confederation of Garment Exporters of the Philippines,52618,1024,30000
2013,Netherlands,194867,Lima Holding BV,103970,1004,30000
2013,Switzerland,191189,International Food and Beverage Alliance,101569,1001,30000
2013,South Korea,79493,American Chamber of Commerce in Korea,61409,1006,30000
2013,South Korea,145878,Hansoll Textile Ltd.,64272,1022,30000
2013,Canada,191780,Ucore Rare Metals Inc.,101358,1004,30000
2013,Canada,135478,Royal Bank of Canada,53734,1004,30000
2013,Egypt,204232,Agrocorp For Agriculture Investment SAE,112372,1004,30000
2013,"Georgia, Republic of",209087,Agricultural University of Georgia,116856,1007,30000
2013,"Georgia, Republic of",209095,Free University of Tbilisi,116854,1007,30000
2013,China,205796,BGI Group,114165,1027,30000
2013,China,203526,CNOOC International Ltd.,111124,1004,30000
2013,Cayman Islands,198250,Alibaba Group Holding Ltd.,106981,1004,30000
2013,Canada,209540,Agrisoma Biosciences Inc.,117254,1004,30000
2013,Canada,206395,Maritime Industrial Transportation Alliance,114400,1004,30000
2013,Canada,203128,Business Council of Canada,111008,1004,30000
2013,United Kingdom,206620,TES Global Ltd.,114838,1007,30000
2013,United Kingdom,216441,NovoCure Ltd.,123727,1004,30000
2013,United Kingdom,149579,International Planned Parenthood Federation,39766,1002,30000
2013,United Kingdom,201552,bwin.party Digital Entertainment plc,110027,1022,30000
2013,Netherlands,43365,Friends of the Earth,56293,1020,26340
2013,Philippines,16050,Sugar Alliance of the Philippines,42103,1022,20000
2013,Kenya,176054,African Cotton and Textile Industries Federation,87217,1024,20000
2013,Hong Kong,212408,International Care Ministries,119387,1012,20000
2013,India,207204,ONGC Videsh Ltd.,115563,1004,20000
2013,Chile,205037,Chilean Association of Banks and Financial Institutions,112918,1004,20000
2013,China,165437,American Chamber of Commerce in Shanghai (China),71101,1006,20000
2013,Canada,54860,TC Energy Corp.,58227,1004,20000
2013,Belgium,221637,Syngenta Crop Protection NV,129917,1004,20000
2013,Canada,139561,"Yukon Territory, Canada",68266,1009,20000
2013,Canada,153058,Teck Resources Ltd.,71203,1004,20000
2013,Belgium,13398,International Association of Professional Numismatists,46036,1001,20000
2013,Belgium,206208,Caritas in Veritate International,114388,1004,18000
2013,Nigeria,208474,Udemba Group,116117,1015,13125
2013,Canada,151542,Allen-Vanguard Corp.,51227,1004,12500
2013,Canada,197710,Canadian Snowbird Association,106366,1004,10000
2013,Canada,172494,Porter Airlines Inc.,85067,1017,10000
2013,Canada,5583,J.D. Irving Ltd.,41132,1004,10000
2013,Brazil,137507,Abicalcados,67159,1024,10000
2013,Canada,212106,Trojan Technologies Inc.,118866,1025,10000
2013,Canada,199392,Canada Steamship Lines Inc.,108242,1004,10000
2013,Canada,208647,Investment Industry Association of Canada,116237,1020,10000
2013,Colombia,206799,Federation of Rice Producers of Colombia,115144,1024,10000
2013,Norway,202284,CellCura ASA,110601,1012,10000
2013,India,205143,All India Rice Exports Association,113034,1004,10000
2013,Ireland,212789,Glanbia plc,64005,1025,10000
2013,Italy,137825,Mirabella SG SpA,38881,1004,10000
2013,United Kingdom,205329,BATLaw Ltd.,113406,1004,10000
2013,Venezuela,212331,Derwick Associates Corp.,119227,1004,10000
2013,Australia,204022,Rubicon Water,111930,1004,10000
2013,Canada,46437,New Flyer of America Inc.,54378,1004,7000
2013,United Kingdom,102350,Hesco Military Products Ltd.,50850,1004,5000
2013,United Kingdom,149962,Hybrid Air Vehicles Ltd.,45042,1004,0
2013,United Kingdom,152952,British Bankers' Association,34379,1001,0
2013,United Kingdom,205275,Glasgow School of Art (Scotland),113332,1007,0
2013,United Kingdom,177490,Privacy International,95958,1024,0
2013,United Kingdom,60581,International Banking Federation Ltd.,61673,1024,0
2013,United Kingdom,66934,Oil Companies International Marine Forum,55842,1024,0
2013,United Kingdom,69960,Barclays Bank plc,41666,1004,0
2013,United Kingdom,25370,Amec Foster Wheeler plc,31638,1004,0
2013,United Kingdom,27461,British Airways plc,33535,1004,0
2013,United Kingdom,80628,Argon Electronics,48408,1004,0
2013,United Kingdom,80629,Aircontrol Technologies,56233,1004,0
2013,United Kingdom,80639,SELEX ELSAG SpA,58013,1017,0
2013,United Kingdom,80640,VT Group plc,39759,1017,0
2013,United Kingdom,143365,Spencer and Syed LLP,50200,1004,0
2013,Venezuela,50689,World Boxing Association,59197,1001,0
2013,Canada,27025,NAV Canada,51871,1022,0
2013,Canada,17785,Bombardier Inc.,34341,1004,0
2013,Canada,55191,Irving Oil Ltd.,53831,1004,0
2013,Canada,79371,Barrick Mining Corp.,34275,1004,0
2013,Canada,80312,Aeroports de Montreal (Canada),61623,1004,0
2013,Canada,80858,Fairfax Financial Holdings Ltd.,68765,1017,0
2013,Canada,105485,FieldTurf Tarkett Inc.,56882,1004,0
2013,Canada,107891,Bombardier Recreational Products,57755,1004,0
2013,Canada,105149,Centre for National Security,52878,1017,0
2013,Canada,89741,Asia Pulp and Paper Co. Ltd.,52131,1004,0
2013,Canada,178633,Cooke Aquaculture Inc.,98417,1004,0
2013,Canada,190673,A.C.E. Consulting,100472,1017,0
2013,Canada,197928,Ferus Inc.,106644,1004,0
2013,Canada,199351,NUDURA Corp.,108206,1004,0
2013,Canada,194971,ENBALA Power Networks,104122,1004,0
2013,Canada,152570,Vancouver (Canada) International Airport Authority,50417,1010,0
2013,Canada,162706,Interactive Gaming Council,68910,1001,0
2013,Canada,143749,Canadian Association of Defence and Security Industries,65095,1001,0
2013,Canada,138404,CSA Group,67572,1001,0
2013,France,104340,Safran SA,55589,1017,0
2013,France,217639,Airbus SAS,33756,1004,0
2013,Germany,80605,Rheinmetall Waffe Munition GmbH,44396,1004,0
2013,Germany,172801,Xeless GmbH,86255,1017,0
2013,China,203957,KPMG Advisory (China) Ltd.,111811,1004,0
2013,Cyprus,210735,ABLV Corporate Services Ltd.,117768,1004,0
2013,Colombia,201678,Colombian Sugar Cane Growers Association,110114,1017,0
2013,Dominican Republic,207444,Pueblo Viejo Dominicana Corp.,115758,1004,0
2013,Dominican Republic,207581,Jean Francois Coste,115867,1004,0
2013,Dominican Republic,209373,Asociacion Dominicana de Productores de Ron,117172,1004,0
2013,Ecuador,333145,Government of Ecuador,43370,1011,0
2013,Egypt,8892,International Natural Sausage Casing Association,61873,1001,0
2013,France,26837,TotalEnergies SE,53276,1004,0
2013,France,31872,LVMH Moët Hennessy - Louis Vuitton SE,58682,1022,0
2013,France,63495,International Manganese Institute,63515,1024,0
2013,France,81573,Safran Electronics & Defense,41048,1004,0
2013,Canada,207586,Barrday Corp.,115874,1004,0
2013,Canada,201810,Vancouver Fraser (British Columbia) Port Authority,110201,1010,0
2013,Canada,202372,Duluth Metals Ltd.,110699,1025,0
2013,Canada,205402,Capital Power Corp.,113543,1004,0
2013,Canada,207118,Resverlogix Corp.,115424,1004,0
2013,Canada,207139,"Province of Alberta, Canada",65418,1009,0
2013,Canada,213292,Purdue Pharma Canada,119930,1004,0
2013,Canada,211060,Canadian Chamber of Commerce,118128,1022,0
2013,Canada,211984,Lassonde Industries Inc.,118712,1004,0
2013,Cayman Islands,149964,Maples and Calder,39804,1017,0
2013,China,7199,Chilean Exporters Association,67470,1001,0
2013,China,149879,American Chamber of Commerce in the People’s Republic of China,50597,1006,0
2013,Italy,194561,American University of Rome (Italy),103708,1007,0
2013,Japan,6986,Japan Automobile Standards Internationalization Center,45868,1009,0
2013,Japan,10223,Japan Bank for International Cooperation,48048,1004,0
2013,Japan,175556,Mitsui Oil Exploration Co. Ltd.,87039,1004,0
2013,Italy,94822,Novamont SpA,48587,1004,0
2013,Israel,211899,Pacific Israel N.R. Ltd.,118613,1004,0
2013,Israel,329873,Government of Israel,38682,1009,0
2013,Lesotho,167822,Lesotho Textile Exporters' Association,73439,1001,0
2013,Mexico,206219,National Chamber of the Tequila Industry,114385,1015,0
2013,Malaysia,313721,Malaysian Palm Oil Council,110316,1022,0
2013,Mauritius,14393,Mauritius Chamber of Agriculture and Mauritius Sugar Syndicate,46486,1022,0
2013,Mexico,4624,Avocado Producers of Mexico,39005,1006,0
2013,Israel,152987,InSightec Ltd.,51604,1022,0
2013,India,201797,Payal Textiles Ltd.,110190,1011,0
2013,India,202011,Icon International,110367,1004,0
2013,India,211245,LT Foods Ltd.,118323,1004,0
2013,Indonesia,201933,Indonesian Palm Oil Board,110301,1024,0
2013,Hong Kong,327213,Lenovo Group Ltd.,63911,1004,0
2013,India,49417,Carpet Export Promotion Council,76292,1022,0
2013,Hong Kong,204014,CNOOC Ltd.,111134,1004,0
2013,Hong Kong,111466,Hutchison Whampoa Ltd.,41133,1022,0
2013,Norway,202283,Epic Streamer AS,110598,1025,0
2013,Norway,67458,Nuclear Protection Products AS,61029,1004,0
2013,Norway,146352,AlgiPharma AS,64382,1004,0
2013,Netherlands,80632,KLM Royal Dutch Airlines,38712,1017,0
2013,Netherlands,154720,"Anthos, the Royal Trade Association for Nursery Stock and Flower Bulbs",49154,1001,0
2013,Netherlands,196075,ASML Netherlands BV,105108,1025,0
2013,New Zealand,135102,Government of New Zealand,36323,1009,0
2013,New Zealand,150595,Meat and Wool New Zealand Ltd.,45221,1017,0
2013,Philippines,192152,Manila-based Professional Services Inc.,101985,1004,0
2013,Palestine,203481,Palestine Investment Fund,110966,1004,0
2013,Russia,190608,Mobile TeleSystems OJSC,100119,1004,0
2013,Saudi Arabia,345531,Government of Saudi Arabia,32093,1009,0
2013,Singapore,69465,Government of Singapore,39796,1009,0
2013,Somalia,137244,Government of Somalia,38957,1008,0
2013,South Africa,137890,South African Sugar Association,68018,1001,0
2013,Sweden,195388,TriOptima AB,104278,1004,0
2013,Sweden,202282,Anoto Group AB,110604,1004,0
2013,Sweden,209439,Antrad Medical AB,117194,1004,0
2013,South Korea,135298,Korea International Trade Association,38704,1001,0
2013,Sudan,210878,Sudatel Telecom Group Ltd.,117930,1004,0
2013,Taiwan,165109,Nien Hsing Textile Co. Ltd.,72703,1004,0
2013,Taiwan,175456,Chinatrust Financial Holding Co.,87085,1027,0
2013,Ukraine,105641,Systems Capital Management Ltd.,65220,1004,0
2013,Ukraine,208658,State Enterprise National Project LNG Terminal,116230,1004,0
2013,United Arab Emirates,160520,Anham FZCO LLC,70077,1004,0
2013,Azerbaijan,151362,Silk Way Holding,45390,1004,0
2013,Bahrain,137785,Bahrain Economic Development Board,67291,1009,0
2013,Belgium,148453,European Banking Federation,45474,1024,0
2013,Australia,60227,Australian Bankers' Association,77971,1017,0
2013,Australia,79502,BHP,49347,1004,0
2013,Argentina,204774,Tucuman Citrus Association,112825,1004,0
2013,Argentina,213586,Argentine Chamber of Biofuels,120316,1004,0
2014,United Kingdom,20225,GSK plc,34599,1004,5312500
2014,Ireland,40757,Accenture plc,33683,1004,4255000
2014,Canada,308451,Canadian National Railway Co.,55243,1004,3432000
2014,Switzerland,45939,TE Connectivity Ltd.,59043,1004,2490000
2014,Canada,50759,BlackBerry Ltd.,39684,1004,2390000
2014,South Korea,157125,Samsung Electronics Co. Ltd.,54009,1004,2380000
2014,Canada,105375,TransCanada PipeLines Ltd.,37220,1004,1390000
2014,Japan,297014,Toshiba Corp.,68746,1020,1360000
2014,United Kingdom,112293,Lloyd's of London,51179,1017,1240000
2014,New Zealand,210950,Fonterra Cooperative Group Ltd.,118033,1004,1130000
2014,United Kingdom,167100,LCH.Clearnet Group Ltd.,73263,1017,990000
2014,South Korea,11132,Hyundai Motor America,35417,1004,938000
2014,Canada,78286,Apotex Inc.,41468,1004,840000
2014,South Korea,301727,Kia Corp.,57419,1004,680000
2014,Libya,230279,Association of Banks in Lebanon,111912,1001,640000
2014,United Kingdom,215153,Trident Foundation,121531,1002,570000
2014,Azerbaijan,96398,Renaissance Associates SA,50995,1017,568000
2014,Ireland,196504,Trane Technologies plc,105856,1004,560000
2014,Russia,217002,Novatek PJSC,124014,1004,560000
2014,Australia,79502,BHP,49347,1004,540000
2014,Norway,224504,DNV GL Group AS,135403,1004,526059
2014,United Kingdom,91989,Alternative Investment Management Association Ltd.,60834,1001,520000
2014,Switzerland,79352,F. Hoffmann-La Roche Ltd.,44018,1004,511400
2014,Germany,190800,Fresenius Medical Care AG and Co. KGaA,43697,1004,510000
2014,Guam,104168,DFS Guam LP,56918,1004,480000
2014,China,199355,Dandong Port Co. Ltd.,108234,1004,480000
2014,Bermuda,110547,Assured Guaranty Ltd.,61236,1004,480000
2014,Switzerland,14823,Zurich Insurance Group Ltd.,46080,1004,480000
2014,Norway,165468,Equinor ASA,46604,1004,475884
2014,Norway,213102,Norwegian Air Shuttle ASA,119835,1004,450000
2014,United Arab Emirates,217921,Emaar USA,125225,1004,450000
2014,United Kingdom,216441,NovoCure Ltd.,123727,1004,440000
2014,Singapore,37324,APL Ltd.,39843,1004,437500
2014,Israel,154546,Rafael Advanced Defense Systems Ltd.,62196,1004,423000
2014,Morocco,299243,OCP SA,38639,1022,420000
2014,Hong Kong,163610,China-United States Exchange Foundation,70876,1002,418806
2014,Canada,151144,"Province of Saskatchewan, Canada",39875,1004,400000
2014,South Korea,105182,Federation of Korean Industries,57438,1009,400000
2014,India,266833,National Association of Software and Services Companies,36006,1024,380000
2014,Iraq,342328,"Government of Kurdistan, Iraq",41486,1009,360000
2014,France,203148,Citelum DC LLC,111006,1004,360000
2014,Brazil,52114,Embraer SA,39105,1004,360000
2014,Switzerland,12803,Swiss Reinsurance Co. Ltd.,36971,1004,350000
2014,United Kingdom,206116,Smiths Group plc,36822,1004,340000
2014,United Kingdom,168025,Argus Media Inc.,78867,1004,324054
2014,Switzerland,233220,CSL Vifor,109516,1004,320000
2014,France,190762,Natixis Global Asset Management SA,100369,1004,320000
2014,Germany,55354,ZF TRW Automotive Inc.,61887,1004,320000
2014,Canada,160760,In Situ Oil Sands Alliance,70155,1024,314367
2014,Belgium,199627,SWIFT SCRL,108445,1004,310000
2014,Russia,217175,Gazprombank,124271,1022,300000
2014,Japan,153625,SoftBank Group Corp.,71296,1004,285000
2014,Canada,137322,Canadian Association of Petroleum Producers,52075,1001,280000
2014,Sweden,190663,Volvo Car Corp.,100399,1004,275000
2014,Switzerland,48784,"Gavi, the Vaccine Alliance",41878,1002,270000
2014,Mexico,136355,National Chamber of the Fishing and Aquaculture Industry (Mexico),49765,1022,270000
2014,Canada,207211,Air Canada,52155,1009,270000
2014,Germany,203143,Continental AG,39312,1004,260000
2014,United Kingdom,160838,PokerStars,70158,1027,260000
2014,Japan,154102,Daikin Industries Ltd.,63836,1004,250000
2014,Japan,154656,Japan Automobile Manufacturers Association Inc.,68737,1001,250000
2014,Germany,41256,SWK Stadtwerke Kaiserslautern GmbH,60235,1022,240000
2014,Ireland,212048,Amarin Corp. plc,118781,1004,240000
2014,Canada,137739,Chamber of Marine Commerce,57407,1001,240000
2014,United Kingdom,136626,Martin-Baker Aircraft Co. Ltd.,51104,1004,240000
2014,United Kingdom,218609,Dorchester Group Ltd.,126707,1004,230000
2014,Luxembourg,65751,Intelsat SA,51837,1004,230000
2014,Canada,207249,Canadian International Pharmacy Association,48160,1017,215000
2014,Canada,208093,Canadian Cattlemen's Association,42255,1001,210000
2014,United Kingdom,70436,London Stock Exchange Group plc,56834,1017,210000
2014,Mexico,154004,CEMEX SAB de CV,68747,1004,210000
2014,Switzerland,47659,UBS AG,32580,1004,210000
2014,Spain,90209,Repsol SA,39942,1027,200000
2014,Norway,227154,Prox Dynamics AS,116001,1004,200000
2014,France,102792,AXA SA,53943,1004,200000
2014,Canada,202397,MOSAID Technologies Inc.,110727,1004,200000
2014,Canada,198394,Nevada Copper Corp.,107163,1004,200000
2014,Canada,16820,Gildan Activewear Inc.,64325,1022,200000
2014,Canada,18900,Electricity Canada,52083,1001,200000
2014,Canada,105254,TD Bank Financial Group,40073,1004,190000
2014,Liberia,218628,Commission Import Export SA,126760,1008,189400
2014,Bermuda,48728,Arch Capital Group Ltd.,49309,1004,180000
2014,United Kingdom,163715,Rational Entertainment Enterprises Ltd.,69719,1004,180000
2014,United Kingdom,21068,InterContinental Hotels Group plc,42180,1004,170000
2014,Bermuda,91983,RenaissanceRe Holdings Ltd.,47103,1022,170000
2014,Israel,210479,Gilad Government Relations and Lobbying,117566,1025,170000
2014,China,171342,Huawei Technologies Investment Co. Ltd.,84806,1004,170000
2014,Canada,252315,Cameco Corp.,67993,1004,160000
2014,Canada,139561,"Yukon Territory, Canada",68266,1009,160000
2014,Canada,62616,Greater Toronto (Canada) Airports Authority,41355,1009,160000
2014,Canada,198364,Livingston International Income Fund,107150,1025,160000
2014,Canada,172383,Armatec Survivability Corp.,85070,1004,160000
2014,Switzerland,102886,Credit Suisse Group AG,39407,1004,160000
2014,United Kingdom,209239,Global Strategies Group (United Kingdom) Ltd.,117015,1017,150000
2014,Canada,64320,Ovintiv Inc.,35590,1004,150000
2014,Brazil,215695,Americas Trading Group SA,123339,1025,150000
2014,France,152893,Comité Interprofessionnel du Vin de Champagne,44894,1027,150000
2014,Lebanon,13804,American University of Beirut,61282,1007,144000
2014,United Kingdom,110185,UC Group Ltd.,64944,1017,140000
2014,United Kingdom,197580,Big Bus Tours Ltd.,106255,1015,130080
2014,United Kingdom,206100,International Underwriting Association of London (England),65629,1001,130000
2014,India,169707,Wockhardt Ltd.,79481,1004,130000
2014,Canada,174943,Cenovus Energy Inc.,86968,1004,130000
2014,Netherlands,168108,Yukos International UK BV,50791,1027,128400
2014,Sweden,4549,Saab AB,36725,1004,120000
2014,Russia,64484,GML Ltd.,56815,1022,120000
2014,United Kingdom,320620,International Group of Protection and Indemnity Clubs,40588,1027,120000
2014,Canada,156226,Resolute Forest Products,52690,1004,120000
2014,Canada,156993,MDA Ltd.,63693,1022,120000
2014,Canada,191455,Ontario Teachers' Pension Plan,101473,1020,120000
2014,Canada,101134,CPP Investments,60416,1009,120000
2014,Australia,157994,Brambles Ltd.,72104,1025,120000
2014,Guatemala,67602,Central American Sugar Association,50627,1001,120000
2014,Japan,323359,All Nippon Airways Co. Ltd.,38806,1004,120000
2014,Italy,91925,Global Crop Diversity Trust,64292,1002,120000
2014,France,207673,National Council of Resistance of Iran,67129,1011,120000
2014,Israel,213402,Kaiima Bio-Agritech Ltd.,120080,1004,110000
2014,Haiti,320204,Association of Industries of Haiti,41144,1001,110000
2014,Canada,144297,Ultra Electronics Forensic Technology Inc.,39048,1014,110000
2014,Australia,11031,Meat and Livestock Australia Ltd.,46270,1004,102000
2014,Italy,202966,MBDA Italia SpA,110969,1009,100000
2014,Japan,92846,NEC Corp.,68685,1004,100000
2014,Venezuela,343388,Petroleos de Venezuela SA,68287,1022,100000
2014,Malta,216183,Migrant Offshore Aid Station,123678,1024,100000
2014,United Kingdom,215771,Burisma Holdings Ltd.,123450,1004,90000
2014,Japan,135623,Japan Airlines Co. Ltd.,68736,1004,90000
2014,Canada,210825,Top Aces Corp.,117884,1004,90000
2014,Japan,179911,Shikibo Ltd.,98013,1004,82500
2014,Malaysia,148194,Association of Asia Pacific Airlines,65120,1001,80000
2014,Italy,137825,Mirabella SG SpA,38881,1004,80000
2014,Guam,104063,AmChams of Asia Pacific,51991,1006,80000
2014,Guatemala,213633,Jaguar Energy Guatemala LLC,120442,1004,80000
2014,India,58329,Tata Consultancy Services Ltd.,36985,1017,80000
2014,Hong Kong,212408,International Care Ministries,119387,1012,80000
2014,Canada,209410,Commerce Resources Corp.,117178,1004,80000
2014,Canada,216948,Waterton Global Resource Management Inc.,123942,1004,80000
2014,France,210264,Bmax,117429,1015,80000
2014,Germany,76888,Deutsche Lufthansa AG,51017,1017,80000
2014,France,195565,SeaOrbiter SAS,104247,1014,80000
2014,France,202436,PREVOR,110757,1012,80000
2014,Canada,145890,Uranium One Inc.,50209,1004,80000
2014,Canada,153058,Teck Resources Ltd.,71203,1004,80000
2014,Canada,207381,Federal Marine Terminals Inc.,115717,1004,80000
2014,Malta,217444,Tangiers International Ltd.,124769,1004,80000
2014,Mexico,215003,Independent University of Guadalajara (Mexico),121414,1007,80000
2014,United Arab Emirates,219780,Etihad Airways PJSC,128343,1004,80000
2014,Canada,160088,Binational Softwood Lumber Council,69983,1008,75000
2014,Saudi Arabia,55610,Middle East Council of American Chambers of Commerce,56521,1006,72000
2014,El Salvador,213838,"House of the Textile, Clothing and Free Zones of El Salvador",120702,1004,71925
2014,British Virgin Islands,229725,Hitomi Financial Ltd.,115328,1004,70000
2014,United Kingdom,213511,Protege International Ltd.,120162,1025,70000
2014,Guatemala,178373,VESTEX,98089,1004,69990
2014,China,258945,Huawei Technologies Co. Ltd.,46599,1004,65000
2014,Canada,217164,Stronach Group Inc.,124248,1004,65000
2014,China,165437,American Chamber of Commerce in Shanghai (China),71101,1006,60000
2014,Dominican Republic,213732,Latin American University (Dominican Republic),120544,1007,60000
2014,France,178905,Orano SA,33611,1004,60000
2014,Hong Kong,176299,D'Luxe Group Ltd.,87316,1017,60000
2014,Canada,89601,Onex Corp.,48829,1004,60000
2014,United Arab Emirates,216532,Continental Aviation Services WLL,123758,1004,60000
2014,South Africa,217190,Kirsh Group Africa,124296,1004,60000
2014,United Kingdom,218663,Cable and Wireless International HQ Ltd.,126818,1004,60000
2014,Netherlands,43365,Friends of the Earth,56293,1020,57370
2014,Turkey,213837,"Zafer Taahhüt, Insaat ve Ticaret AS",120663,1004,55000
2014,United Nations,204172,Navajo County (Ariz.) Public Works,112314,1010,55000
2014,France,214656,Losberger RDS,121322,1015,54000
2014,Germany,173637,German Insurance Association,86438,1020,52300
2014,"Georgia, Republic of",209095,Free University of Tbilisi,116854,1007,50000
2014,"Georgia, Republic of",218469,Rustavi Azot LLC,126227,1004,50000
2014,Ecuador,216883,ELCAFE CA,123893,1025,50000
2014,Cayman Islands,198250,Alibaba Group Holding Ltd.,106981,1004,50000
2014,Brazil,172424,Brazilian Textile and Apparel Industry Association,85058,1022,50000
2014,Canada,138404,CSA Group,67572,1001,50000
2014,Canada,170681,GeoDigital International Inc.,82990,1017,50000
2014,Canada,175853,Manitoba Hydro Corp.,87133,1010,50000
2014,United Arab Emirates,160520,Anham FZCO LLC,70077,1004,50000
2014,United Kingdom,90656,Indivior plc,39941,1004,50000
2014,Poland,192175,Grupa LOTOS SA,101990,1004,48000
2014,South Korea,145878,Hansoll Textile Ltd.,64272,1022,40000
2014,Panama,89491,CBI Sugar Group,62550,1022,40000
2014,United Kingdom,82004,Cobham plc,62041,1004,40000
2014,United Kingdom,208009,Anglo American Services (UK) Ltd.,43907,1027,40000
2014,Canada,172494,Porter Airlines Inc.,85067,1017,40000
2014,Canada,188354,Kruger Inc.,100524,1004,40000
2014,Canada,191675,National Bank of Canada,101502,1004,40000
2014,Canada,111296,Enerkem,49334,1004,40000
2014,Canada,32214,Alliance Pipeline LP,54945,1020,40000
2014,Canada,79371,Barrick Mining Corp.,34275,1004,40000
2014,Australia,176318,Lynas Rare Earths Ltd.,87322,1004,40000
2014,Afghanistan,213558,American University of Afghanistan,120295,1004,40000
2014,Belgium,13398,International Association of Professional Numismatists,46036,1001,40000
2014,Bahrain,218504,MRS Fashions WLL,126262,1004,40000
2014,Canada,215986,Crescent Point Energy Corp.,123595,1004,40000
2014,Canada,217267,Progressive Waste Solutions Ltd.,124432,1004,40000
2014,Canada,213396,Association of Canadian Port Authorities,120088,1020,40000
2014,Dominican Republic,69028,Universidad Central del Este,51356,1007,40000
2014,France,210563,ENGIE SA,52162,1004,40000
2014,Guam,159636,University of Guam Endowment Foundation Inc.,69879,1007,40000
2014,Ireland,176301,Niall Mellon Township Trust,32146,1002,40000
2014,Netherlands,213980,Prosensa,120909,1004,37000
2014,Japan,147740,Institute of Cetacean Research,51720,1022,36000
2014,Ireland,153297,Shannon Airport Authority (Ireland),71252,1004,36000
2014,Canada,178294,Norampac,98236,1004,35029
2014,South Korea,79493,American Chamber of Commerce in Korea,61409,1006,35000
2014,"Micronesia, Federated States of",217317,Micronesia Registration Advisors Inc.,124605,1004,30000
2014,United Arab Emirates,217650,Forum for Promoting Peace in Muslim Societies,125018,1025,30000
2014,United Kingdom,28611,Barclays plc,40171,1004,30000
2014,United Kingdom,218834,sQuidcard Ltd.,127328,1004,30000
2014,United Kingdom,218499,Drax Group plc,126265,1004,30000
2014,Canada,171818,S.M. Group International Inc.,84904,1017,30000
2014,Canada,206395,Maritime Industrial Transportation Alliance,114400,1004,30000
2014,Belgium,221637,Syngenta Crop Protection NV,129917,1004,30000
2014,Australia,204022,Rubicon Water,111930,1004,30000
2014,India,211245,LT Foods Ltd.,118323,1004,30000
2014,Germany,205892,Hannover Re Group,59277,1017,30000
2014,Italy,214420,Osservatorio Asia,121256,1024,30000
2014,Israel,179984,Terrestrial Jerusalem (Israel),98001,1020,30000
2014,Kenya,221063,Aeolus Kenya Ltd.,129781,1004,30000
2014,Canada,213292,Purdue Pharma Canada,119930,1004,30000
2014,Canada,217540,West Coast Research and Management Services Inc.,124907,1004,30000
2014,Canada,210470,Medicago Inc.,79263,1027,30000
2014,Canada,216997,Argex Titanium Inc.,124016,1004,30000
2014,Philippines,16050,Sugar Alliance of the Philippines,42103,1022,28500
2014,Kenya,176054,African Cotton and Textile Industries Federation,87217,1024,27000
2014,Ireland,215529,Norwegian Air International Ltd.,120182,1027,23000
2014,China,218795,China Iron and Steel Association,127220,1004,20000
2014,Lesotho,167822,Lesotho Textile Exporters' Association,73439,1001,20000
2014,Chile,217111,Chile's Committee Hass Avocado Growers AG,124172,1006,20000
2014,Canada,209540,Agrisoma Biosciences Inc.,117254,1004,20000
2014,France,215753,LA Partners,123444,1004,20000
2014,Canada,105485,FieldTurf Tarkett Inc.,56882,1004,20000
2014,New Zealand,180138,Beef + Lamb New Zealand Ltd.,99091,1004,20000
2014,Morocco,218813,L'Association Marocaine des Industries du Textile et de l'Habillement,127249,1004,20000
2014,South Africa,217185,South African Avocado Growers Association,124289,1004,20000
2014,Singapore,217772,Stratech Systems Ltd.,125128,1004,20000
2014,Switzerland,5128,Swiss Bankers Association,63142,1001,20000
2014,United Kingdom,217028,Raytheon Systems Ltd.,124043,1004,20000
2014,United Kingdom,154775,Vodafone Group Services Ltd.,69610,1004,20000
2014,Australia,217143,AstraZeneca Pty. Ltd.,124233,1004,19300
2014,Canada,197710,Canadian Snowbird Association,106366,1004,16000
2014,United Kingdom,248619,Islamic Relief Worldwide,117787,1018,15000
2014,Australia,217182,Sanofi-Aventis Australia Pty. Ltd.,124288,1004,13000
2014,Australia,217183,Bristol-Myers Squibb Australia Pty. Ltd.,124299,1004,13000
2014,Canada,199392,Canada Steamship Lines Inc.,108242,1004,10000
2014,Canada,173560,ArchiDATA Inc.,86424,1017,10000
2014,Canada,138615,Great Canadian Railtour Co. Ltd.,67689,1004,10000
2014,Canada,138064,"Grey, Clark, Shih & Associates Ltd.",67424,1017,10000
2014,Canada,5583,J.D. Irving Ltd.,41132,1004,10000
2014,Canada,9717,Iogen Corp.,37486,1004,10000
2014,Canada,208647,Investment Industry Association of Canada,116237,1020,10000
2014,Canada,212106,Trojan Technologies Inc.,118866,1025,10000
2014,Canada,218955,Cascade Aerospace Inc.,127711,1004,10000
2014,Gibraltar,218294,888 Holdings plc,125420,1004,10000
2014,United Kingdom,155246,RELX Group plc,36657,1004,10000
2014,United Kingdom,162076,Anglo American plc,68877,1027,10000
2014,United Kingdom,192444,Plexus Holdings plc,102138,1004,10000
2014,United Kingdom,194514,Global Witness Ltd.,37234,1027,10000
2014,Ukraine,56730,Antonov Airlines,43491,1004,10000
2014,Sweden,202282,Anoto Group AB,110604,1004,10000
2014,Netherlands,101611,Association of Dutch Insurers,44904,1001,10000
2014,Mexico,26428,Confederation of Agricultural Associations of the State of Sinaloa,38910,1015,10000
2014,Norway,67458,Nuclear Protection Products AS,61029,1004,10000
2014,Germany,251631,Bayer AG,67518,1004,6600
2014,Canada,46437,New Flyer of America Inc.,54378,1004,5200
2014,Australia,217184,Merck Sharp & Dohme (Australia) Pty. Ltd.,124294,1004,5000
2014,Azerbaijan,151362,Silk Way Holding,45390,1004,0
2014,Bangladesh,209090,Islami Bank Bangladesh plc,116852,1004,0
2014,Belgium,206208,Caritas in Veritate International,114388,1004,0
2014,Brazil,137507,Abicalcados,67159,1024,0
2014,Bosnia and Herzegovina,217011,HDZ 1990,124022,1015,0
2014,Australia,217177,Novartis Australia Pty. Ltd.,124292,1004,0
2014,Argentina,191933,Atanor SCA,101884,1004,0
2014,Argentina,213586,Argentine Chamber of Biofuels,120316,1004,0
2014,Canada,27025,NAV Canada,51871,1022,0
2014,Brazil,345577,Brazilian Sugarcane Industry Association,53348,1016,0
2014,Canada,80312,Aeroports de Montreal (Canada),61623,1004,0
2014,Canada,80858,Fairfax Financial Holdings Ltd.,68765,1017,0
2014,Canada,54860,TC Energy Corp.,58227,1004,0
2014,Canada,55191,Irving Oil Ltd.,53831,1004,0
2014,Canada,143749,Canadian Association of Defence and Security Industries,65095,1001,0
2014,Canada,107891,Bombardier Recreational Products,57755,1004,0
2014,Canada,135478,Royal Bank of Canada,53734,1004,0
2014,Canada,176018,Quantex Energy Inc.,87258,1004,0
2014,Canada,178633,Cooke Aquaculture Inc.,98417,1004,0
2014,Canada,190673,A.C.E. Consulting,100472,1017,0
2014,Canada,152570,Vancouver (Canada) International Airport Authority,50417,1010,0
2014,Canada,160248,PSP Investments,70020,1025,0
2014,Canada,197928,Ferus Inc.,106644,1004,0
2014,Canada,207118,Resverlogix Corp.,115424,1004,0
2014,Canada,207139,"Province of Alberta, Canada",65418,1009,0
2014,Canada,203128,Business Council of Canada,111008,1004,0
2014,Canada,205402,Capital Power Corp.,113543,1004,0
2014,Canada,207586,Barrday Corp.,115874,1004,0
2014,Haiti,345582,Government of Haiti,43412,1009,0
2014,Hong Kong,111466,Hutchison Whampoa Ltd.,41133,1022,0
2014,Israel,152987,InSightec Ltd.,51604,1022,0
2014,Ireland,212789,Glanbia plc,64005,1025,0
2014,India,206863,Devas Multimedia Pte. Ltd.,115199,1004,0
2014,India,207204,ONGC Videsh Ltd.,115563,1004,0
2014,Hong Kong,205688,Primus Financial Holdings Ltd.,114033,1004,0
2014,Iceland,343159,Kerecis,125221,1012,0
2014,India,49417,Carpet Export Promotion Council,76292,1022,0
2014,Liberia,168915,MEAB Bank SAL,79185,1022,0
2014,Luxembourg,218394,Oxford BioChronometrics,125891,1004,0
2014,Japan,211234,Panasonic Corp.,45752,1004,0
2014,Japan,175556,Mitsui Oil Exploration Co. Ltd.,87039,1004,0
2014,Israel,211899,Pacific Israel N.R. Ltd.,118613,1004,0
2014,Israel,329873,Government of Israel,38682,1009,0
2014,Italy,94822,Novamont SpA,48587,1004,0
2014,Japan,6986,Japan Automobile Standards Internationalization Center,45868,1009,0
2014,Japan,10223,Japan Bank for International Cooperation,48048,1004,0
2014,Italy,194561,American University of Rome (Italy),103708,1007,0
2014,Canada,219893,FLYHT Aerospace Solutions Ltd.,128561,1004,0
2014,Cayman Islands,149964,Maples and Calder,39804,1017,0
2014,China,7199,Chilean Exporters Association,67470,1001,0
2014,Chile,205037,Chilean Association of Banks and Financial Institutions,112918,1004,0
2014,China,209237,Zhejiang Dehua TB Import and Export Co. Ltd.,117012,1004,0
2014,Canada,213481,StrongKor Building Solutions Inc.,120158,1004,0
2014,Canada,215401,Seabridge Gold Inc.,121930,1004,0
2014,Canada,218382,Ontario Municipal Employees Retirement System,125769,1025,0
2014,Canada,209179,Lake Erie Power Corp.,116954,1004,0
2014,Canada,210644,EastGate Biotech Corp.,117700,1012,0
2014,Canada,211060,Canadian Chamber of Commerce,118128,1022,0
2014,Canada,211984,Lassonde Industries Inc.,118712,1004,0
2014,France,217639,Airbus SAS,33756,1004,0
2014,"Georgia, Republic of",209087,Agricultural University of Georgia,116856,1007,0
2014,Germany,80605,Rheinmetall Waffe Munition GmbH,44396,1004,0
2014,Germany,172801,Xeless GmbH,86255,1017,0
2014,Dominican Republic,207581,Jean Francois Coste,115867,1004,0
2014,Dominican Republic,209373,Asociacion Dominicana de Productores de Ron,117172,1004,0
2014,Colombia,201678,Colombian Sugar Cane Growers Association,110114,1017,0
2014,Colombia,206799,Federation of Rice Producers of Colombia,115144,1024,0
2014,Ecuador,333145,Government of Ecuador,43370,1011,0
2014,Egypt,8892,International Natural Sausage Casing Association,61873,1001,0
2014,France,104340,Safran SA,55589,1017,0
2014,France,26837,TotalEnergies SE,53276,1004,0
2014,France,31872,LVMH Moët Hennessy - Louis Vuitton SE,58682,1022,0
2014,France,63495,International Manganese Institute,63515,1024,0
2014,Norway,146352,AlgiPharma AS,64382,1004,0
2014,Norway,149892,Alphaville Security AS,45032,1004,0
2014,Palestine,203481,Palestine Investment Fund,110966,1004,0
2014,Philippines,192152,Manila-based Professional Services Inc.,101985,1004,0
2014,Philippines,220031,Confederation of Garment Exporters of the Philippines,52618,1024,0
2014,Peru,43158,Association of Hass Avocado Producers and Exporters from Peru,63699,1022,0
2014,Nigeria,208474,Udemba Group,116117,1015,0
2014,Norway,46675,High Density Devices,59333,1022,0
2014,Norway,215495,Making View AS,122743,1004,0
2014,Norway,215496,AnsuR Technologies AS,122746,1004,0
2014,Netherlands,154720,"Anthos, the Royal Trade Association for Nursery Stock and Flower Bulbs",49154,1001,0
2014,Netherlands,80632,KLM Royal Dutch Airlines,38712,1017,0
2014,New Zealand,135102,Government of New Zealand,36323,1009,0
2014,New Zealand,150595,Meat and Wool New Zealand Ltd.,45221,1017,0
2014,Mauritius,14393,Mauritius Chamber of Agriculture and Mauritius Sugar Syndicate,46486,1022,0
2014,Mexico,4624,Avocado Producers of Mexico,39005,1006,0
2014,Sweden,209439,Antrad Medical AB,117194,1004,0
2014,South Korea,177473,SK Telecom Co. Ltd.,95939,1004,0
2014,South Korea,203977,Hyundai Rotem Co.,111847,1004,0
2014,Sweden,195388,TriOptima AB,104278,1004,0
2014,Somalia,137244,Government of Somalia,38957,1008,0
2014,South Africa,137890,South African Sugar Association,68018,1001,0
2014,Saudi Arabia,345531,Government of Saudi Arabia,32093,1009,0
2014,Russia,201924,Ivanyan & Partners,110293,1025,0
2014,South Korea,135298,Korea International Trade Association,38704,1001,0
2014,Ukraine,105641,Systems Capital Management Ltd.,65220,1004,0
2014,Ukraine,217600,Motor Sich JSC,124976,1004,0
2014,Ukraine,323376,Government of Ukraine,51653,1009,0
2014,Taiwan,165109,Nien Hsing Textile Co. Ltd.,72703,1004,0
2014,Taiwan,175456,Chinatrust Financial Holding Co.,87085,1027,0
2014,Tunisia,212462,Global Investments Co.,119451,1025,0
2014,Turkey,205448,Borusan Mannesmann Boru Sanayi ve Ticaret AS,113609,1004,0
2014,Switzerland,174145,Swiss International Air Lines Ltd.,83399,1017,0
2014,Switzerland,180004,Vitol SA Inc.,98553,1004,0
2014,Switzerland,191189,International Food and Beverage Alliance,101569,1001,0
2014,Switzerland,202228,Unilever ASCC AG,110560,1004,0
2014,Switzerland,205758,Dufry AG,114138,1015,0
2014,Switzerland,213484,Allied World Assurance Company Holdings AG,120177,1017,0
2014,Switzerland,214718,Archroma Management LLC,121375,1004,0
2014,United Kingdom,60581,International Banking Federation Ltd.,61673,1024,0
2014,United Kingdom,66934,Oil Companies International Marine Forum,55842,1024,0
2014,United Kingdom,69960,Barclays Bank plc,41666,1004,0
2014,United Kingdom,80628,Argon Electronics,48408,1004,0
2014,United Kingdom,80629,Aircontrol Technologies,56233,1004,0
2014,United Kingdom,80639,SELEX ELSAG SpA,58013,1017,0
2014,United Kingdom,80640,VT Group plc,39759,1017,0
2014,United Arab Emirates,201892,AmCham Middle East North Africa Regional Council,110271,1006,0
2014,United Kingdom,25370,Amec Foster Wheeler plc,31638,1004,0
2014,United Kingdom,27461,British Airways plc,33535,1004,0
2014,United Kingdom,177490,Privacy International,95958,1024,0
2014,United Kingdom,205329,BATLaw Ltd.,113406,1004,0
2014,United Kingdom,206422,Essentra plc,114481,1004,0
2014,United Kingdom,206620,TES Global Ltd.,114838,1007,0
2014,United Kingdom,217503,Climate Group,124883,1024,0
2014,United Kingdom,218388,Klesch and Co. Ltd.,125809,1004,0
2014,United Kingdom,92118,Gabriel Resources Ltd.,43705,1017,0
2014,United Kingdom,102350,Hesco Military Products Ltd.,50850,1004,0
2014,United Kingdom,202,Standard Chartered plc,55727,1017,0
2014,United Kingdom,143365,Spencer and Syed LLP,50200,1004,0
2014,United Kingdom,149962,Hybrid Air Vehicles Ltd.,45042,1004,0
2014,United Kingdom,152952,British Bankers' Association,34379,1001,0
2014,Venezuela,50689,World Boxing Association,59197,1001,0
2014,Venezuela,212331,Derwick Associates Corp.,119227,1004,0
2015,United Kingdom,20225,GSK plc,34599,1004,4905000
2015,Ireland,40757,Accenture plc,33683,1004,4680000
2015,Switzerland,45939,TE Connectivity Ltd.,59043,1004,2535000
2015,Canada,308451,Canadian National Railway Co.,55243,1004,2055000
2015,Japan,297014,Toshiba Corp.,68746,1020,1360000
2015,South Korea,157125,Samsung Electronics Co. Ltd.,54009,1004,1290000
2015,New Zealand,210950,Fonterra Cooperative Group Ltd.,118033,1004,1120000
2015,United Kingdom,112293,Lloyd's of London,51179,1017,1110000
2015,United Kingdom,218609,Dorchester Group Ltd.,126707,1004,1100000
2015,Canada,105375,TransCanada PipeLines Ltd.,37220,1004,1100000
2015,Canada,78286,Apotex Inc.,41468,1004,1090000
2015,Liberia,218628,Commission Import Export SA,126760,1008,1040000
2015,Ireland,196504,Trane Technologies plc,105856,1004,885000
2015,Canada,169250,Catalyst Paper Corp.,79008,1004,855000
2015,South Korea,11132,Hyundai Motor America,35417,1004,810000
2015,Hong Kong,163610,China-United States Exchange Foundation,70876,1002,794101
2015,Venezuela,343388,Petroleos de Venezuela SA,68287,1022,735000
2015,South Korea,301727,Kia Corp.,57419,1004,700000
2015,Norway,165468,Equinor ASA,46604,1004,600000
2015,United Arab Emirates,217921,Emaar USA,125225,1004,600000
2015,United Kingdom,215153,Trident Foundation,121531,1002,590000
2015,Libya,230279,Association of Banks in Lebanon,111912,1001,570000
2015,Bermuda,110547,Assured Guaranty Ltd.,61236,1004,565000
2015,Russia,217175,Gazprombank,124271,1022,550000
2015,Azerbaijan,96398,Renaissance Associates SA,50995,1017,495000
2015,United Kingdom,91989,Alternative Investment Management Association Ltd.,60834,1001,480000
2015,Switzerland,79352,F. Hoffmann-La Roche Ltd.,44018,1004,466620
2015,Singapore,37324,APL Ltd.,39843,1004,445560
2015,Norway,213102,Norwegian Air Shuttle ASA,119835,1004,420000
2015,Canada,137739,Chamber of Marine Commerce,57407,1001,417500
2015,United Arab Emirates,219780,Etihad Airways PJSC,128343,1004,405000
2015,Belgium,199627,SWIFT SCRL,108445,1004,403000
2015,Canada,151144,"Province of Saskatchewan, Canada",39875,1004,400000
2015,South Korea,105182,Federation of Korean Industries,57438,1009,400000
2015,Germany,190800,Fresenius Medical Care AG and Co. KGaA,43697,1004,400000
2015,United Kingdom,168025,Argus Media Inc.,78867,1004,390136
2015,United Kingdom,206116,Smiths Group plc,36822,1004,390000
2015,Brazil,52114,Embraer SA,39105,1004,380000
2015,Sweden,190663,Volvo Car Corp.,100399,1004,375000
2015,Luxembourg,222945,LetterOne Holdings SA,134404,1004,370000
2015,Switzerland,12803,Swiss Reinsurance Co. Ltd.,36971,1004,360000
2015,United Kingdom,216441,NovoCure Ltd.,123727,1004,360000
2015,British Virgin Islands,229725,Hitomi Financial Ltd.,115328,1004,360000
2015,India,266833,National Association of Software and Services Companies,36006,1024,350000
2015,Israel,154546,Rafael Advanced Defense Systems Ltd.,62196,1004,343000
2015,Iraq,342328,"Government of Kurdistan, Iraq",41486,1009,330000
2015,Switzerland,48784,"Gavi, the Vaccine Alliance",41878,1002,330000
2015,Germany,55354,ZF TRW Automotive Inc.,61887,1004,320000
2015,France,190762,Natixis Global Asset Management SA,100369,1004,320000
2015,United Kingdom,167100,LCH.Clearnet Group Ltd.,73263,1017,312751
2015,South Korea,110705,Samsung C&T Corp.,43762,1004,310000
2015,France,207673,National Council of Resistance of Iran,67129,1011,300500
2015,United Kingdom,221888,TSG Interactive Services Ltd.,130342,1004,300000
2015,United Kingdom,136626,Martin-Baker Aircraft Co. Ltd.,51104,1004,300000
2015,Bangladesh,209090,Islami Bank Bangladesh plc,116852,1004,300000
2015,Australia,79502,BHP,49347,1004,300000
2015,Norway,224504,DNV GL Group AS,135403,1004,292603
2015,Indonesia,220928,PT Sekolah Tinggi Sampoerna Internasional,129720,1007,290000
2015,Mexico,154004,CEMEX SAB de CV,68747,1004,280000
2015,Luxembourg,65751,Intelsat SA,51837,1004,280000
2015,Germany,203143,Continental AG,39312,1004,280000
2015,Japan,154656,Japan Automobile Manufacturers Association Inc.,68737,1001,270000
2015,United Kingdom,21068,InterContinental Hotels Group plc,42180,1004,260000
2015,United Kingdom,70436,London Stock Exchange Group plc,56834,1017,240000
2015,United Arab Emirates,219985,Emirates Airlines,128708,1004,240000
2015,United Kingdom,160838,PokerStars,70158,1027,240000
2015,Switzerland,14823,Zurich Insurance Group Ltd.,46080,1004,240000
2015,Guam,104168,DFS Guam LP,56918,1004,240000
2015,Brazil,215695,Americas Trading Group SA,123339,1025,240000
2015,Canada,137322,Canadian Association of Petroleum Producers,52075,1001,240000
2015,Canada,217164,Stronach Group Inc.,124248,1004,240000
2015,Canada,160760,In Situ Oil Sands Alliance,70155,1024,230000
2015,Cyprus,223676,Nest Investments (Holdings) Ltd.,135067,1004,230000
2015,Japan,154102,Daikin Industries Ltd.,63836,1004,230000
2015,Switzerland,233220,CSL Vifor,109516,1004,230000
2015,United Kingdom,222838,GW Pharmaceuticals plc,134353,1004,220000
2015,Morocco,299243,OCP SA,38639,1022,210000
2015,Canada,208093,Canadian Cattlemen's Association,42255,1001,210000
2015,France,152893,Comité Interprofessionnel du Vin de Champagne,44894,1027,200000
2015,France,102792,AXA SA,53943,1004,200000
2015,Switzerland,47659,UBS AG,32580,1004,200000
2015,Spain,90209,Repsol SA,39942,1027,200000
2015,Norway,227154,Prox Dynamics AS,116001,1004,200000
2015,Spain,222220,La Liga,130885,1015,190000
2015,Kenya,221063,Aeolus Kenya Ltd.,129781,1004,190000
2015,Mexico,136355,National Chamber of the Fishing and Aquaculture Industry (Mexico),49765,1022,185000
2015,Russia,217002,Novatek PJSC,124014,1004,180000
2015,Bermuda,48728,Arch Capital Group Ltd.,49309,1004,180000
2015,Canada,16820,Gildan Activewear Inc.,64325,1022,170000
2015,Canada,222575,Irving Paper Ltd.,134285,1004,170000
2015,France,203148,Citelum DC LLC,111006,1004,170000
2015,Japan,92846,NEC Corp.,68685,1004,160000
2015,United Kingdom,218663,Cable and Wireless International HQ Ltd.,126818,1004,160000
2015,United Arab Emirates,220041,Automotive Management Services,128868,1004,160000
2015,Canada,207249,Canadian International Pharmacy Association,48160,1017,160000
2015,Canada,198364,Livingston International Income Fund,107150,1025,160000
2015,Canada,172383,Armatec Survivability Corp.,85070,1004,160000
2015,Bermuda,222731,West African Land Holdings Ltd.,134316,1010,160000
2015,Canada,18900,Electricity Canada,52083,1001,150000
2015,Canada,137145,Potash Corp. of Saskatchewan Inc.,57637,1004,150000
2015,Canada,105254,TD Bank Financial Group,40073,1004,150000
2015,Canada,202397,MOSAID Technologies Inc.,110727,1004,150000
2015,Turkey,220142,Turkish Steel Exporters' Association,129003,1004,150000
2015,Monaco,221681,MARSS Ltd.,129962,1015,145000
2015,Lebanon,13804,American University of Beirut,61282,1007,144000
2015,Germany,41256,SWK Stadtwerke Kaiserslautern GmbH,60235,1022,140000
2015,Panama,221961,LNG Group Panama SA,130486,1004,140000
2015,Canada,218699,Stars Group Inc.,126941,1004,140000
2015,Canada,199392,Canada Steamship Lines Inc.,108242,1004,130000
2015,Canada,62616,Greater Toronto (Canada) Airports Authority,41355,1009,130000
2015,China,171342,Huawei Technologies Investment Co. Ltd.,84806,1004,130000
2015,Netherlands,168108,Yukos International UK BV,50791,1027,129000
2015,Canada,217540,West Coast Research and Management Services Inc.,124907,1004,124000
2015,Canada,218955,Cascade Aerospace Inc.,127711,1004,120000
2015,Canada,216948,Waterton Global Resource Management Inc.,123942,1004,120000
2015,Canada,191455,Ontario Teachers' Pension Plan,101473,1020,120000
2015,Canada,156993,MDA Ltd.,63693,1022,120000
2015,Canada,101134,CPP Investments,60416,1009,120000
2015,Sweden,4549,Saab AB,36725,1004,120000
2015,United Kingdom,5319,Avon Products Inc.,59219,1004,120000
2015,United Kingdom,218499,Drax Group plc,126265,1004,120000
2015,United Kingdom,222338,International Game Technology plc,59650,1004,120000
2015,United Kingdom,197580,Big Bus Tours Ltd.,106255,1015,120000
2015,Canada,252315,Cameco Corp.,67993,1004,120000
2015,Japan,323359,All Nippon Airways Co. Ltd.,38806,1004,120000
2015,Italy,91925,Global Crop Diversity Trust,64292,1002,120000
2015,United Kingdom,320620,International Group of Protection and Indemnity Clubs,40588,1027,120000
2015,Italy,137825,Mirabella SG SpA,38881,1004,110000
2015,Cayman Islands,198250,Alibaba Group Holding Ltd.,106981,1004,110000
2015,Colombia,10716,Asociacion Nacional de Industriales,41175,1004,110000
2015,Ukraine,220213,TMM Co. LLC,129125,1004,110000
2015,United Arab Emirates,140072,Emirates Group,43464,1004,110000
2015,Russia,64484,GML Ltd.,56815,1022,110000
2015,Canada,178294,Norampac,98236,1004,107394
2015,Lebanon,223769,M1 Group,135198,1025,105000
2015,Morocco,218813,L'Association Marocaine des Industries du Textile et de l'Habillement,127249,1004,100000
2015,United Arab Emirates,216532,Continental Aviation Services WLL,123758,1004,100000
2015,Canada,156226,Resolute Forest Products,52690,1004,100000
2015,Canada,210825,Top Aces Corp.,117884,1004,100000
2015,Netherlands,43365,Friends of the Earth,56293,1020,98849
2015,Mexico,139250,Grupo Televisa SAB,57551,1004,90000
2015,Japan,135623,Japan Airlines Co. Ltd.,68736,1004,90000
2015,Haiti,320204,Association of Industries of Haiti,41144,1001,90000
2015,Guatemala,67602,Central American Sugar Association,50627,1001,90000
2015,United Kingdom,219747,Cox PowerTrain Ltd.,128279,1004,90000
2015,Canada,215986,Crescent Point Energy Corp.,123595,1004,90000
2015,Canada,221731,Viscount Systems Inc.,129997,1004,90000
2015,Australia,157994,Brambles Ltd.,72104,1025,90000
2015,Haiti,221129,GB Group SA,129806,1004,89970
2015,Poland,135078,Lot Polish Airlines,66877,1022,85000
2015,Singapore,217772,Stratech Systems Ltd.,125128,1004,80000
2015,United Kingdom,90656,Indivior plc,39941,1004,80000
2015,India,58329,Tata Consultancy Services Ltd.,36985,1017,80000
2015,Germany,76888,Deutsche Lufthansa AG,51017,1017,80000
2015,France,225129,Edenred SE,135668,1004,80000
2015,Canada,222152,RailTerm,130811,1004,80000
2015,France,202436,PREVOR,110757,1012,80000
2015,France,178905,Orano SA,33611,1004,80000
2015,El Salvador,213838,"House of the Textile, Clothing and Free Zones of El Salvador",120702,1004,80000
2015,Malaysia,148194,Association of Asia Pacific Airlines,65120,1001,80000
2015,Malta,217444,Tangiers International Ltd.,124769,1004,80000
2015,Mexico,215003,Independent University of Guadalajara (Mexico),121414,1007,80000
2015,Bahrain,218504,MRS Fashions WLL,126262,1004,80000
2015,Australia,11031,Meat and Livestock Australia Ltd.,46270,1004,80000
2015,Canada,138064,"Grey, Clark, Shih & Associates Ltd.",67424,1017,80000
2015,Canada,66667,Revision Military Inc.,68754,1004,80000
2015,Canada,209410,Commerce Resources Corp.,117178,1004,80000
2015,Canada,207381,Federal Marine Terminals Inc.,115717,1004,80000
2015,Canada,145890,Uranium One Inc.,50209,1004,80000
2015,Canada,160088,Binational Softwood Lumber Council,69983,1008,80000
2015,United Nations,204172,Navajo County (Ariz.) Public Works,112314,1010,80000
2015,Canada,220215,Niedner Inc.,129143,1004,70000
2015,Canada,224408,Quebec Border Mills Committee,135302,1010,70000
2015,Bermuda,91983,RenaissanceRe Holdings Ltd.,47103,1022,70000
2015,Kuwait,254494,KGL Logistics,134256,1025,70000
2015,Colombia,60603,Avantel SA,63309,1017,70000
2015,Hong Kong,176299,D'Luxe Group Ltd.,87316,1017,70000
2015,United Kingdom,222353,Mylan NV,129877,1027,70000
2015,United Kingdom,163715,Rational Entertainment Enterprises Ltd.,69719,1004,60000
2015,Guam,104063,AmChams of Asia Pacific,51991,1006,60000
2015,China,165437,American Chamber of Commerce in Shanghai (China),71101,1006,60000
2015,France,210264,Bmax,117429,1015,60000
2015,Israel,152987,InSightec Ltd.,51604,1022,60000
2015,Canada,217267,Progressive Waste Solutions Ltd.,124432,1004,60000
2015,Canada,144297,Ultra Electronics Forensic Technology Inc.,39048,1014,60000
2015,Canada,153058,Teck Resources Ltd.,71203,1004,60000
2015,Canada,188354,Kruger Inc.,100524,1004,60000
2015,Canada,207211,Air Canada,52155,1009,60000
2015,France,214656,Losberger RDS,121322,1015,54000
2015,Saudi Arabia,55610,Middle East Council of American Chambers of Commerce,56521,1006,54000
2015,Japan,179911,Shikibo Ltd.,98013,1004,52000
2015,Japan,226452,Sumitomo Rubber Industries Ltd.,136919,1004,50000
2015,Germany,220244,Reiner Stemme Utility Air Systems GmbH,129134,1004,50000
2015,France,210563,ENGIE SA,52162,1004,50000
2015,Finland,191834,Codenomicon Ltd.,101657,1004,50000
2015,Liberia,168915,MEAB Bank SAL,79185,1022,50000
2015,Nigeria,219725,HH Macaulay Center for Advancement of Democracy,128277,1015,50000
2015,Seychelles,225826,Asoupir Ltd.,136581,1004,50000
2015,South Korea,79493,American Chamber of Commerce in Korea,61409,1006,50000
2015,United Arab Emirates,217650,Forum for Promoting Peace in Muslim Societies,125018,1025,50000
2015,United Kingdom,80134,Shorts International,55881,1004,50000
2015,Canada,198394,Nevada Copper Corp.,107163,1004,50000
2015,Canada,139561,"Yukon Territory, Canada",68266,1009,50000
2015,Canada,221790,Sani Defenx,130110,1004,50000
2015,Saudi Arabia,204441,Organization of Islamic Cooperation,112604,1003,45000
2015,France,215753,LA Partners,123444,1004,41000
2015,Germany,221810,Monacchia GmbH,130154,1004,40000
2015,Guam,159636,University of Guam Endowment Foundation Inc.,69879,1007,40000
2015,Dominican Republic,69028,Universidad Central del Este,51356,1007,40000
2015,Dominican Republic,213732,Latin American University (Dominican Republic),120544,1007,40000
2015,Israel,204181,Nilit Ltd.,112324,1004,40000
2015,Ireland,153297,Shannon Airport Authority (Ireland),71252,1004,40000
2015,Ireland,176301,Niall Mellon Township Trust,32146,1002,40000
2015,Norway,319773,Axnes Aviation AS,39541,1004,40000
2015,South Africa,217185,South African Avocado Growers Association,124289,1004,40000
2015,Spain,5474,Amadeus IT Group SA,45814,1004,40000
2015,United Kingdom,218834,sQuidcard Ltd.,127328,1004,40000
2015,United Kingdom,217028,Raytheon Systems Ltd.,124043,1004,40000
2015,Canada,211060,Canadian Chamber of Commerce,118128,1022,40000
2015,Canada,172494,Porter Airlines Inc.,85067,1017,40000
2015,Canada,174943,Cenovus Energy Inc.,86968,1004,40000
2015,Australia,204022,Rubicon Water,111930,1004,40000
2015,Canada,32214,Alliance Pipeline LP,54945,1020,40000
2015,Canada,138404,CSA Group,67572,1001,40000
2015,Canada,111296,Enerkem,49334,1004,40000
2015,Canada,79371,Barrick Mining Corp.,34275,1004,40000
2015,Japan,147740,Institute of Cetacean Research,51720,1022,38000
2015,China,199355,Dandong Port Co. Ltd.,108234,1004,36000
2015,Canada,46437,New Flyer of America Inc.,54378,1004,35000
2015,Afghanistan,213558,American University of Afghanistan,120295,1004,35000
2015,Canada,223642,MedAvail Technologies Inc.,135022,1012,35000
2015,Canada,223739,NeoPollard Interactive LLC,135160,1004,35000
2015,Canada,225395,ADVANZ PHARMA Corp.,136063,1004,30000
2015,Canada,175853,Manitoba Hydro Corp.,87133,1010,30000
2015,Canada,197710,Canadian Snowbird Association,106366,1004,30000
2015,Belgium,221637,Syngenta Crop Protection NV,129917,1004,30000
2015,Israel,213402,Kaiima Bio-Agritech Ltd.,120080,1004,30000
2015,Israel,179984,Terrestrial Jerusalem (Israel),98001,1020,30000
2015,Indonesia,225495,PT Louis Dreyfus Commodities Indonesia,136199,1004,30000
2015,Lesotho,167822,Lesotho Textile Exporters' Association,73439,1001,30000
2015,United Arab Emirates,221711,American Business Group of Abu Dhabi,110273,1006,30000
2015,South Korea,145878,Hansoll Textile Ltd.,64272,1022,30000
2015,Panama,89491,CBI Sugar Group,62550,1022,30000
2015,New Zealand,180138,Beef + Lamb New Zealand Ltd.,99091,1004,30000
2015,Germany,222262,OptoPrecision GmbH,133624,1004,25000
2015,Argentina,191933,Atanor SCA,101884,1004,21072
2015,Canada,5583,J.D. Irving Ltd.,41132,1004,20000
2015,Canada,224613,D2L Inc.,135484,1004,20000
2015,Canada,219935,Tvidia,128566,1004,20000
2015,China,258945,Huawei Technologies Co. Ltd.,46599,1004,20000
2015,Kenya,176054,African Cotton and Textile Industries Federation,87217,1024,20000
2015,Lebanon,224652,Al-Mawarid Bank SAL,135519,1004,20000
2015,Lebanon,226557,Sunrise Estate Development Ltd.,137064,1004,20000
2015,Ireland,223524,Workday Ltd.,134830,1004,20000
2015,Israel,210479,Gilad Government Relations and Lobbying,117566,1025,20000
2015,Peru,67665,Instituto Peruano del Espárrago y Hortalizas,47214,1024,20000
2015,Sweden,220452,SCAMA AB,129396,1004,20000
2015,Switzerland,5128,Swiss Bankers Association,63142,1001,20000
2015,South Africa,217190,Kirsh Group Africa,124296,1004,20000
2015,South Korea,177473,SK Telecom Co. Ltd.,95939,1004,20000
2015,United Kingdom,220136,Global Business Services Ltd.,129022,1004,20000
2015,United Kingdom,224817,ImmuPharma plc,135603,1004,20000
2015,United Kingdom,225287,StarTraq Ltd.,135871,1004,20000
2015,United Kingdom,194514,Global Witness Ltd.,37234,1027,20000
2015,United Kingdom,209239,Global Strategies Group (United Kingdom) Ltd.,117015,1017,20000
2015,United Kingdom,248619,Islamic Relief Worldwide,117787,1018,20000
2015,Germany,220248,German Aerospace Center,129153,1024,15000
2015,Canada,105485,FieldTurf Tarkett Inc.,56882,1004,15000
2015,Canada,135478,Royal Bank of Canada,53734,1004,10000
2015,Bermuda,314782,Athene Holding Ltd.,136722,1027,10000
2015,Belgium,13398,International Association of Professional Numismatists,46036,1001,10000
2015,Bermuda,222580,Viking River Cruises Ltd.,134272,1004,10000
2015,Canada,224913,Canpro Investments Ltd.,135621,1004,10000
2015,Canada,225860,Fresh Air Educators Inc.,136625,1004,10000
2015,Canada,213481,StrongKor Building Solutions Inc.,120158,1004,10000
2015,Canada,213292,Purdue Pharma Canada,119930,1004,10000
2015,Canada,205402,Capital Power Corp.,113543,1004,10000
2015,Canada,206395,Maritime Industrial Transportation Alliance,114400,1004,10000
2015,Canada,171818,S.M. Group International Inc.,84904,1017,10000
2015,Germany,225218,SecureSystem GmbH,135779,1004,10000
2015,Gibraltar,218294,888 Holdings plc,125420,1004,10000
2015,Chile,217111,Chile's Committee Hass Avocado Growers AG,124172,1006,10000
2015,Italy,214420,Osservatorio Asia,121256,1024,10000
2015,Mauritius,14393,Mauritius Chamber of Agriculture and Mauritius Sugar Syndicate,46486,1022,10000
2015,United Kingdom,146191,Clasado Ltd.,39259,1004,10000
2015,United Kingdom,206100,International Underwriting Association of London (England),65629,1001,10000
2015,Peru,225491,ProArándanos,136200,1015,10000
2015,Philippines,16050,Sugar Alliance of the Philippines,42103,1022,10000
2015,Netherlands,101611,Association of Dutch Insurers,44904,1001,10000
2015,United Kingdom,225742,Middle East Petroleum (UK) Ltd.,136472,1004,10000
2015,Canada,80975,Agrium Inc.,58207,1004,9722
2015,Egypt,8892,International Natural Sausage Casing Association,61873,1001,8000
2015,Australia,217184,Merck Sharp & Dohme (Australia) Pty. Ltd.,124294,1004,5000
2015,Azerbaijan,151362,Silk Way Holding,45390,1004,0
2015,Bahrain,137785,Bahrain Economic Development Board,67291,1009,0
2015,Australia,217143,AstraZeneca Pty. Ltd.,124233,1004,0
2015,Australia,217177,Novartis Australia Pty. Ltd.,124292,1004,0
2015,Australia,217182,Sanofi-Aventis Australia Pty. Ltd.,124288,1004,0
2015,Australia,217183,Bristol-Myers Squibb Australia Pty. Ltd.,124299,1004,0
2015,Belgium,222501,APOPO,134263,1024,0
2015,Argentina,213586,Argentine Chamber of Biofuels,120316,1004,0
2015,Andorra,224563,Grup Immobiliari Cierco SA,135460,1004,0
2015,Canada,89601,Onex Corp.,48829,1004,0
2015,Canada,80312,Aeroports de Montreal (Canada),61623,1004,0
2015,Canada,80858,Fairfax Financial Holdings Ltd.,68765,1017,0
2015,Canada,107891,Bombardier Recreational Products,57755,1004,0
2015,Bosnia and Herzegovina,217011,HDZ 1990,124022,1015,0
2015,Brazil,137507,Abicalcados,67159,1024,0
2015,Brazil,172424,Brazilian Textile and Apparel Industry Association,85058,1022,0
2015,Canada,9717,Iogen Corp.,37486,1004,0
2015,Brazil,224836,Suzano Pulp and Paper,135590,1004,0
2015,Brazil,345577,Brazilian Sugarcane Industry Association,53348,1016,0
2015,Canada,50759,BlackBerry Ltd.,39684,1004,0
2015,Canada,54860,TC Energy Corp.,58227,1004,0
2015,Canada,55191,Irving Oil Ltd.,53831,1004,0
2015,Canada,27025,NAV Canada,51871,1022,0
2015,Canada,160248,PSP Investments,70020,1025,0
2015,Canada,143749,Canadian Association of Defence and Security Industries,65095,1001,0
2015,Canada,152570,Vancouver (Canada) International Airport Authority,50417,1010,0
2015,Canada,203128,Business Council of Canada,111008,1004,0
2015,Canada,191675,National Bank of Canada,101502,1004,0
2015,Canada,190673,A.C.E. Consulting,100472,1017,0
2015,Canada,178633,Cooke Aquaculture Inc.,98417,1004,0
2015,Canada,213396,Association of Canadian Port Authorities,120088,1020,0
2015,Canada,216997,Argex Titanium Inc.,124016,1004,0
2015,Canada,212106,Trojan Technologies Inc.,118866,1025,0
2015,Canada,209540,Agrisoma Biosciences Inc.,117254,1004,0
2015,Canada,208647,Investment Industry Association of Canada,116237,1020,0
2015,Canada,224487,SecureKey Technologies Inc.,135368,1004,0
2015,Canada,222052,NXT Energy Solutions Inc.,130658,1027,0
2015,Canada,219893,FLYHT Aerospace Solutions Ltd.,128561,1004,0
2015,Canada,218382,Ontario Municipal Employees Retirement System,125769,1025,0
2015,France,104340,Safran SA,55589,1017,0
2015,France,26837,TotalEnergies SE,53276,1004,0
2015,France,31872,LVMH Moët Hennessy - Louis Vuitton SE,58682,1022,0
2015,France,63495,International Manganese Institute,63515,1024,0
2015,France,195565,SeaOrbiter SAS,104247,1014,0
2015,Colombia,201678,Colombian Sugar Cane Growers Association,110114,1017,0
2015,Colombia,206799,Federation of Rice Producers of Colombia,115144,1024,0
2015,Dominican Republic,207581,Jean Francois Coste,115867,1004,0
2015,Dominican Republic,221599,Dominican Corporation of State Electricity Companies,129905,1004,0
2015,Ecuador,216883,ELCAFE CA,123893,1025,0
2015,Ecuador,333145,Government of Ecuador,43370,1011,0
2015,Germany,205892,Hannover Re Group,59277,1017,0
2015,France,225429,Musthane,136112,1026,0
2015,"Georgia, Republic of",209087,Agricultural University of Georgia,116856,1007,0
2015,"Georgia, Republic of",209095,Free University of Tbilisi,116854,1007,0
2015,Germany,80605,Rheinmetall Waffe Munition GmbH,44396,1004,0
2015,Germany,172801,Xeless GmbH,86255,1017,0
2015,Germany,173637,German Insurance Association,86438,1020,0
2015,Hong Kong,212408,International Care Ministries,119387,1012,0
2015,Iceland,343159,Kerecis,125221,1012,0
2015,India,49417,Carpet Export Promotion Council,76292,1022,0
2015,India,169707,Wockhardt Ltd.,79481,1004,0
2015,India,206863,Devas Multimedia Pte. Ltd.,115199,1004,0
2015,India,211245,LT Foods Ltd.,118323,1004,0
2015,India,225470,Indi Fresh Foods Pte. Ltd.,136217,1004,0
2015,Mexico,4624,Avocado Producers of Mexico,39005,1006,0
2015,Mexico,26428,Confederation of Agricultural Associations of the State of Sinaloa,38910,1015,0
2015,Marshall Islands,220468,Enewetak/Ujelang (Marshall Islands) Local Government,129439,1010,0
2015,Malta,216183,Migrant Offshore Aid Station,123678,1024,0
2015,Mexico,225955,HR Ratings de México SA de CV,136706,1004,0
2015,"Micronesia, Federated States of",217317,Micronesia Registration Advisors Inc.,124605,1004,0
2015,Netherlands,80632,KLM Royal Dutch Airlines,38712,1017,0
2015,Luxembourg,218394,Oxford BioChronometrics,125891,1004,0
2015,Japan,6986,Japan Automobile Standards Internationalization Center,45868,1009,0
2015,Japan,10223,Japan Bank for International Cooperation,48048,1004,0
2015,Japan,211234,Panasonic Corp.,45752,1004,0
2015,Japan,225544,Toyota Tsusho Corp.,136178,1004,0
2015,Israel,220319,Nazareth (Israel) Baptist School,129294,1007,0
2015,Israel,329873,Government of Israel,38682,1009,0
2015,Italy,194561,American University of Rome (Italy),103708,1007,0
2015,Italy,94822,Novamont SpA,48587,1004,0
2015,Ireland,212789,Glanbia plc,64005,1025,0
2015,Iraq,226729,Nineveh Plain Protection Units,135872,1009,0
2015,Hong Kong,111466,Hutchison Whampoa Ltd.,41133,1022,0
2015,Ireland,110226,EnBIO Ltd.,56698,1022,0
2015,Netherlands,154720,"Anthos, the Royal Trade Association for Nursery Stock and Flower Bulbs",49154,1001,0
2015,New Zealand,135102,Government of New Zealand,36323,1009,0
2015,Nigeria,208474,Udemba Group,116117,1015,0
2015,Norway,46675,High Density Devices,59333,1022,0
2015,Norway,67458,Nuclear Protection Products AS,61029,1004,0
2015,Norway,146352,AlgiPharma AS,64382,1004,0
2015,Norway,215495,Making View AS,122743,1004,0
2015,Norway,215496,AnsuR Technologies AS,122746,1004,0
2015,Philippines,192152,Manila-based Professional Services Inc.,101985,1004,0
2015,Philippines,220031,Confederation of Garment Exporters of the Philippines,52618,1024,0
2015,Norway,225186,Hucon Global,135738,1004,0
2015,Saudi Arabia,345531,Government of Saudi Arabia,32093,1009,0
2015,Poland,192175,Grupa LOTOS SA,101990,1004,0
2015,Qatar,222194,Sheikh Eid Bin Mohammed al-Thani Charitable Foundation,130852,1002,0
2015,Peru,43158,Association of Hass Avocado Producers and Exporters from Peru,63699,1022,0
2015,South Korea,135298,Korea International Trade Association,38704,1001,0
2015,Russia,201924,Ivanyan & Partners,110293,1025,0
2015,Somalia,137244,Government of Somalia,38957,1008,0
2015,South Africa,137890,South African Sugar Association,68018,1001,0
2015,Singapore,69465,Government of Singapore,39796,1009,0
2015,Sweden,195388,TriOptima AB,104278,1004,0
2015,Sweden,202282,Anoto Group AB,110604,1004,0
2015,Sweden,209439,Antrad Medical AB,117194,1004,0
2015,United Kingdom,218388,Klesch and Co. Ltd.,125809,1004,0
2015,United Kingdom,215771,Burisma Holdings Ltd.,123450,1004,0
2015,United Kingdom,225631,CS Global Partners,136314,1015,0
2015,United Kingdom,149962,Hybrid Air Vehicles Ltd.,45042,1004,0
2015,United Kingdom,152952,British Bankers' Association,34379,1001,0
2015,United Kingdom,154775,Vodafone Group Services Ltd.,69610,1004,0
2015,United Kingdom,177490,Privacy International,95958,1024,0
2015,United Kingdom,190326,Eurasian Natural Resources Corporation Ltd.,100175,1004,0
2015,United Kingdom,192444,Plexus Holdings plc,102138,1004,0
2015,United Kingdom,205329,BATLaw Ltd.,113406,1004,0
2015,United Kingdom,202,Standard Chartered plc,55727,1017,0
2015,United Arab Emirates,201892,AmCham Middle East North Africa Regional Council,110271,1006,0
2015,Ukraine,323376,Government of Ukraine,51653,1009,0
2015,Taiwan,165109,Nien Hsing Textile Co. Ltd.,72703,1004,0
2015,Taiwan,175456,Chinatrust Financial Holding Co.,87085,1027,0
2015,Tunisia,212462,Global Investments Co.,119451,1025,0
2015,Turkey,213837,"Zafer Taahhüt, Insaat ve Ticaret AS",120663,1004,0
2015,Switzerland,174145,Swiss International Air Lines Ltd.,83399,1017,0
2015,Switzerland,180004,Vitol SA Inc.,98553,1004,0
2015,Switzerland,202228,Unilever ASCC AG,110560,1004,0
2015,Switzerland,213484,Allied World Assurance Company Holdings AG,120177,1017,0
2015,United Kingdom,80628,Argon Electronics,48408,1004,0
2015,United Kingdom,80629,Aircontrol Technologies,56233,1004,0
2015,United Kingdom,80639,SELEX ELSAG SpA,58013,1017,0
2015,United Kingdom,80640,VT Group plc,39759,1017,0
2015,United Kingdom,82004,Cobham plc,62041,1004,0
2015,United Kingdom,25370,Amec Foster Wheeler plc,31638,1004,0
2015,United Kingdom,27461,British Airways plc,33535,1004,0
2015,United Kingdom,28611,Barclays plc,40171,1004,0
2015,United Kingdom,60581,International Banking Federation Ltd.,61673,1024,0
2015,United Kingdom,66934,Oil Companies International Marine Forum,55842,1024,0
2015,United Kingdom,143365,Spencer and Syed LLP,50200,1004,0
2015,United Kingdom,102350,Hesco Military Products Ltd.,50850,1004,0
2015,United Kingdom,110185,UC Group Ltd.,64944,1017,0
2015,Venezuela,50689,World Boxing Association,59197,1001,0
2016,United Kingdom,20225,GSK plc,34599,1004,4522000
2016,Ireland,40757,Accenture plc,33683,1004,4515000
2016,Switzerland,45939,TE Connectivity Ltd.,59043,1004,2509000
2016,Canada,308451,Canadian National Railway Co.,55243,1004,1720000
2016,Cayman Islands,198250,Alibaba Group Holding Ltd.,106981,1004,1600000
2016,Bermuda,110547,Assured Guaranty Ltd.,61236,1004,1280000
2016,Japan,297014,Toshiba Corp.,68746,1020,1280000
2016,Canada,78286,Apotex Inc.,41468,1004,1240000
2016,Ireland,196504,Trane Technologies plc,105856,1004,1189000
2016,United Kingdom,218609,Dorchester Group Ltd.,126707,1004,1120000
2016,Sweden,190663,Volvo Car Corp.,100399,1004,1100000
2016,South Korea,11132,Hyundai Motor America,35417,1004,1040000
2016,United Kingdom,112293,Lloyd's of London,51179,1017,960000
2016,South Korea,157125,Samsung Electronics Co. Ltd.,54009,1004,770000
2016,South Korea,301727,Kia Corp.,57419,1004,760000
2016,British Virgin Islands,229725,Hitomi Financial Ltd.,115328,1004,720000
2016,New Zealand,210950,Fonterra Cooperative Group Ltd.,118033,1004,700000
2016,Hong Kong,163610,China-United States Exchange Foundation,70876,1002,697993
2016,Canada,105375,TransCanada PipeLines Ltd.,37220,1004,640000
2016,Russia,217175,Gazprombank,124271,1022,600000
2016,Libya,230279,Association of Banks in Lebanon,111912,1001,580000
2016,Switzerland,226691,New European Pipeline AG,137312,1004,550000
2016,Switzerland,79352,F. Hoffmann-La Roche Ltd.,44018,1004,520000
2016,United Kingdom,91989,Alternative Investment Management Association Ltd.,60834,1001,510000
2016,Luxembourg,222945,LetterOne Holdings SA,134404,1004,440000
2016,India,266833,National Association of Software and Services Companies,36006,1024,440000
2016,Norway,165468,Equinor ASA,46604,1004,425000
2016,Norway,213102,Norwegian Air Shuttle ASA,119835,1004,420000
2016,United Kingdom,221888,TSG Interactive Services Ltd.,130342,1004,420000
2016,Germany,251631,Bayer AG,67518,1004,420000
2016,United Arab Emirates,219780,Etihad Airways PJSC,128343,1004,419000
2016,United Kingdom,227170,Aveiro LP,138045,1002,410000
2016,South Korea,105182,Federation of Korean Industries,57438,1009,400000
2016,Germany,190800,Fresenius Medical Care AG and Co. KGaA,43697,1004,400000
2016,Canada,151144,"Province of Saskatchewan, Canada",39875,1004,400000
2016,Brazil,52114,Embraer SA,39105,1004,400000
2016,Bermuda,222731,West African Land Holdings Ltd.,134316,1010,370000
2016,Germany,203143,Continental AG,39312,1004,360000
2016,Indonesia,220928,PT Sekolah Tinggi Sampoerna Internasional,129720,1007,360000
2016,Israel,154546,Rafael Advanced Defense Systems Ltd.,62196,1004,360000
2016,Switzerland,12803,Swiss Reinsurance Co. Ltd.,36971,1004,360000
2016,Russia,228714,JSC Yamal LNG,139688,1004,360000
2016,Singapore,37324,APL Ltd.,39843,1004,360000
2016,United Kingdom,136626,Martin-Baker Aircraft Co. Ltd.,51104,1004,360000
2016,Canada,18900,Electricity Canada,52083,1001,350000
2016,United Kingdom,206116,Smiths Group plc,36822,1004,340000
2016,Spain,90209,Repsol SA,39942,1027,340000
2016,United Kingdom,216441,NovoCure Ltd.,123727,1004,321000
2016,France,207673,National Council of Resistance of Iran,67129,1011,320085
2016,Germany,55354,ZF TRW Automotive Inc.,61887,1004,320000
2016,France,190762,Natixis Global Asset Management SA,100369,1004,320000
2016,Belgium,199627,SWIFT SCRL,108445,1004,310000
2016,United Kingdom,168025,Argus Media Inc.,78867,1004,300037
2016,Seychelles,225826,Asoupir Ltd.,136581,1004,300000
2016,Romania,226704,Tuca Zbarcea & Asociatii,137301,1004,290000
2016,Israel,152987,InSightec Ltd.,51604,1022,290000
2016,Cyprus,223676,Nest Investments (Holdings) Ltd.,135067,1004,280000
2016,Norway,227154,Prox Dynamics AS,116001,1004,280000
2016,Mexico,154004,CEMEX SAB de CV,68747,1004,280000
2016,United Kingdom,222338,International Game Technology plc,59650,1004,280000
2016,South Korea,110705,Samsung C&T Corp.,43762,1004,270000
2016,Germany,41256,SWK Stadtwerke Kaiserslautern GmbH,60235,1022,270000
2016,Norway,224504,DNV GL Group AS,135403,1004,264985
2016,Japan,154656,Japan Automobile Manufacturers Association Inc.,68737,1001,260000
2016,Luxembourg,65751,Intelsat SA,51837,1004,250000
2016,Australia,79502,BHP,49347,1004,250000
2016,Canada,217164,Stronach Group Inc.,124248,1004,240000
2016,Guam,104168,DFS Guam LP,56918,1004,240000
2016,Spain,222220,La Liga,130885,1015,240000
2016,Switzerland,14823,Zurich Insurance Group Ltd.,46080,1004,240000
2016,United Arab Emirates,217921,Emaar USA,125225,1004,240000
2016,United Kingdom,70436,London Stock Exchange Group plc,56834,1017,240000
2016,United Kingdom,231378,CSL Seqirus,141965,1004,235000
2016,Norway,319773,Axnes Aviation AS,39541,1004,230000
2016,Bermuda,314782,Athene Holding Ltd.,136722,1027,230000
2016,Canada,16820,Gildan Activewear Inc.,64325,1022,230000
2016,Canada,212106,Trojan Technologies Inc.,118866,1025,225000
2016,Japan,226452,Sumitomo Rubber Industries Ltd.,136919,1004,220000
2016,Switzerland,48784,"Gavi, the Vaccine Alliance",41878,1002,220000
2016,Canada,160760,In Situ Oil Sands Alliance,70155,1024,210000
2016,Canada,218699,Stars Group Inc.,126941,1004,200000
2016,Canada,137145,Potash Corp. of Saskatchewan Inc.,57637,1004,200000
2016,France,102792,AXA SA,53943,1004,200000
2016,France,152893,Comité Interprofessionnel du Vin de Champagne,44894,1027,200000
2016,"Georgia, Republic of",204453,Georgian Dream Party (Democratic Georgia),112623,1009,200000
2016,United Kingdom,21068,InterContinental Hotels Group plc,42180,1004,200000
2016,Lebanon,13804,American University of Beirut,61282,1007,197000
2016,Finland,227287,Konecranes PLC,138239,1004,190000
2016,Canada,216948,Waterton Global Resource Management Inc.,123942,1004,190000
2016,United Kingdom,80134,Shorts International,55881,1004,190000
2016,Ukraine,230353,Nuclear Energy Systems of Ukraine LLC,140926,1004,190000
2016,Liberia,218628,Commission Import Export SA,126760,1008,185000
2016,Bermuda,48728,Arch Capital Group Ltd.,49309,1004,180000
2016,France,213313,Danone SA,119948,1004,170000
2016,Japan,154102,Daikin Industries Ltd.,63836,1004,160000
2016,Australia,157994,Brambles Ltd.,72104,1025,160000
2016,Canada,101134,CPP Investments,60416,1009,160000
2016,Brazil,215695,Americas Trading Group SA,123339,1025,160000
2016,Canada,207249,Canadian International Pharmacy Association,48160,1017,160000
2016,Canada,172383,Armatec Survivability Corp.,85070,1004,160000
2016,United Arab Emirates,220041,Automotive Management Services,128868,1004,160000
2016,United Kingdom,230581,JKX Oil & Gas plc,140989,1004,160000
2016,Venezuela,343388,Petroleos de Venezuela SA,68287,1022,150000
2016,South Korea,228032,Hyundai Steel Co. Ltd.,138657,1004,150000
2016,Canada,225395,ADVANZ PHARMA Corp.,136063,1004,150000
2016,Italy,137825,Mirabella SG SpA,38881,1004,150000
2016,Ireland,193070,Shire plc,102235,1004,140000
2016,Canada,227397,PricewaterhouseCoopers LLP (Canada),138311,1004,140000
2016,United Kingdom,160838,PokerStars,70158,1027,140000
2016,Canada,137739,Chamber of Marine Commerce,57407,1001,134000
2016,El Salvador,213838,"House of the Textile, Clothing and Free Zones of El Salvador",120702,1004,130000
2016,Germany,230803,Papierfabrik August Koehler SE,141343,1004,130000
2016,Iraq,229777,International Smart Card,140503,1027,120000
2016,England,210335,Mallinckrodt plc,117476,1012,120000
2016,Germany,220244,Reiner Stemme Utility Air Systems GmbH,129134,1004,120000
2016,Italy,91925,Global Crop Diversity Trust,64292,1002,120000
2016,Japan,135623,Japan Airlines Co. Ltd.,68736,1004,120000
2016,Kuwait,254494,KGL Logistics,134256,1025,120000
2016,Mexico,136355,National Chamber of the Fishing and Aquaculture Industry (Mexico),49765,1022,120000
2016,Monaco,221681,MARSS Ltd.,129962,1015,120000
2016,Canada,62616,Greater Toronto (Canada) Airports Authority,41355,1009,120000
2016,Canada,66667,Revision Military Inc.,68754,1004,120000
2016,Canada,252315,Cameco Corp.,67993,1004,120000
2016,Canada,224613,D2L Inc.,135484,1004,120000
2016,Canada,218955,Cascade Aerospace Inc.,127711,1004,120000
2016,United Kingdom,320620,International Group of Protection and Indemnity Clubs,40588,1027,120000
2016,United Kingdom,218499,Drax Group plc,126265,1004,120000
2016,Thailand,155208,Thai Union Group PCL,71619,1004,110000
2016,China,228166,Zoomlion Heavy Industry Science and Technology Co. Ltd.,139031,1027,110000
2016,Canada,199392,Canada Steamship Lines Inc.,108242,1004,110000
2016,Italy,226804,MERMEC SpA,137549,1004,110000
2016,Canada,208093,Canadian Cattlemen's Association,42255,1001,105000
2016,Canada,178294,Norampac,98236,1004,100391
2016,Canada,156226,Resolute Forest Products,52690,1004,100000
2016,Canada,160088,Binational Softwood Lumber Council,69983,1008,100000
2016,Australia,230376,NuCoal Resources Ltd.,140925,1004,100000
2016,Saudi Arabia,229983,High Negotiations Committee,140661,1026,100000
2016,United Kingdom,215153,Trident Foundation,121531,1002,100000
2016,Afghanistan,213558,American University of Afghanistan,120295,1004,95000
2016,Canada,224408,Quebec Border Mills Committee,135302,1010,95000
2016,Canada,191455,Ontario Teachers' Pension Plan,101473,1020,90000
2016,Bangladesh,209090,Islami Bank Bangladesh plc,116852,1004,90000
2016,Canada,46437,New Flyer of America Inc.,54378,1004,90000
2016,Japan,92846,NEC Corp.,68685,1004,90000
2016,Japan,227101,American Chamber of Commerce in Japan,137957,1006,90000
2016,Lebanon,223769,M1 Group,135198,1025,90000
2016,China,171342,Huawei Technologies Investment Co. Ltd.,84806,1004,90000
2016,Hong Kong,228155,Anbang Insurance Group Co. Ltd.,139038,1004,90000
2016,Russia,64484,GML Ltd.,56815,1022,90000
2016,Turkey,227253,Roketsan,138158,1004,90000
2016,Sweden,4549,Saab AB,36725,1004,90000
2016,Singapore,217772,Stratech Systems Ltd.,125128,1004,80000
2016,Mexico,225955,HR Ratings de México SA de CV,136706,1004,80000
2016,United Arab Emirates,219985,Emirates Airlines,128708,1004,80000
2016,India,58329,Tata Consultancy Services Ltd.,36985,1017,80000
2016,Indonesia,225495,PT Louis Dreyfus Commodities Indonesia,136199,1004,80000
2016,Ireland,153297,Shannon Airport Authority (Ireland),71252,1004,80000
2016,Guam,104063,AmChams of Asia Pacific,51991,1006,80000
2016,Hong Kong,176299,D'Luxe Group Ltd.,87316,1017,80000
2016,"Congo, Democratic Republic of the",228685,Fondation Perspectives d'Avenir,139650,1002,80000
2016,France,178905,Orano SA,33611,1004,80000
2016,Jordan,228210,Capital Bank,139102,1004,80000
2016,Malaysia,148194,Association of Asia Pacific Airlines,65120,1001,80000
2016,Morocco,218813,L'Association Marocaine des Industries du Textile et de l'Habillement,127249,1004,80000
2016,Israel,204181,Nilit Ltd.,112324,1004,80000
2016,Australia,11031,Meat and Livestock Australia Ltd.,46270,1004,80000
2016,Canada,198364,Livingston International Income Fund,107150,1025,80000
2016,Canada,207381,Federal Marine Terminals Inc.,115717,1004,80000
2016,Canada,223739,NeoPollard Interactive LLC,135160,1004,80000
2016,Canada,220215,Niedner Inc.,129143,1004,80000
2016,China,251623,Nuctech Co. Ltd.,140601,1004,80000
2016,China,165437,American Chamber of Commerce in Shanghai (China),71101,1006,70000
2016,Mexico,215003,Independent University of Guadalajara (Mexico),121414,1007,70000
2016,Switzerland,233220,CSL Vifor,109516,1004,70000
2016,Italy,7951,ENI SpA,49226,1004,64000
2016,Malta,93711,King.com Ltd.,64488,1007,60000
2016,Germany,76888,Deutsche Lufthansa AG,51017,1017,60000
2016,France,225129,Edenred SE,135668,1004,60000
2016,Guatemala,67602,Central American Sugar Association,50627,1001,60000
2016,Canada,225860,Fresh Air Educators Inc.,136625,1004,60000
2016,Canada,89741,Asia Pulp and Paper Co. Ltd.,52131,1004,60000
2016,Saudi Arabia,204441,Organization of Islamic Cooperation,112604,1003,60000
2016,United Kingdom,90656,Indivior plc,39941,1004,60000
2016,United Arab Emirates,221711,American Business Group of Abu Dhabi,110273,1006,60000
2016,United Kingdom,217028,Raytheon Systems Ltd.,124043,1004,60000
2016,United Kingdom,225631,CS Global Partners,136314,1015,50000
2016,United Nations,204172,Navajo County (Ariz.) Public Works,112314,1010,50000
2016,Turkey,220142,Turkish Steel Exporters' Association,129003,1004,50000
2016,South Korea,79493,American Chamber of Commerce in Korea,61409,1006,50000
2016,Canada,209410,Commerce Resources Corp.,117178,1004,50000
2016,Canada,191780,Ucore Rare Metals Inc.,101358,1004,50000
2016,Canada,188354,Kruger Inc.,100524,1004,50000
2016,Canada,217540,West Coast Research and Management Services Inc.,124907,1004,45000
2016,Haiti,221129,GB Group SA,129806,1004,45000
2016,France,210563,ENGIE SA,52162,1004,40000
2016,Dominican Republic,213732,Latin American University (Dominican Republic),120544,1007,40000
2016,Japan,225545,Suntory Business Expert Ltd.,136184,1004,40000
2016,Ireland,223524,Workday Ltd.,134830,1004,40000
2016,Canada,210825,Top Aces Corp.,117884,1004,40000
2016,Canada,172494,Porter Airlines Inc.,85067,1017,40000
2016,Canada,169250,Catalyst Paper Corp.,79008,1004,40000
2016,Colombia,10716,Asociacion Nacional de Industriales,41175,1004,40000
2016,Canada,32214,Alliance Pipeline LP,54945,1020,40000
2016,Argentina,213586,Argentine Chamber of Biofuels,120316,1004,40000
2016,Australia,228998,Silex Systems Ltd.,139920,1004,40000
2016,Australia,204022,Rubicon Water,111930,1004,40000
2016,Bermuda,91983,RenaissanceRe Holdings Ltd.,47103,1022,40000
2016,South Africa,217185,South African Avocado Growers Association,124289,1004,40000
2016,Turkey,230894,Organik Kimya,141478,1025,40000
2016,Panama,89491,CBI Sugar Group,62550,1022,40000
2016,Peru,67665,Instituto Peruano del Espárrago y Hortalizas,47214,1024,40000
2016,Peru,225491,ProArándanos,136200,1015,40000
2016,United Kingdom,225287,StarTraq Ltd.,135871,1004,40000
2016,United Kingdom,197580,Big Bus Tours Ltd.,106255,1015,40000
2016,Switzerland,226058,Novimmune SA,136810,1004,40000
2016,United Arab Emirates,140072,Emirates Group,43464,1004,40000
2016,Saudi Arabia,55610,Middle East Council of American Chambers of Commerce,56521,1006,38000
2016,France,215753,LA Partners,123444,1004,37850
2016,Japan,147740,Institute of Cetacean Research,51720,1022,36000
2016,Azerbaijan,96398,Renaissance Associates SA,50995,1017,36000
2016,Canada,102025,Biolytical Laboratories Inc.,46729,1004,31980
2016,Australia,228530,IFM Investors Pty. Ltd.,139477,1004,30000
2016,Colombia,60603,Avantel SA,63309,1017,30000
2016,China,258945,Huawei Technologies Co. Ltd.,46599,1004,30000
2016,Canada,156993,MDA Ltd.,63693,1022,30000
2016,Canada,111296,Enerkem,49334,1004,30000
2016,Japan,230838,Kansai Paint Co. Ltd.,141409,1004,30000
2016,Ireland,220310,Horizon Therapeutics plc,129299,1004,30000
2016,Israel,179984,Terrestrial Jerusalem (Israel),98001,1020,30000
2016,Malaysia,231325,AIROD Sdn Bhd,141940,1004,30000
2016,Lebanon,229133,Fenicia Bank SAL,139992,1004,30000
2016,Kenya,221063,Aeolus Kenya Ltd.,129781,1004,30000
2016,France,203148,Citelum DC LLC,111006,1004,30000
2016,Germany,205892,Hannover Re Group,59277,1017,30000
2016,Mexico,58032,Aerovias de Mexico SA de CV,77411,1004,30000
2016,Norway,320905,DSG Technology AS,86279,1004,30000
2016,United Kingdom,138707,Tate & Lyle plc,67743,1004,30000
2016,United Kingdom,222838,GW Pharmaceuticals plc,134353,1004,30000
2016,Netherlands,43365,Friends of the Earth,56293,1020,25659
2016,Philippines,16050,Sugar Alliance of the Philippines,42103,1022,23000
2016,New Zealand,135102,Government of New Zealand,36323,1009,20000
2016,Switzerland,227213,World Intellectual Property Organization Staff Council,138105,1004,20000
2016,Switzerland,5128,Swiss Bankers Association,63142,1001,20000
2016,South Korea,177473,SK Telecom Co. Ltd.,95939,1004,20000
2016,United Kingdom,206100,International Underwriting Association of London (England),65629,1001,20000
2016,Lebanon,224652,Al-Mawarid Bank SAL,135519,1004,20000
2016,Liberia,168915,MEAB Bank SAL,79185,1022,20000
2016,Israel,227259,Mofet-Etzion Ltd.,138155,1004,20000
2016,Israel,210479,Gilad Government Relations and Lobbying,117566,1025,20000
2016,Haiti,320204,Association of Industries of Haiti,41144,1001,20000
2016,Canada,215986,Crescent Point Energy Corp.,123595,1004,15000
2016,Canada,138404,CSA Group,67572,1001,15000
2016,Canada,210470,Medicago Inc.,79263,1027,14000
2016,Canada,229669,Magnet Strategy Group,130434,1004,13000
2016,Canada,229955,Automotive Parts Manufacturers' Association,140641,1004,10000
2016,Canada,232005,ROXUL Inc.,142313,1004,10000
2016,China,229633,Fosun Industrial Holdings Ltd.,140359,1004,10000
2016,Canada,219935,Tvidia,128566,1004,10000
2016,Canada,221731,Viscount Systems Inc.,129997,1004,10000
2016,Canada,206395,Maritime Industrial Transportation Alliance,114400,1004,10000
2016,Canada,197710,Canadian Snowbird Association,106366,1004,10000
2016,Canada,81389,Brookfield Renewable Power Inc.,39669,1004,10000
2016,Belgium,13398,International Association of Professional Numismatists,46036,1001,10000
2016,Australia,228453,OceanaGold Corp.,139421,1004,10000
2016,Guam,159636,University of Guam Endowment Foundation Inc.,69879,1007,10000
2016,Germany,226460,Dynamic Solar Systems AG,136929,1004,10000
2016,Dominican Republic,69028,Universidad Central del Este,51356,1007,10000
2016,Japan,225544,Toyota Tsusho Corp.,136178,1004,10000
2016,Lesotho,167822,Lesotho Textile Exporters' Association,73439,1001,10000
2016,Lebanon,226557,Sunrise Estate Development Ltd.,137064,1004,10000
2016,United Kingdom,194514,Global Witness Ltd.,37234,1027,10000
2016,Sweden,195388,TriOptima AB,104278,1004,10000
2016,Singapore,230191,TSG Therapeutics Pte Ltd.,140813,1004,10000
2016,Somalia,137244,Government of Somalia,38957,1008,0
2016,Singapore,69465,Government of Singapore,39796,1009,0
2016,Saudi Arabia,345531,Government of Saudi Arabia,32093,1009,0
2016,Qatar,222194,Sheikh Eid Bin Mohammed al-Thani Charitable Foundation,130852,1002,0
2016,Russia,201924,Ivanyan & Partners,110293,1025,0
2016,New Zealand,180138,Beef + Lamb New Zealand Ltd.,99091,1004,0
2016,Norway,46675,High Density Devices,59333,1022,0
2016,Norway,67458,Nuclear Protection Products AS,61029,1004,0
2016,Norway,230093,Hell Arena,140744,1015,0
2016,Norway,225186,Hucon Global,135738,1004,0
2016,Norway,226885,Zaptec AS,137520,1004,0
2016,Norway,215496,AnsuR Technologies AS,122746,1004,0
2016,Spain,5474,Amadeus IT Group SA,45814,1004,0
2016,South Korea,135298,Korea International Trade Association,38704,1001,0
2016,Switzerland,47659,UBS AG,32580,1004,0
2016,Switzerland,174145,Swiss International Air Lines Ltd.,83399,1017,0
2016,Switzerland,180004,Vitol SA Inc.,98553,1004,0
2016,Switzerland,213484,Allied World Assurance Company Holdings AG,120177,1017,0
2016,Taiwan,165109,Nien Hsing Textile Co. Ltd.,72703,1004,0
2016,United Kingdom,205329,BATLaw Ltd.,113406,1004,0
2016,United Kingdom,177490,Privacy International,95958,1024,0
2016,United Kingdom,146191,Clasado Ltd.,39259,1004,0
2016,United Kingdom,149962,Hybrid Air Vehicles Ltd.,45042,1004,0
2016,United Kingdom,152952,British Bankers' Association,34379,1001,0
2016,United Arab Emirates,227084,Al Fahim Group and Zurich Capital Funds Holding,137988,1004,0
2016,United Kingdom,102350,Hesco Military Products Ltd.,50850,1004,0
2016,United Arab Emirates,201892,AmCham Middle East North Africa Regional Council,110271,1006,0
2016,United Arab Emirates,217650,Forum for Promoting Peace in Muslim Societies,125018,1025,0
2016,Ukraine,323376,Government of Ukraine,51653,1009,0
2016,United Kingdom,80628,Argon Electronics,48408,1004,0
2016,United Kingdom,80629,Aircontrol Technologies,56233,1004,0
2016,United Kingdom,80639,SELEX ELSAG SpA,58013,1017,0
2016,United Kingdom,80640,VT Group plc,39759,1017,0
2016,United Kingdom,82004,Cobham plc,62041,1004,0
2016,United Kingdom,25370,Amec Foster Wheeler plc,31638,1004,0
2016,United Kingdom,27461,British Airways plc,33535,1004,0
2016,United Kingdom,60581,International Banking Federation Ltd.,61673,1024,0
2016,United Kingdom,66934,Oil Companies International Marine Forum,55842,1024,0
2016,United Kingdom,224817,ImmuPharma plc,135603,1004,0
2016,United Kingdom,215771,Burisma Holdings Ltd.,123450,1004,0
2016,United Kingdom,225458,AstraZeneca plc,36876,1027,0
2016,United Kingdom,218834,sQuidcard Ltd.,127328,1004,0
2016,United Kingdom,219747,Cox PowerTrain Ltd.,128279,1004,0
2016,United Kingdom,225742,Middle East Petroleum (UK) Ltd.,136472,1004,0
2016,Venezuela,50689,World Boxing Association,59197,1001,0
2016,Kenya,176054,African Cotton and Textile Industries Federation,87217,1024,0
2016,Malaysia,313721,Malaysian Palm Oil Council,110316,1022,0
2016,Netherlands,80632,KLM Royal Dutch Airlines,38712,1017,0
2016,Netherlands,101611,Association of Dutch Insurers,44904,1001,0
2016,Netherlands,154720,"Anthos, the Royal Trade Association for Nursery Stock and Flower Bulbs",49154,1001,0
2016,Netherlands,226044,Fontem Ventures BV,136837,1004,0
2016,Netherlands,229865,KazMunayGas International NV,140579,1004,0
2016,Netherlands,232274,Inovo BV,121004,1015,0
2016,Malta,216183,Migrant Offshore Aid Station,123678,1024,0
2016,Marshall Islands,220468,Enewetak/Ujelang (Marshall Islands) Local Government,129439,1010,0
2016,Mauritius,14393,Mauritius Chamber of Agriculture and Mauritius Sugar Syndicate,46486,1022,0
2016,Mexico,4624,Avocado Producers of Mexico,39005,1006,0
2016,Mexico,26428,Confederation of Agricultural Associations of the State of Sinaloa,38910,1015,0
2016,Mexico,139250,Grupo Televisa SAB,57551,1004,0
2016,Luxembourg,218394,Oxford BioChronometrics,125891,1004,0
2016,Japan,229889,Japanese Conservative Union,140599,1009,0
2016,Japan,323359,All Nippon Airways Co. Ltd.,38806,1004,0
2016,Japan,211234,Panasonic Corp.,45752,1004,0
2016,Japan,6986,Japan Automobile Standards Internationalization Center,45868,1009,0
2016,Japan,10223,Japan Bank for International Cooperation,48048,1004,0
2016,Israel,213402,Kaiima Bio-Agritech Ltd.,120080,1004,0
2016,Israel,220319,Nazareth (Israel) Baptist School,129294,1007,0
2016,Israel,329873,Government of Israel,38682,1009,0
2016,Italy,94822,Novamont SpA,48587,1004,0
2016,Italy,194561,American University of Rome (Italy),103708,1007,0
2016,Dominican Republic,207581,Jean Francois Coste,115867,1004,0
2016,Ecuador,333145,Government of Ecuador,43370,1011,0
2016,Egypt,8892,International Natural Sausage Casing Association,61873,1001,0
2016,Czech Republic,230750,EU-China Economics and Politics Institute,141199,1021,0
2016,Denmark,233204,BioPorto Diagnostics AS,143242,1004,0
2016,France,195565,SeaOrbiter SAS,104247,1014,0
2016,France,202436,PREVOR,110757,1012,0
2016,Estonia,229733,Starship Technologies OU,140458,1004,0
2016,France,26837,TotalEnergies SE,53276,1004,0
2016,France,225429,Musthane,136112,1026,0
2016,Germany,80605,Rheinmetall Waffe Munition GmbH,44396,1004,0
2016,Germany,172801,Xeless GmbH,86255,1017,0
2016,Germany,173637,German Insurance Association,86438,1020,0
2016,Germany,220248,German Aerospace Center,129153,1024,0
2016,Germany,221810,Monacchia GmbH,130154,1004,0
2016,Germany,222262,OptoPrecision GmbH,133624,1004,0
2016,Germany,225218,SecureSystem GmbH,135779,1004,0
2016,Germany,226837,Bitmanagement Software GmbH,137575,1004,0
2016,Germany,231895,Bodystreet GmbH,142208,1015,0
2016,Guam,230936,American Friends of Micronesia,141530,1015,0
2016,Hong Kong,111466,Hutchison Whampoa Ltd.,41133,1022,0
2016,Ireland,212789,Glanbia plc,64005,1025,0
2016,Iraq,342328,"Government of Kurdistan, Iraq",41486,1009,0
2016,Ireland,110226,EnBIO Ltd.,56698,1022,0
2016,Iraq,226729,Nineveh Plain Protection Units,135872,1009,0
2016,India,206863,Devas Multimedia Pte. Ltd.,115199,1004,0
2016,India,211245,LT Foods Ltd.,118323,1004,0
2016,Iceland,343159,Kerecis,125221,1012,0
2016,India,49417,Carpet Export Promotion Council,76292,1022,0
2016,Australia,229937,AustralianSuper Pty. Ltd.,140633,1004,0
2016,Albania,165007,Socialist Movement for Integration (Albania),57671,1011,0
2016,Andorra,224563,Grup Immobiliari Cierco SA,135460,1004,0
2016,Azerbaijan,151362,Silk Way Holding,45390,1004,0
2016,Belgium,222501,APOPO,134263,1024,0
2016,Belgium,227195,ARCHumankind,138112,1024,0
2016,Belgium,228935,European Federation for Transport and Environment AISBL,139897,1027,0
2016,Bermuda,222580,Viking River Cruises Ltd.,134272,1004,0
2016,Bosnia and Herzegovina,217011,HDZ 1990,124022,1015,0
2016,Brazil,137507,Abicalcados,67159,1024,0
2016,Brazil,172424,Brazilian Textile and Apparel Industry Association,85058,1022,0
2016,Canada,89601,Onex Corp.,48829,1004,0
2016,Canada,105485,FieldTurf Tarkett Inc.,56882,1004,0
2016,Canada,107891,Bombardier Recreational Products,57755,1004,0
2016,Canada,143749,Canadian Association of Defence and Security Industries,65095,1001,0
2016,Canada,152570,Vancouver (Canada) International Airport Authority,50417,1010,0
2016,Canada,138064,"Grey, Clark, Shih & Associates Ltd.",67424,1017,0
2016,Canada,137322,Canadian Association of Petroleum Producers,52075,1001,0
2016,Canada,27025,NAV Canada,51871,1022,0
2016,Brazil,224836,Suzano Pulp and Paper,135590,1004,0
2016,Brazil,345577,Brazilian Sugarcane Industry Association,53348,1016,0
2016,Canada,5583,J.D. Irving Ltd.,41132,1004,0
2016,Canada,9717,Iogen Corp.,37486,1004,0
2016,Canada,50759,BlackBerry Ltd.,39684,1004,0
2016,Canada,55191,Irving Oil Ltd.,53831,1004,0
2016,Canada,79371,Barrick Mining Corp.,34275,1004,0
2016,Canada,80312,Aeroports de Montreal (Canada),61623,1004,0
2016,Canada,80858,Fairfax Financial Holdings Ltd.,68765,1017,0
2016,Canada,80975,Agrium Inc.,58207,1004,0
2016,Canada,190673,A.C.E. Consulting,100472,1017,0
2016,Canada,178633,Cooke Aquaculture Inc.,98417,1004,0
2016,Canada,160248,PSP Investments,70020,1025,0
2016,Canada,171818,S.M. Group International Inc.,84904,1017,0
2016,Canada,175853,Manitoba Hydro Corp.,87133,1010,0
2016,Canada,213396,Association of Canadian Port Authorities,120088,1020,0
2016,Canada,218382,Ontario Municipal Employees Retirement System,125769,1025,0
2016,Canada,208647,Investment Industry Association of Canada,116237,1020,0
2016,Canada,203128,Business Council of Canada,111008,1004,0
2016,Canada,205402,Capital Power Corp.,113543,1004,0
2016,Canada,222052,NXT Energy Solutions Inc.,130658,1027,0
2016,Canada,222152,RailTerm,130811,1004,0
2016,Canada,222575,Irving Paper Ltd.,134285,1004,0
2016,Canada,223642,MedAvail Technologies Inc.,135022,1012,0
2016,Canada,220216,Sanexen Environmental Services Inc.,129133,1004,0
2016,Canada,219893,FLYHT Aerospace Solutions Ltd.,128561,1004,0
2016,Canada,224487,SecureKey Technologies Inc.,135368,1004,0
2016,Canada,224913,Canpro Investments Ltd.,135621,1004,0
2016,Colombia,201678,Colombian Sugar Cane Growers Association,110114,1017,0
2016,Colombia,206799,Federation of Rice Producers of Colombia,115144,1024,0
2016,Canada,231197,Matériaux Blanchet Inc.,141840,1004,0
2016,Canada,228278,Redlen Technologies Inc.,139171,1027,0
2016,Canada,228687,Romios Gold Resources Inc.,139644,1004,0
2017,United Kingdom,20225,GSK plc,34599,1004,5140000
2017,Ireland,40757,Accenture plc,33683,1004,4799000
2017,Switzerland,45939,TE Connectivity Ltd.,59043,1004,2840000
2017,Cayman Islands,198250,Alibaba Group Holding Ltd.,106981,1004,2670000
2017,Sweden,190663,Volvo Car Corp.,100399,1004,1450000
2017,Switzerland,270682,Nord Stream 2 AG,144925,1004,1450000
2017,Canada,308451,Canadian National Railway Co.,55243,1004,1390000
2017,Ireland,196504,Trane Technologies plc,105856,1004,1352000
2017,Japan,297014,Toshiba Corp.,68746,1020,1270000
2017,Canada,105375,TransCanada PipeLines Ltd.,37220,1004,1210000
2017,South Korea,11132,Hyundai Motor America,35417,1004,1170000
2017,Libya,230279,Association of Banks in Lebanon,111912,1001,1090000
2017,Bermuda,110547,Assured Guaranty Ltd.,61236,1004,1035000
2017,South Korea,157125,Samsung Electronics Co. Ltd.,54009,1004,1010000
2017,Germany,251631,Bayer AG,67518,1004,900000
2017,Canada,78286,Apotex Inc.,41468,1004,900000
2017,Bermuda,314782,Athene Holding Ltd.,136722,1027,820000
2017,South Korea,301727,Kia Corp.,57419,1004,760000
2017,United Kingdom,112293,Lloyd's of London,51179,1017,760000
2017,United Kingdom,231378,CSL Seqirus,141965,1004,755000
2017,Hong Kong,163610,China-United States Exchange Foundation,70876,1002,650000
2017,India,233118,Glenmark Pharmaceuticals Ltd.,143234,1017,602000
2017,Ukraine,231348,National Reforms Council of Ukraine,141947,1011,600000
2017,Norway,165468,Equinor ASA,46604,1004,580000
2017,Canada,218699,Stars Group Inc.,126941,1004,530000
2017,United Kingdom,206116,Smiths Group plc,36822,1004,520000
2017,United Kingdom,218609,Dorchester Group Ltd.,126707,1004,520000
2017,Switzerland,79352,F. Hoffmann-La Roche Ltd.,44018,1004,514476
2017,France,213313,Danone SA,119948,1004,510000
2017,Brazil,52114,Embraer SA,39105,1004,510000
2017,United Kingdom,91989,Alternative Investment Management Association Ltd.,60834,1001,500000
2017,Australia,79502,BHP,49347,1004,470000
2017,India,266833,National Association of Software and Services Companies,36006,1024,440000
2017,Luxembourg,222945,LetterOne Holdings SA,134404,1004,440000
2017,Singapore,37324,APL Ltd.,39843,1004,420000
2017,Malaysia,231325,AIROD Sdn Bhd,141940,1004,400000
2017,Canada,151144,"Province of Saskatchewan, Canada",39875,1004,400000
2017,Austria,234557,voestalpine Tubulars GmbH & Co. KG,143986,1004,380000
2017,Germany,203143,Continental AG,39312,1004,360000
2017,United Kingdom,136626,Martin-Baker Aircraft Co. Ltd.,51104,1004,360000
2017,Norway,213102,Norwegian Air Shuttle ASA,119835,1004,350000
2017,Luxembourg,65751,Intelsat SA,51837,1004,350000
2017,Canada,17785,Bombardier Inc.,34341,1004,350000
2017,Romania,226704,Tuca Zbarcea & Asociatii,137301,1004,340000
2017,United Kingdom,216441,NovoCure Ltd.,123727,1004,332000
2017,Thailand,155208,Thai Union Group PCL,71619,1004,330000
2017,Belgium,199627,SWIFT SCRL,108445,1004,330000
2017,United Kingdom,222338,International Game Technology plc,59650,1004,320000
2017,Germany,55354,ZF TRW Automotive Inc.,61887,1004,320000
2017,France,190762,Natixis Global Asset Management SA,100369,1004,320000
2017,Germany,230803,Papierfabrik August Koehler SE,141343,1004,320000
2017,Germany,190800,Fresenius Medical Care AG and Co. KGaA,43697,1004,310000
2017,Switzerland,243750,Starr International Co. Inc.,147064,1004,310000
2017,Switzerland,12803,Swiss Reinsurance Co. Ltd.,36971,1004,310000
2017,United Kingdom,161149,International Marine Contractors Association,70300,1001,300000
2017,Mexico,259352,Consejo Coordinador Empresarial,144073,1009,290000
2017,Australia,228530,IFM Investors Pty. Ltd.,139477,1004,290000
2017,Canada,233247,National Public Relations,143290,1017,290000
2017,Canada,212106,Trojan Technologies Inc.,118866,1025,285000
2017,Ukraine,230353,Nuclear Energy Systems of Ukraine LLC,140926,1004,280000
2017,Germany,41256,SWK Stadtwerke Kaiserslautern GmbH,60235,1022,270000
2017,Mexico,154004,CEMEX SAB de CV,68747,1004,270000
2017,Bermuda,232940,Rendeavour Holding Ltd.,143081,1004,270000
2017,Canada,18900,Electricity Canada,52083,1001,260000
2017,Ukraine,235327,Amatex Capital,144511,1004,255000
2017,United Arab Emirates,217921,Emaar USA,125225,1004,240000
2017,United Kingdom,70436,London Stock Exchange Group plc,56834,1017,240000
2017,Japan,154656,Japan Automobile Manufacturers Association Inc.,68737,1001,240000
2017,France,207673,National Council of Resistance of Iran,67129,1011,240000
2017,Guam,104168,DFS Guam LP,56918,1004,240000
2017,Canada,217164,Stronach Group Inc.,124248,1004,240000
2017,China,238615,Jinghua Rizhao Steel Holding Group Co. Ltd.,145481,1004,230000
2017,United Arab Emirates,219780,Etihad Airways PJSC,128343,1004,227500
2017,United Kingdom,221888,TSG Interactive Services Ltd.,130342,1004,225000
2017,Israel,152987,InSightec Ltd.,51604,1022,220000
2017,Mexico,154400,América Móvil SAB de CV,70879,1004,220000
2017,Australia,230376,NuCoal Resources Ltd.,140925,1004,220000
2017,Canada,160760,In Situ Oil Sands Alliance,70155,1024,220000
2017,Japan,226452,Sumitomo Rubber Industries Ltd.,136919,1004,210000
2017,Vietnam,241054,Sun Group Inc.,146090,1004,210000
2017,Norway,319773,Axnes Aviation AS,39541,1004,205000
2017,Norway,224504,DNV GL Group AS,135403,1004,201110
2017,South Korea,105182,Federation of Korean Industries,57438,1009,200000
2017,United Kingdom,21068,InterContinental Hotels Group plc,42180,1004,200000
2017,Spain,222220,La Liga,130885,1015,200000
2017,Switzerland,48784,"Gavi, the Vaccine Alliance",41878,1002,200000
2017,Israel,154546,Rafael Advanced Defense Systems Ltd.,62196,1004,200000
2017,Ireland,193070,Shire plc,102235,1004,200000
2017,France,152893,Comité Interprofessionnel du Vin de Champagne,44894,1027,200000
2017,Canada,137739,Chamber of Marine Commerce,57407,1001,200000
2017,Canada,16820,Gildan Activewear Inc.,64325,1022,200000
2017,Cyprus,223676,Nest Investments (Holdings) Ltd.,135067,1004,200000
2017,United Kingdom,168025,Argus Media Inc.,78867,1004,196000
2017,United Arab Emirates,220041,Automotive Management Services,128868,1004,190000
2017,Switzerland,233220,CSL Vifor,109516,1004,190000
2017,British Virgin Islands,229725,Hitomi Financial Ltd.,115328,1004,190000
2017,Bermuda,48728,Arch Capital Group Ltd.,49309,1004,180000
2017,China,234751,HNA Group Co. Ltd.,144097,1004,180000
2017,Iraq,229777,International Smart Card,140503,1027,180000
2017,Lebanon,13804,American University of Beirut,61282,1007,180000
2017,New Zealand,210950,Fonterra Cooperative Group Ltd.,118033,1004,175000
2017,Russia,190608,Mobile TeleSystems OJSC,100119,1004,170000
2017,Mexico,136355,National Chamber of the Fishing and Aquaculture Industry (Mexico),49765,1022,170000
2017,China,239100,China Dawn Garment (Dalian) Co. Ltd.,145715,1004,170000
2017,Australia,137929,Qantas Airways Ltd.,67365,1004,170000
2017,Nicaragua,238405,American Chamber of Commerce of Nicaragua,145390,1004,167000
2017,United Kingdom,217028,Raytheon Systems Ltd.,124043,1004,160000
2017,Japan,154102,Daikin Industries Ltd.,63836,1004,160000
2017,Italy,137825,Mirabella SG SpA,38881,1004,160000
2017,Australia,157994,Brambles Ltd.,72104,1025,160000
2017,Canada,207249,Canadian International Pharmacy Association,48160,1017,160000
2017,Canada,208093,Canadian Cattlemen's Association,42255,1001,160000
2017,Canada,172383,Armatec Survivability Corp.,85070,1004,160000
2017,Canada,107891,Bombardier Recreational Products,57755,1004,150000
2017,Canada,137145,Potash Corp. of Saskatchewan Inc.,57637,1004,150000
2017,Canada,137322,Canadian Association of Petroleum Producers,52075,1001,150000
2017,Liberia,203597,Bank of Beirut sal,111156,1009,150000
2017,Haiti,320204,Association of Industries of Haiti,41144,1001,150000
2017,United Kingdom,222826,Aptiv plc,134357,1004,150000
2017,United Kingdom,80134,Shorts International,55881,1004,150000
2017,Spain,90209,Repsol SA,39942,1027,150000
2017,United Kingdom,227170,Aveiro LP,138045,1002,150000
2017,Canada,46437,New Flyer of America Inc.,54378,1004,148000
2017,Canada,234161,Tomlinson Group,143681,1004,140000
2017,United Kingdom,245299,Life Molecular Imaging Ltd.,148070,1004,140000
2017,Norway,227154,Prox Dynamics AS,116001,1004,140000
2017,England,210335,Mallinckrodt plc,117476,1012,140000
2017,Japan,92846,NEC Corp.,68685,1004,140000
2017,Japan,135623,Japan Airlines Co. Ltd.,68736,1004,131205
2017,Russia,217002,Novatek PJSC,124014,1004,130000
2017,Russia,64484,GML Ltd.,56815,1022,130000
2017,Canada,191455,Ontario Teachers' Pension Plan,101473,1020,130000
2017,Canada,224408,Quebec Border Mills Committee,135302,1010,130000
2017,Canada,224613,D2L Inc.,135484,1004,120000
2017,Canada,218955,Cascade Aerospace Inc.,127711,1004,120000
2017,Canada,62616,Greater Toronto (Canada) Airports Authority,41355,1009,120000
2017,Canada,89601,Onex Corp.,48829,1004,120000
2017,Canada,160088,Binational Softwood Lumber Council,69983,1008,120000
2017,Bermuda,91983,RenaissanceRe Holdings Ltd.,47103,1022,120000
2017,Austria,232302,Avita Medical Inc.,142634,1004,120000
2017,Norway,320905,DSG Technology AS,86279,1004,120000
2017,Russia,228714,JSC Yamal LNG,139688,1004,120000
2017,Spain,234615,Cosentino SAU,144021,1004,120000
2017,Taiwan,237702,Universal Impression Co. Ltd.,144978,1027,120000
2017,Turkey,227253,Roketsan,138158,1004,120000
2017,United Kingdom,218499,Drax Group plc,126265,1004,120000
2017,Italy,91925,Global Crop Diversity Trust,64292,1002,120000
2017,Japan,230838,Kansai Paint Co. Ltd.,141409,1004,120000
2017,Ireland,220310,Horizon Therapeutics plc,129299,1004,120000
2017,Germany,220244,Reiner Stemme Utility Air Systems GmbH,129134,1004,120000
2017,Guam,104063,AmChams of Asia Pacific,51991,1006,120000
2017,India,58329,Tata Consultancy Services Ltd.,36985,1017,110000
2017,Denmark,343429,Bavarian Nordic AS,68750,1004,110000
2017,Switzerland,241760,ARETI International Group,146481,1003,110000
2017,Canada,101134,CPP Investments,60416,1009,110000
2017,Canada,66667,Revision Military Inc.,68754,1004,110000
2017,Canada,239499,Liberty Health Sciences Inc.,145821,1004,110000
2017,Canada,156226,Resolute Forest Products,52690,1004,107000
2017,Canada,105254,TD Bank Financial Group,40073,1004,100000
2017,Canada,234449,General Fusion Inc.,143925,1004,100000
2017,Canada,227397,PricewaterhouseCoopers LLP (Canada),138311,1004,100000
2017,Canada,191780,Ucore Rare Metals Inc.,101358,1004,100000
2017,Canada,199392,Canada Steamship Lines Inc.,108242,1004,100000
2017,South Korea,238934,Hyosung Corp.,145589,1004,100000
2017,France,210563,ENGIE SA,52162,1004,100000
2017,Iraq,234266,Anwar Soura General Contracting Co. Ltd.,143776,1004,100000
2017,Greece,238989,Seamar Management SA,145665,1004,100000
2017,Canada,232251,Medisca Inc.,142501,1004,95000
2017,Canada,102025,Biolytical Laboratories Inc.,46729,1004,92800
2017,Canada,178294,Norampac,98236,1004,92298
2017,Bermuda,222731,West African Land Holdings Ltd.,134316,1010,90000
2017,Canada,234787,Consumer Health Products Canada,144145,1004,90000
2017,Croatia,241450,Bosnia and Herzegovina Democracy Initiative,146289,1009,90000
2017,South Korea,110705,Samsung C&T Corp.,43762,1004,90000
2017,United Arab Emirates,219985,Emirates Airlines,128708,1004,80000
2017,United Kingdom,191009,Inmarsat plc,101145,1004,80000
2017,Guatemala,67602,Central American Sugar Association,50627,1001,80000
2017,Indonesia,225495,PT Louis Dreyfus Commodities Indonesia,136199,1004,80000
2017,Iraq,342328,"Government of Kurdistan, Iraq",41486,1009,80000
2017,Ireland,153297,Shannon Airport Authority (Ireland),71252,1004,80000
2017,Hong Kong,176299,D'Luxe Group Ltd.,87316,1017,80000
2017,France,235505,Laboratoire HRA Pharma,144560,1004,80000
2017,Israel,233423,Nexar Ltd.,143350,1004,80000
2017,Liberia,218628,Commission Import Export SA,126760,1008,80000
2017,Mexico,225955,HR Ratings de México SA de CV,136706,1004,80000
2017,Malta,93711,King.com Ltd.,64488,1007,80000
2017,Malaysia,148194,Association of Asia Pacific Airlines,65120,1001,80000
2017,United Kingdom,230581,JKX Oil & Gas plc,140989,1004,80000
2017,China,165437,American Chamber of Commerce in Shanghai (China),71101,1006,80000
2017,Canada,252315,Cameco Corp.,67993,1004,80000
2017,Canada,198364,Livingston International Income Fund,107150,1025,80000
2017,Canada,207381,Federal Marine Terminals Inc.,115717,1004,80000
2017,Canada,223739,NeoPollard Interactive LLC,135160,1004,80000
2017,Australia,11031,Meat and Livestock Australia Ltd.,46270,1004,80000
2017,Argentina,213586,Argentine Chamber of Biofuels,120316,1004,80000
2017,Afghanistan,213558,American University of Afghanistan,120295,1004,80000
2017,Australia,228998,Silex Systems Ltd.,139920,1004,70000
2017,Canada,81389,Brookfield Renewable Power Inc.,39669,1004,70000
2017,Israel,225384,Netafim Ltd.,136042,1004,70000
2017,Japan,229889,Japanese Conservative Union,140599,1009,70000
2017,Saudi Arabia,229983,High Negotiations Committee,140661,1026,70000
2017,Netherlands,234905,myTomorrows,144216,1004,70000
2017,Monaco,221681,MARSS Ltd.,129962,1015,60000
2017,Peru,67665,Instituto Peruano del Espárrago y Hortalizas,47214,1024,60000
2017,Peru,225491,ProArándanos,136200,1015,60000
2017,United Kingdom,138707,Tate & Lyle plc,67743,1004,60000
2017,United Arab Emirates,221711,American Business Group of Abu Dhabi,110273,1006,60000
2017,Sweden,4549,Saab AB,36725,1004,60000
2017,Kuwait,254494,KGL Logistics,134256,1025,60000
2017,France,225129,Edenred SE,135668,1004,60000
2017,France,102792,AXA SA,53943,1004,60000
2017,Greece,232626,Dorelita Ltd.,142880,1004,60000
2017,United Kingdom,231974,Ultra Electronics Holdings plc,68759,1027,60000
2017,Canada,47647,Suncor Energy Inc.,77295,1004,60000
2017,Canada,220216,Sanexen Environmental Services Inc.,129133,1004,60000
2017,Canada,232185,AdvanTec Global Innovations,142461,1004,60000
2017,Denmark,233204,BioPorto Diagnostics AS,143242,1004,60000
2017,Italy,7951,ENI SpA,49226,1004,52000
2017,Liberia,241924,Africell Holding SAL,146598,1004,50000
2017,Germany,237717,Uniper SE,144998,1004,50000
2017,United Arab Emirates,231705,SKA International Group,142091,1004,50000
2017,Russia,217175,Gazprombank,124271,1022,50000
2017,Netherlands,90815,Shell International BV,44096,1004,50000
2017,Netherlands,237722,Wintershall Dea Nederland Transport and Trading BV,145000,1004,50000
2017,Nigeria,234561,Afritec Utilities Ltd.,143997,1004,50000
2017,China,171342,Huawei Technologies Investment Co. Ltd.,84806,1004,50000
2017,Canada,235652,Communitech Corp.,144623,1017,50000
2017,Canada,225860,Fresh Air Educators Inc.,136625,1004,50000
2017,Canada,216948,Waterton Global Resource Management Inc.,123942,1004,50000
2017,Canada,207118,Resverlogix Corp.,115424,1004,50000
2017,Canada,107875,Nordion (Canada) Inc.,48328,1004,50000
2017,Austria,226695,OMV AG,137309,1004,50000
2017,Belgium,136012,SCK-CEN,67123,1002,50000
2017,Bermuda,241922,Third Point Reinsurance Ltd.,146590,1004,50000
2017,Luxembourg,238774,Sofidra SA,145547,1004,45000
2017,United Nations,204172,Navajo County (Ariz.) Public Works,112314,1010,45000
2017,United Kingdom,320620,International Group of Protection and Indemnity Clubs,40588,1027,40000
2017,United Kingdom,232450,Aquanovis Ltd.,142728,1004,40000
2017,Japan,227101,American Chamber of Commerce in Japan,137957,1006,40000
2017,France,178905,Orano SA,33611,1004,40000
2017,France,235677,Constellium Paris,144621,1004,40000
2017,Germany,76888,Deutsche Lufthansa AG,51017,1017,40000
2017,Netherlands,242042,Booking.com BV,146643,1017,40000
2017,Saudi Arabia,55610,Middle East Council of American Chambers of Commerce,56521,1006,40000
2017,South Korea,79493,American Chamber of Commerce in Korea,61409,1006,40000
2017,Panama,89491,CBI Sugar Group,62550,1022,40000
2017,Canada,197710,Canadian Snowbird Association,106366,1004,40000
2017,Canada,238981,SOTI Inc.,145663,1004,40000
2017,China,149879,American Chamber of Commerce in the People’s Republic of China,50597,1006,40000
2017,Colombia,60603,Avantel SA,63309,1017,40000
2017,Australia,204022,Rubicon Water,111930,1004,40000
2017,Switzerland,233691,Organization for an International Geographical Indications Network,143448,1024,39982
2017,Canada,229669,Magnet Strategy Group,130434,1004,38000
2017,China,209237,Zhejiang Dehua TB Import and Export Co. Ltd.,117012,1004,35000
2017,Netherlands,154393,Royal Boskalis Westminster NV,51614,1017,35000
2017,South Africa,217185,South African Avocado Growers Association,124289,1004,30000
2017,Taiwan,232697,Willis Electric Co. Ltd.,142854,1004,30000
2017,France,241646,Schneider Electric SE,70984,1004,30000
2017,Iraq,234864,PAM Media,144174,1004,30000
2017,Lebanon,241891,Cedrus Bank SAL,146565,1004,30000
2017,Canada,233379,BIOX Corp.,143385,1004,30000
2017,Canada,210470,Medicago Inc.,79263,1027,28000
2017,Germany,231895,Bodystreet GmbH,142208,1015,28000
2017,Japan,147740,Institute of Cetacean Research,51720,1022,27000
2017,United Kingdom,237358,Remote Diagnostic Technologies Ltd.,144816,1004,27000
2017,United Kingdom,238081,TheCityUK,145198,1004,26200
2017,Israel,204181,Nilit Ltd.,112324,1004,20000
2017,Israel,239257,Wix.com Inc.,145758,1004,20000
2017,El Salvador,213838,"House of the Textile, Clothing and Free Zones of El Salvador",120702,1004,20000
2017,Dominican Republic,69028,Universidad Central del Este,51356,1007,20000
2017,Finland,238223,Link Motion,145274,1004,20000
2017,Mexico,58032,Aerovias de Mexico SA de CV,77411,1004,20000
2017,Netherlands,234635,Altice Inc.,139998,1027,20000
2017,Netherlands,200034,International Association of STM Publishers,109282,1001,20000
2017,Canada,205402,Capital Power Corp.,113543,1004,20000
2017,Canada,220215,Niedner Inc.,129143,1004,20000
2017,Canada,232005,ROXUL Inc.,142313,1004,20000
2017,China,258945,Huawei Technologies Co. Ltd.,46599,1004,20000
2017,Canada,9717,Iogen Corp.,37486,1004,20000
2017,Belgium,238980,European Dredging Association,145673,1001,20000
2017,Belgium,238773,"Dredging, Environmental and Marine Engineering NV",145548,1004,15000
2017,Netherlands,238772,Van Oord NV,145545,1004,15000
2017,Philippines,16050,Sugar Alliance of the Philippines,42103,1022,15000
2017,United Kingdom,225458,AstraZeneca plc,36876,1027,15000
2017,United Kingdom,247936,Teekay Shipping (UK) Ltd.,149588,1004,10000
2017,United Kingdom,238566,Cruelty Free International,145470,1004,10000
2017,United Kingdom,241899,University of Oxford St. John's College (England),146561,1007,10000
2017,Morocco,218813,L'Association Marocaine des Industries du Textile et de l'Habillement,127249,1004,10000
2017,United Arab Emirates,242258,Lapis Middle East & Africa FZ-LLC,146812,1004,10000
2017,United Kingdom,137242,Aston Martin Lagonda Ltd.,66825,1004,10000
2017,United Kingdom,93175,Children's Investment Fund  Foundation,64418,1024,10000
2017,Dominican Republic,213732,Latin American University (Dominican Republic),120544,1007,10000
2017,Ireland,242371,Avadel Pharmaceuticals PLC,146834,1012,10000
2017,Lesotho,167822,Lesotho Textile Exporters' Association,73439,1001,10000
2017,Cambodia,155833,"Textile, Apparel, Footwear and Travel Goods Association in Cambodia",40315,1001,10000
2017,Canada,5583,J.D. Irving Ltd.,41132,1004,10000
2017,Canada,32214,Alliance Pipeline LP,54945,1020,10000
2017,Canada,188354,Kruger Inc.,100524,1004,10000
2017,Canada,236078,ArcticDx Inc.,144721,1027,10000
2017,Canada,238249,Geotab Inc.,145300,1004,10000
2017,Canada,215986,Crescent Point Energy Corp.,123595,1004,10000
2017,Australia,228453,OceanaGold Corp.,139421,1004,10000
2017,Argentina,241534,YPF SA,59804,1017,10000
2017,Canada,241048,Aurinia Pharmaceuticals Inc.,146094,1004,7500
2017,Israel,179984,Terrestrial Jerusalem (Israel),98001,1020,7500
2017,Ireland,232039,Family & Life,142356,1024,7000
2017,Norway,241172,Coalition for Epidemic Preparedness Innovations,146141,1020,7000
2017,Norway,241758,Nordby Associates AS,146466,1004,0
2017,New Zealand,135102,Government of New Zealand,36323,1009,0
2017,Norway,230093,Hell Arena,140744,1015,0
2017,Norway,236881,Hy5Pros AS,144747,1004,0
2017,Norway,240844,Trollhetta AS,145975,1004,0
2017,Norway,46675,High Density Devices,59333,1022,0
2017,Norway,67458,Nuclear Protection Products AS,61029,1004,0
2017,Norway,225186,Hucon Global,135738,1004,0
2017,Norway,226885,Zaptec AS,137520,1004,0
2017,Netherlands,43365,Friends of the Earth,56293,1020,0
2017,Netherlands,80632,KLM Royal Dutch Airlines,38712,1017,0
2017,Netherlands,154720,"Anthos, the Royal Trade Association for Nursery Stock and Flower Bulbs",49154,1001,0
2017,Netherlands,101611,Association of Dutch Insurers,44904,1001,0
2017,Netherlands,226044,Fontem Ventures BV,136837,1004,0
2017,Netherlands,229865,KazMunayGas International NV,140579,1004,0
2017,Netherlands,232274,Inovo BV,121004,1015,0
2017,Qatar,222194,Sheikh Eid Bin Mohammed al-Thani Charitable Foundation,130852,1002,0
2017,Palestine,241262,Palestine Institute for Public Diplomacy,146183,1024,0
2017,Saudi Arabia,345531,Government of Saudi Arabia,32093,1009,0
2017,Russia,201924,Ivanyan & Partners,110293,1025,0
2017,Singapore,217772,Stratech Systems Ltd.,125128,1004,0
2017,Singapore,230191,TSG Therapeutics Pte Ltd.,140813,1004,0
2017,Somalia,137244,Government of Somalia,38957,1008,0
2017,South Korea,135298,Korea International Trade Association,38704,1001,0
2017,Spain,5474,Amadeus IT Group SA,45814,1004,0
2017,South Korea,177473,SK Telecom Co. Ltd.,95939,1004,0
2017,South Korea,228032,Hyundai Steel Co. Ltd.,138657,1004,0
2017,South Korea,238266,Quantum ICT Research Union,145312,1015,0
2017,United Kingdom,102350,Hesco Military Products Ltd.,50850,1004,0
2017,United Kingdom,80628,Argon Electronics,48408,1004,0
2017,United Kingdom,80629,Aircontrol Technologies,56233,1004,0
2017,United Kingdom,80639,SELEX ELSAG SpA,58013,1017,0
2017,United Kingdom,80640,VT Group plc,39759,1017,0
2017,United Kingdom,82004,Cobham plc,62041,1004,0
2017,United Kingdom,25370,Amec Foster Wheeler plc,31638,1004,0
2017,United Kingdom,27461,British Airways plc,33535,1004,0
2017,United Kingdom,60581,International Banking Federation Ltd.,61673,1024,0
2017,United Kingdom,66934,Oil Companies International Marine Forum,55842,1024,0
2017,United Kingdom,160838,PokerStars,70158,1027,0
2017,United Kingdom,177490,Privacy International,95958,1024,0
2017,United Kingdom,194514,Global Witness Ltd.,37234,1027,0
2017,United Kingdom,206100,International Underwriting Association of London (England),65629,1001,0
2017,United Kingdom,219747,Cox PowerTrain Ltd.,128279,1004,0
2017,United Kingdom,222838,GW Pharmaceuticals plc,134353,1004,0
2017,Ukraine,238754,National Interest of Ukraine,145525,1015,0
2017,Ukraine,323376,Government of Ukraine,51653,1009,0
2017,United Arab Emirates,140072,Emirates Group,43464,1004,0
2017,Taiwan,165109,Nien Hsing Textile Co. Ltd.,72703,1004,0
2017,Turkey,230894,Organik Kimya,141478,1025,0
2017,Turkey,238038,Halkbank Inc.,145148,1004,0
2017,Switzerland,174145,Swiss International Air Lines Ltd.,83399,1017,0
2017,Switzerland,211898,Ferring International Center SA,118623,1004,0
2017,Switzerland,213484,Allied World Assurance Company Holdings AG,120177,1017,0
2017,Sweden,195388,TriOptima AB,104278,1004,0
2017,Switzerland,5128,Swiss Bankers Association,63142,1001,0
2017,Spain,234986,Tabacalera SLU,144324,1004,0
2017,Ireland,223524,Workday Ltd.,134830,1004,0
2017,Ireland,212789,Glanbia plc,64005,1025,0
2017,Israel,210479,Gilad Government Relations and Lobbying,117566,1025,0
2017,Israel,240276,Autotalks Ltd.,145863,1004,0
2017,Israel,329873,Government of Israel,38682,1009,0
2017,Italy,94822,Novamont SpA,48587,1004,0
2017,Italy,232744,Studio Franchetti SRL,142919,1004,0
2017,Japan,6986,Japan Automobile Standards Internationalization Center,45868,1009,0
2017,Japan,10223,Japan Bank for International Cooperation,48048,1004,0
2017,Japan,225545,Suntory Business Expert Ltd.,136184,1004,0
2017,Liberia,168915,MEAB Bank SAL,79185,1022,0
2017,Luxembourg,153843,SES SA,68844,1004,0
2017,Luxembourg,218394,Oxford BioChronometrics,125891,1004,0
2017,Lebanon,223769,M1 Group,135198,1025,0
2017,Lebanon,224652,Al-Mawarid Bank SAL,135519,1004,0
2017,Lebanon,226557,Sunrise Estate Development Ltd.,137064,1004,0
2017,Lebanon,229133,Fenicia Bank SAL,139992,1004,0
2017,Kenya,176054,African Cotton and Textile Industries Federation,87217,1024,0
2017,Kenya,221063,Aeolus Kenya Ltd.,129781,1004,0
2017,Kenya,237584,Kenya Association of Manufacturers,144896,1009,0
2017,Marshall Islands,220468,Enewetak/Ujelang (Marshall Islands) Local Government,129439,1010,0
2017,Mauritius,14393,Mauritius Chamber of Agriculture and Mauritius Sugar Syndicate,46486,1022,0
2017,Mexico,4624,Avocado Producers of Mexico,39005,1006,0
2017,Mexico,26428,Confederation of Agricultural Associations of the State of Sinaloa,38910,1015,0
2017,Mexico,239252,SuKarne SA de CV,145762,1004,0
2017,Mexico,240933,Hassan Mansur Family,146030,1025,0
2017,Mexico,240934,Edgar and Arturo Ruiz,146031,1025,0
2017,Mexico,139250,Grupo Televisa SAB,57551,1004,0
2017,Mexico,215003,Independent University of Guadalajara (Mexico),121414,1007,0
2017,Egypt,8892,International Natural Sausage Casing Association,61873,1001,0
2017,Egypt,241640,American University in Cairo,103162,1007,0
2017,Dominican Republic,207581,Jean Francois Coste,115867,1004,0
2017,France,26837,TotalEnergies SE,53276,1004,0
2017,Estonia,229733,Starship Technologies OU,140458,1004,0
2017,France,195565,SeaOrbiter SAS,104247,1014,0
2017,"Georgia, Republic of",204453,Georgian Dream Party (Democratic Georgia),112623,1009,0
2017,France,225429,Musthane,136112,1026,0
2017,France,215753,LA Partners,123444,1004,0
2017,Germany,80605,Rheinmetall Waffe Munition GmbH,44396,1004,0
2017,Germany,172801,Xeless GmbH,86255,1017,0
2017,Germany,173637,German Insurance Association,86438,1020,0
2017,Germany,205892,Hannover Re Group,59277,1017,0
2017,Germany,222262,OptoPrecision GmbH,133624,1004,0
2017,Germany,225218,SecureSystem GmbH,135779,1004,0
2017,Germany,226460,Dynamic Solar Systems AG,136929,1004,0
2017,Germany,226837,Bitmanagement Software GmbH,137575,1004,0
2017,Guam,230936,American Friends of Micronesia,141530,1015,0
2017,Haiti,221129,GB Group SA,129806,1004,0
2017,Haiti,345582,Government of Haiti,43412,1009,0
2017,Hong Kong,111466,Hutchison Whampoa Ltd.,41133,1022,0
2017,Iraq,226729,Nineveh Plain Protection Units,135872,1009,0
2017,Ireland,110226,EnBIO Ltd.,56698,1022,0
2017,Iceland,343159,Kerecis,125221,1012,0
2017,India,49417,Carpet Export Promotion Council,76292,1022,0
2017,Indonesia,220928,PT Sekolah Tinggi Sampoerna Internasional,129720,1007,0
2017,United Kingdom,234193,Biniatta Trade LP,143739,1004,0
2017,Venezuela,50689,World Boxing Association,59197,1001,0
2017,Venezuela,343388,Petroleos de Venezuela SA,68287,1022,0
2017,Canada,241776,Hydro One Ltd.,146484,1004,0
2017,Canada,233229,Fortuna Fix,143304,1015,0
2017,Colombia,206799,Federation of Rice Producers of Colombia,115144,1024,0
2017,"Congo, Democratic Republic of the",228685,Fondation Perspectives d'Avenir,139650,1002,0
2017,China,104065,American Chamber of Commerce in Hong Kong,61935,1004,0
2017,China,240722,Oriental Fortune Investment Ltd.,145957,1004,0
2017,China,251623,Nuctech Co. Ltd.,140601,1004,0
2017,Canada,218382,Ontario Municipal Employees Retirement System,125769,1025,0
2017,Canada,221731,Viscount Systems Inc.,129997,1004,0
2017,Canada,222052,NXT Energy Solutions Inc.,130658,1027,0
2017,Canada,219935,Tvidia,128566,1004,0
2017,Canada,224913,Canpro Investments Ltd.,135621,1004,0
2017,Canada,229955,Automotive Parts Manufacturers' Association,140641,1004,0
2017,Canada,231197,Matériaux Blanchet Inc.,141840,1004,0
2017,Canada,206395,Maritime Industrial Transportation Alliance,114400,1004,0
2017,Canada,203128,Business Council of Canada,111008,1004,0
2017,Canada,210825,Top Aces Corp.,117884,1004,0
2017,Canada,213396,Association of Canadian Port Authorities,120088,1020,0
2017,Canada,209410,Commerce Resources Corp.,117178,1004,0
2017,Canada,190673,A.C.E. Consulting,100472,1017,0
2017,Canada,178633,Cooke Aquaculture Inc.,98417,1004,0
2017,Canada,172494,Porter Airlines Inc.,85067,1017,0
2017,Canada,175853,Manitoba Hydro Corp.,87133,1010,0
2017,Canada,169250,Catalyst Paper Corp.,79008,1004,0
2017,Canada,171818,S.M. Group International Inc.,84904,1017,0
2017,Canada,160248,PSP Investments,70020,1025,0
2017,Canada,152570,Vancouver (Canada) International Airport Authority,50417,1010,0
2017,Canada,89741,Asia Pulp and Paper Co. Ltd.,52131,1004,0
2017,Canada,55191,Irving Oil Ltd.,53831,1004,0
2017,Canada,79371,Barrick Mining Corp.,34275,1004,0
2017,Canada,80312,Aeroports de Montreal (Canada),61623,1004,0
2017,Canada,80858,Fairfax Financial Holdings Ltd.,68765,1017,0
2017,Canada,27025,NAV Canada,51871,1022,0
2017,Bermuda,222580,Viking River Cruises Ltd.,134272,1004,0
2017,Brazil,137507,Abicalcados,67159,1024,0
2017,Brazil,215695,Americas Trading Group SA,123339,1025,0
2017,Brazil,345577,Brazilian Sugarcane Industry Association,53348,1016,0
2017,Belgium,222501,APOPO,134263,1024,0
2017,Belgium,227195,ARCHumankind,138112,1024,0
2017,Belgium,228935,European Federation for Transport and Environment AISBL,139897,1027,0
2017,Azerbaijan,96398,Renaissance Associates SA,50995,1017,0
2017,Belgium,13398,International Association of Professional Numismatists,46036,1001,0
2017,Albania,165007,Socialist Movement for Integration (Albania),57671,1011,0
2017,Andorra,224563,Grup Immobiliari Cierco SA,135460,1004,0
2018,United Kingdom,20225,GSK plc,34599,1004,5710000
2018,Ireland,40757,Accenture plc,33683,1004,4906000
2018,Cayman Islands,198250,Alibaba Group Holding Ltd.,106981,1004,3460000
2018,Switzerland,45939,TE Connectivity Ltd.,59043,1004,2640000
2018,Sweden,190663,Volvo Car Corp.,100399,1004,1895000
2018,Switzerland,270682,Nord Stream 2 AG,144925,1004,1760000
2018,Bermuda,314782,Athene Holding Ltd.,136722,1027,1670000
2018,Canada,78286,Apotex Inc.,41468,1004,1560000
2018,Turkey,238038,Halkbank Inc.,145148,1004,1470000
2018,Canada,308451,Canadian National Railway Co.,55243,1004,1340000
2018,Canada,105375,TransCanada PipeLines Ltd.,37220,1004,1280000
2018,South Korea,11132,Hyundai Motor America,35417,1004,1210000
2018,Ireland,196504,Trane Technologies plc,105856,1004,1120000
2018,Bermuda,110547,Assured Guaranty Ltd.,61236,1004,880000
2018,India,233118,Glenmark Pharmaceuticals Ltd.,143234,1017,842000
2018,South Korea,301727,Kia Corp.,57419,1004,840000
2018,United Kingdom,231378,CSL Seqirus,141965,1004,810000
2018,United Kingdom,112293,Lloyd's of London,51179,1017,740000
2018,India,266833,National Association of Software and Services Companies,36006,1024,730000
2018,Cayman Islands,288963,Port Fund LP,152631,1027,719500
2018,Japan,297014,Toshiba Corp.,68746,1020,663333
2018,United Kingdom,91989,Alternative Investment Management Association Ltd.,60834,1001,660000
2018,Libya,230279,Association of Banks in Lebanon,111912,1001,630000
2018,Mexico,154400,América Móvil SAB de CV,70879,1004,610000
2018,Belgium,246740,European Jewish Congress,149418,1020,596664
2018,Switzerland,79352,F. Hoffmann-La Roche Ltd.,44018,1004,572279
2018,China,238615,Jinghua Rizhao Steel Holding Group Co. Ltd.,145481,1004,560000
2018,Singapore,37324,APL Ltd.,39843,1004,500000
2018,Hong Kong,163610,China-United States Exchange Foundation,70876,1002,482000
2018,Brazil,52114,Embraer SA,39105,1004,480000
2018,Luxembourg,104209,SPI Group SARL,54033,1004,470000
2018,Germany,251631,Bayer AG,67518,1004,450000
2018,Luxembourg,222945,LetterOne Holdings SA,134404,1004,440000
2018,China,255802,Zhongxing Telecommunications Equipment Corp.,54011,1004,430000
2018,South Korea,157125,Samsung Electronics Co. Ltd.,54009,1004,420000
2018,Kuwait,254494,KGL Logistics,134256,1025,410000
2018,United Kingdom,191009,Inmarsat plc,101145,1004,410000
2018,France,255643,Unibail-Rodamco-Westfield SE,155495,1025,405000
2018,Canada,151144,"Province of Saskatchewan, Canada",39875,1004,400000
2018,Mexico,259352,Consejo Coordinador Empresarial,144073,1009,400000
2018,United Kingdom,206116,Smiths Group plc,36822,1004,390000
2018,United Kingdom,245299,Life Molecular Imaging Ltd.,148070,1004,390000
2018,Canada,188354,Kruger Inc.,100524,1004,390000
2018,Egypt,45539,ARTOC Group for Investment and Development,56449,1004,380000
2018,United Kingdom,136626,Martin-Baker Aircraft Co. Ltd.,51104,1004,360000
2018,Liberia,241924,Africell Holding SAL,146598,1004,350000
2018,Qatar,245677,Qatar National Human Rights Committee,148593,1015,344970
2018,South Korea,238934,Hyosung Corp.,145589,1004,340000
2018,Ukraine,245563,DeVision Group,148420,1004,340000
2018,United Kingdom,216441,NovoCure Ltd.,123727,1004,330000
2018,Belgium,199627,SWIFT SCRL,108445,1004,330000
2018,Germany,55354,ZF TRW Automotive Inc.,61887,1004,320000
2018,India,58329,Tata Consultancy Services Ltd.,36985,1017,310000
2018,Canada,153058,Teck Resources Ltd.,71203,1004,310000
2018,Egypt,248989,ARTOC Auto,151053,1004,300000
2018,United Kingdom,221888,TSG Interactive Services Ltd.,130342,1004,300000
2018,South Korea,343306,POSCO,38860,1004,300000
2018,Somalia,137244,Government of Somalia,38957,1008,290000
2018,Luxembourg,65751,Intelsat SA,51837,1004,290000
2018,Bermuda,245819,Central European Media Enterprises Ltd.,148830,1022,290000
2018,Germany,203143,Continental AG,39312,1004,280000
2018,Russia,245992,Alexander Skorobogatko and Alexander Ponomarenko,149063,1004,280000
2018,Ukraine,230353,Nuclear Energy Systems of Ukraine LLC,140926,1004,280000
2018,Switzerland,48784,"Gavi, the Vaccine Alliance",41878,1002,280000
2018,Switzerland,12803,Swiss Reinsurance Co. Ltd.,36971,1004,280000
2018,France,190762,Natixis Global Asset Management SA,100369,1004,275000
2018,Canada,252315,Cameco Corp.,67993,1004,270000
2018,Austria,234557,voestalpine Tubulars GmbH & Co. KG,143986,1004,270000
2018,Norway,224504,DNV GL Group AS,135403,1004,270000
2018,United Kingdom,218609,Dorchester Group Ltd.,126707,1004,260000
2018,Ghana,245381,CH Group Inc.,148192,1004,260000
2018,Iraq,342328,"Government of Kurdistan, Iraq",41486,1009,260000
2018,Germany,190800,Fresenius Medical Care AG and Co. KGaA,43697,1004,250000
2018,"Georgia, Republic of",252524,Silk Road Group SA,153512,1004,250000
2018,United Kingdom,161149,International Marine Contractors Association,70300,1001,250000
2018,Mexico,158255,Deacero SAPI de CV,52203,1004,250000
2018,Japan,245090,Mizuho Bank Ltd.,147797,1004,250000
2018,South Korea,228032,Hyundai Steel Co. Ltd.,138657,1004,250000
2018,Saudi Arabia,345531,Government of Saudi Arabia,32093,1009,250000
2018,Netherlands,242042,Booking.com BV,146643,1017,240000
2018,Norway,319773,Axnes Aviation AS,39541,1004,240000
2018,United Kingdom,70436,London Stock Exchange Group plc,56834,1017,240000
2018,France,207673,National Council of Resistance of Iran,67129,1011,240000
2018,Guam,104168,DFS Guam LP,56918,1004,240000
2018,Japan,154656,Japan Automobile Manufacturers Association Inc.,68737,1001,240000
2018,Bermuda,232940,Rendeavour Holding Ltd.,143081,1004,240000
2018,Canada,232251,Medisca Inc.,142501,1004,235000
2018,Nicaragua,238405,American Chamber of Commerce of Nicaragua,145390,1004,233000
2018,Switzerland,245567,ZHS IP Americas SARL,148386,1027,230000
2018,Canada,198364,Livingston International Income Fund,107150,1025,230000
2018,Japan,153625,SoftBank Group Corp.,71296,1004,225000
2018,Lebanon,13804,American University of Beirut,61282,1007,222000
2018,Norway,165468,Equinor ASA,46604,1004,220000
2018,United Kingdom,247936,Teekay Shipping (UK) Ltd.,149588,1004,220000
2018,Australia,230376,NuCoal Resources Ltd.,140925,1004,220000
2018,Australia,228530,IFM Investors Pty. Ltd.,139477,1004,210000
2018,Australia,137929,Qantas Airways Ltd.,67365,1004,200000
2018,Canada,16820,Gildan Activewear Inc.,64325,1022,200000
2018,Canada,101134,CPP Investments,60416,1009,200000
2018,Canada,234449,General Fusion Inc.,143925,1004,200000
2018,Japan,92846,NEC Corp.,68685,1004,200000
2018,Germany,41256,SWK Stadtwerke Kaiserslautern GmbH,60235,1022,200000
2018,France,152893,Comité Interprofessionnel du Vin de Champagne,44894,1027,200000
2018,United Kingdom,21068,InterContinental Hotels Group plc,42180,1004,200000
2018,Switzerland,312268,Glencore International AG,106905,1004,200000
2018,Spain,222220,La Liga,130885,1015,200000
2018,Spain,234615,Cosentino SAU,144021,1004,200000
2018,Mexico,154004,CEMEX SAB de CV,68747,1004,191333
2018,United Kingdom,222338,International Game Technology plc,59650,1004,190000
2018,United Kingdom,69960,Barclays Bank plc,41666,1004,190000
2018,Canada,107891,Bombardier Recreational Products,57755,1004,190000
2018,Canada,18900,Electricity Canada,52083,1001,190000
2018,Israel,152987,InSightec Ltd.,51604,1022,184800
2018,Bermuda,48728,Arch Capital Group Ltd.,49309,1004,180000
2018,Canada,191455,Ontario Teachers' Pension Plan,101473,1020,180000
2018,Canada,239499,Liberty Health Sciences Inc.,145821,1004,180000
2018,Canada,223739,NeoPollard Interactive LLC,135160,1004,180000
2018,United Kingdom,248619,Islamic Relief Worldwide,117787,1018,180000
2018,United Kingdom,227170,Aveiro LP,138045,1002,180000
2018,Panama,252195,Promerica Financial Corp.,152891,1004,180000
2018,Netherlands,237722,Wintershall Dea Nederland Transport and Trading BV,145000,1004,170000
2018,Lebanon,241891,Cedrus Bank SAL,146565,1004,170000
2018,Switzerland,245197,Baldi & Caratsch,148023,1015,170000
2018,Austria,226695,OMV AG,137309,1004,170000
2018,Canada,46437,New Flyer of America Inc.,54378,1004,170000
2018,Jamaica,246759,Digicel Group,149443,1004,170000
2018,Haiti,320204,Association of Industries of Haiti,41144,1001,170000
2018,Japan,154102,Daikin Industries Ltd.,63836,1004,160000
2018,France,210563,ENGIE SA,52162,1004,160000
2018,France,235505,Laboratoire HRA Pharma,144560,1004,160000
2018,England,210335,Mallinckrodt plc,117476,1012,160000
2018,Denmark,343429,Bavarian Nordic AS,68750,1004,160000
2018,Canada,172383,Armatec Survivability Corp.,85070,1004,160000
2018,United Arab Emirates,219780,Etihad Airways PJSC,128343,1004,160000
2018,Italy,137825,Mirabella SG SpA,38881,1004,160000
2018,United Kingdom,217028,Raytheon Systems Ltd.,124043,1004,160000
2018,Bermuda,254982,Inkia Americas Ltd.,154108,1004,155000
2018,Australia,79502,BHP,49347,1004,150000
2018,Canada,89601,Onex Corp.,48829,1004,150000
2018,Canada,207118,Resverlogix Corp.,115424,1004,150000
2018,Canada,207249,Canadian International Pharmacy Association,48160,1017,150000
2018,Canada,218699,Stars Group Inc.,126941,1004,150000
2018,United Arab Emirates,245638,ASM International General Trading LLC,148622,1001,150000
2018,Ukraine,231348,National Reforms Council of Ukraine,141947,1011,150000
2018,Canada,212106,Trojan Technologies Inc.,118866,1025,148000
2018,Japan,135623,Japan Airlines Co. Ltd.,68736,1004,147000
2018,Cyprus,223676,Nest Investments (Holdings) Ltd.,135067,1004,140000
2018,Switzerland,243750,Starr International Co. Inc.,147064,1004,140000
2018,Switzerland,233220,CSL Vifor,109516,1004,140000
2018,Romania,226704,Tuca Zbarcea & Asociatii,137301,1004,140000
2018,Netherlands,108189,Wolters Kluwer NV,41211,1004,140000
2018,Bermuda,241922,Third Point Reinsurance Ltd.,146590,1004,130000
2018,Canada,208093,Canadian Cattlemen's Association,42255,1001,120000
2018,Canada,218955,Cascade Aerospace Inc.,127711,1004,120000
2018,Canada,137322,Canadian Association of Petroleum Producers,52075,1001,120000
2018,Canada,160088,Binational Softwood Lumber Council,69983,1008,120000
2018,France,241646,Schneider Electric SE,70984,1004,120000
2018,Canada,250150,Pembina Pipeline Corp.,151996,1004,120000
2018,Japan,226452,Sumitomo Rubber Industries Ltd.,136919,1004,120000
2018,Japan,229889,Japanese Conservative Union,140599,1009,120000
2018,Italy,91925,Global Crop Diversity Trust,64292,1002,120000
2018,Ireland,220310,Horizon Therapeutics plc,129299,1004,120000
2018,Ireland,242371,Avadel Pharmaceuticals PLC,146834,1012,120000
2018,Germany,237717,Uniper SE,144998,1004,120000
2018,Netherlands,90815,Shell International BV,44096,1004,120000
2018,Switzerland,241760,ARETI International Group,146481,1003,120000
2018,Turkey,227253,Roketsan,138158,1004,120000
2018,Canada,156226,Resolute Forest Products,52690,1004,118700
2018,Canada,160760,In Situ Oil Sands Alliance,70155,1024,110000
2018,Norway,213102,Norwegian Air Shuttle ASA,119835,1004,110000
2018,Norway,241172,Coalition for Epidemic Preparedness Innovations,146141,1020,108000
2018,Canada,178294,Norampac,98236,1004,100647
2018,Canada,81389,Brookfield Renewable Power Inc.,39669,1004,100000
2018,Canada,217164,Stronach Group Inc.,124248,1004,100000
2018,Canada,224408,Quebec Border Mills Committee,135302,1010,100000
2018,Canada,244944,Dairy Farmers of Ontario,147624,1001,100000
2018,Croatia,241450,Bosnia and Herzegovina Democracy Initiative,146289,1009,100000
2018,Liberia,218628,Commission Import Export SA,126760,1008,100000
2018,Russia,190608,Mobile TeleSystems OJSC,100119,1004,90000
2018,Russia,201924,Ivanyan & Partners,110293,1025,90000
2018,Singapore,248009,Temasek Capital Management Pte Ltd.,149684,1009,90000
2018,Canada,243725,Irdeto,147079,1015,90000
2018,Cyprus,282249,Association of Cyprus Banks,149265,1004,90000
2018,Germany,220244,Reiner Stemme Utility Air Systems GmbH,129134,1004,90000
2018,Canada,241048,Aurinia Pharmaceuticals Inc.,146094,1004,90000
2018,Canada,62616,Greater Toronto (Canada) Airports Authority,41355,1009,90000
2018,Netherlands,200034,International Association of STM Publishers,109282,1001,81000
2018,New Zealand,210950,Fonterra Cooperative Group Ltd.,118033,1004,80000
2018,Malaysia,148194,Association of Asia Pacific Airlines,65120,1001,80000
2018,Malta,93711,King.com Ltd.,64488,1007,80000
2018,Spain,90209,Repsol SA,39942,1027,80000
2018,South Korea,245529,Hyundai Electric & Energy Systems Co. Ltd.,148411,1004,80000
2018,Taiwan,250136,Next Animation Studio Ltd.,151997,1004,80000
2018,Switzerland,244958,Perspective Robotics AG,147601,1015,80000
2018,United Kingdom,54187,GSM Association,85370,1001,80000
2018,United Kingdom,231974,Ultra Electronics Holdings plc,68759,1027,80000
2018,United Kingdom,248678,Financial Data and Technology Association North America,150688,1001,80000
2018,Brazil,248145,Brazil Steel Institute,149894,1004,80000
2018,Bermuda,91983,RenaissanceRe Holdings Ltd.,47103,1022,80000
2018,Australia,11031,Meat and Livestock Australia Ltd.,46270,1004,80000
2018,Australia,157994,Brambles Ltd.,72104,1025,80000
2018,Afghanistan,213558,American University of Afghanistan,120295,1004,80000
2018,Argentina,213586,Argentine Chamber of Biofuels,120316,1004,80000
2018,Canada,235652,Communitech Corp.,144623,1017,80000
2018,Canada,232185,AdvanTec Global Innovations,142461,1004,80000
2018,Canada,207381,Federal Marine Terminals Inc.,115717,1004,80000
2018,Guam,104063,AmChams of Asia Pacific,51991,1006,80000
2018,Germany,248984,Allianz Capital Partners GmbH,151056,1015,80000
2018,Guatemala,67602,Central American Sugar Association,50627,1001,80000
2018,Hong Kong,176299,D'Luxe Group Ltd.,87316,1017,80000
2018,Hong Kong,249832,World Dog Alliance Ltd.,151787,1024,80000
2018,Indonesia,225495,PT Louis Dreyfus Commodities Indonesia,136199,1004,80000
2018,Egypt,241640,American University in Cairo,103162,1007,80000
2018,France,235677,Constellium Paris,144621,1004,80000
2018,France,225129,Edenred SE,135668,1004,80000
2018,Canada,243734,One Free World International,147039,1004,80000
2018,Canada,234161,Tomlinson Group,143681,1004,80000
2018,China,104065,American Chamber of Commerce in Hong Kong,61935,1004,80000
2018,China,165437,American Chamber of Commerce in Shanghai (China),71101,1006,80000
2018,China,171342,Huawei Technologies Investment Co. Ltd.,84806,1004,80000
2018,Canada,249379,Sunrise Foods International Inc.,151400,1004,70000
2018,Canada,199392,Canada Steamship Lines Inc.,108242,1004,70000
2018,Bulgaria,252930,RTB One Ltd.,153753,1004,70000
2018,Canada,5583,J.D. Irving Ltd.,41132,1004,70000
2018,Liberia,203597,Bank of Beirut sal,111156,1009,70000
2018,Norway,320905,DSG Technology AS,86279,1004,70000
2018,United Kingdom,168025,Argus Media Inc.,78867,1004,67000
2018,United Arab Emirates,221711,American Business Group of Abu Dhabi,110273,1006,60000
2018,United Kingdom,254994,Petroceltic Holding Ltd.,154113,1004,60000
2018,Netherlands,154393,Royal Boskalis Westminster NV,51614,1017,60000
2018,Liberia,168915,MEAB Bank SAL,79185,1022,60000
2018,Ukraine,235327,Amatex Capital,144511,1004,60000
2018,Peru,225491,ProArándanos,136200,1015,60000
2018,Canada,17785,Bombardier Inc.,34341,1004,60000
2018,Australia,228998,Silex Systems Ltd.,139920,1004,60000
2018,Canada,191780,Ucore Rare Metals Inc.,101358,1004,60000
2018,Canada,248309,ISARA Corp.,150246,1004,60000
2018,Canada,248611,Alberta Investment Management Corp.,150587,1004,60000
2018,Germany,76888,Deutsche Lufthansa AG,51017,1017,60000
2018,Denmark,233204,BioPorto Diagnostics AS,143242,1004,60000
2018,Ireland,193070,Shire plc,102235,1004,60000
2018,Japan,230838,Kansai Paint Co. Ltd.,141409,1004,60000
2018,Luxembourg,153843,SES SA,68844,1004,54000
2018,Monaco,221681,MARSS Ltd.,129962,1015,50000
2018,Sweden,4549,Saab AB,36725,1004,50000
2018,Spain,255073,Deoleo SA,154253,1004,50000
2018,United Kingdom,218499,Drax Group plc,126265,1004,50000
2018,Dominican Republic,245672,Gerdau Metaldom Corp.,148607,1004,50000
2018,Canada,105254,TD Bank Financial Group,40073,1004,50000
2018,Canada,107875,Nordion (Canada) Inc.,48328,1004,50000
2018,Canada,215986,Crescent Point Energy Corp.,123595,1004,50000
2018,Australia,176318,Lynas Rare Earths Ltd.,87322,1004,50000
2018,Cambodia,155833,"Textile, Apparel, Footwear and Travel Goods Association in Cambodia",40315,1001,50000
2018,Brazil,249468,Villares Metals SA,151468,1004,50000
2018,Switzerland,233691,Organization for an International Geographical Indications Network,143448,1024,48700
2018,France,246757,MBPH,149432,1012,45000
2018,United Kingdom,222826,Aptiv plc,134357,1004,41000
2018,United Kingdom,137242,Aston Martin Lagonda Ltd.,66825,1004,40000
2018,United Kingdom,238566,Cruelty Free International,145470,1004,40000
2018,United Kingdom,253195,African Growth Corp.,153871,1004,40000
2018,United Arab Emirates,219985,Emirates Airlines,128708,1004,40000
2018,Qatar,252362,BeIN Media Group LLC,153378,1004,40000
2018,Saudi Arabia,55610,Middle East Council of American Chambers of Commerce,56521,1006,40000
2018,Spain,234986,Tabacalera SLU,144324,1004,40000
2018,South Korea,79493,American Chamber of Commerce in Korea,61409,1006,40000
2018,Luxembourg,238774,Sofidra SA,145547,1004,40000
2018,China,149879,American Chamber of Commerce in the People’s Republic of China,50597,1006,40000
2018,Canada,250168,Electra Battery Materials Corp.,152007,1004,40000
2018,Japan,227101,American Chamber of Commerce in Japan,137957,1006,40000
2018,Israel,225384,Netafim Ltd.,136042,1004,40000
2018,Israel,233423,Nexar Ltd.,143350,1004,40000
2018,Germany,248297,Simon-Kucher & Partners,150186,1004,40000
2018,Canada,66667,Revision Military Inc.,68754,1004,40000
2018,Australia,252395,Breville Pty. Ltd.,153503,1004,40000
2018,Belgium,238773,"Dredging, Environmental and Marine Engineering NV",145548,1004,40000
2018,Australia,204022,Rubicon Water,111930,1004,40000
2018,Canada,238249,Geotab Inc.,145300,1004,40000
2018,Canada,238981,SOTI Inc.,145663,1004,40000
2018,Canada,205402,Capital Power Corp.,113543,1004,40000
2018,Peru,67665,Instituto Peruano del Espárrago y Hortalizas,47214,1024,37500
2018,South Korea,252378,Medytox,153438,1004,30000
2018,Russia,64484,GML Ltd.,56815,1022,30000
2018,United Kingdom,255666,Yoti Ltd.,155638,1004,30000
2018,Canada,137739,Chamber of Marine Commerce,57407,1001,30000
2018,Canada,220216,Sanexen Environmental Services Inc.,129133,1004,30000
2018,Germany,230803,Papierfabrik August Koehler SE,141343,1004,30000
2018,Ireland,103877,Fyffes plc,38784,1004,30000
2018,Honduras,251621,Desarrollos Energéticos SA,152181,1004,30000
2018,Israel,239257,Wix.com Inc.,145758,1004,30000
2018,Japan,147740,Institute of Cetacean Research,51720,1022,30000
2018,China,249280,Hytera Communications Corp. Ltd.,151322,1003,30000
2018,"Congo, Democratic Republic of the",255698,Presidential Election Campaign of Felix Tshisekedi (Democratic Republic of the Congo),155704,1015,30000
2018,Germany,231895,Bodystreet GmbH,142208,1015,28000
2018,United Nations,204172,Navajo County (Ariz.) Public Works,112314,1010,25000
2018,Nigeria,234561,Afritec Utilities Ltd.,143997,1004,25000
2018,Mexico,136355,National Chamber of the Fishing and Aquaculture Industry (Mexico),49765,1022,25000
2018,Germany,173637,German Insurance Association,86438,1020,23750
2018,France,255424,Keolis SA,154889,1004,20000
2018,Colombia,255673,Grupo Aval Acciones y Valores SA,155655,1004,20000
2018,China,258945,Huawei Technologies Co. Ltd.,46599,1004,20000
2018,Canada,252908,International Cobalt Corp.,153770,1004,20000
2018,Japan,153490,Hitachi Ltd.,65993,1004,20000
2018,Canada,233247,National Public Relations,143290,1017,20000
2018,Canada,233379,BIOX Corp.,143385,1004,20000
2018,Canada,224613,D2L Inc.,135484,1004,20000
2018,Canada,197710,Canadian Snowbird Association,106366,1004,20000
2018,Lebanon,229133,Fenicia Bank SAL,139992,1004,20000
2018,Nigeria,252696,Aiteo Group,153598,1004,20000
2018,Netherlands,238772,Van Oord NV,145545,1004,20000
2018,Spain,5474,Amadeus IT Group SA,45814,1004,20000
2018,Taiwan,232697,Willis Electric Co. Ltd.,142854,1004,20000
2018,United Kingdom,252039,Wyelands Capital,152557,1004,20000
2018,Belgium,228935,European Federation for Transport and Environment AISBL,139897,1027,17500
2018,Canada,32214,Alliance Pipeline LP,54945,1020,15000
2018,Canada,252835,Klox Technologies Inc.,153704,1004,15000
2018,Taiwan,248762,Pihsiang Machinery Manufacturing Co. Ltd.,150772,1004,15000
2018,Canada,257736,enCore Energy Corp.,156457,1004,12000
2018,China,251623,Nuctech Co. Ltd.,140601,1004,10000
2018,Colombia,60603,Avantel SA,63309,1017,10000
2018,Canada,247958,Xtract One Detection Ltd.,149632,1004,10000
2018,Ecuador,252135,"Ecuadorian American Chamber of Commerce, Guayaquil",152757,1004,10000
2018,Israel,240276,Autotalks Ltd.,145863,1004,10000
2018,India,252396,INDO-MIM Ltd.,153500,1004,10000
2018,Belgium,238980,European Dredging Association,145673,1001,10000
2018,Belgium,136012,SCK-CEN,67123,1002,10000
2018,Austria,256895,Valneva Austria GmbH,156351,1004,10000
2018,Canada,203128,Business Council of Canada,111008,1004,10000
2018,Norway,236881,Hy5Pros AS,144747,1004,10000
2018,Mexico,225955,HR Ratings de México SA de CV,136706,1004,10000
2018,United Kingdom,232450,Aquanovis Ltd.,142728,1004,10000
2018,United Kingdom,138707,Tate & Lyle plc,67743,1004,10000
2018,United Kingdom,218388,Klesch and Co. Ltd.,125809,1004,10000
2018,Canada,210470,Medicago Inc.,79263,1027,7000
2018,Italy,7951,ENI SpA,49226,1004,6000
2018,Israel,154546,Rafael Advanced Defense Systems Ltd.,62196,1004,0
2018,Israel,210479,Gilad Government Relations and Lobbying,117566,1025,0
2018,Italy,94822,Novamont SpA,48587,1004,0
2018,Japan,6986,Japan Automobile Standards Internationalization Center,45868,1009,0
2018,Japan,10223,Japan Bank for International Cooperation,48048,1004,0
2018,Israel,248821,FinCom Ltd.,150889,1027,0
2018,Israel,329873,Government of Israel,38682,1009,0
2018,Ireland,212789,Glanbia plc,64005,1025,0
2018,Japan,225545,Suntory Business Expert Ltd.,136184,1004,0
2018,Kenya,176054,African Cotton and Textile Industries Federation,87217,1024,0
2018,Kenya,221063,Aeolus Kenya Ltd.,129781,1004,0
2018,Kenya,237584,Kenya Association of Manufacturers,144896,1009,0
2018,Iraq,226729,Nineveh Plain Protection Units,135872,1009,0
2018,Ireland,110226,EnBIO Ltd.,56698,1022,0
2018,Hong Kong,111466,Hutchison Whampoa Ltd.,41133,1022,0
2018,Haiti,345582,Government of Haiti,43412,1009,0
2018,India,49417,Carpet Export Promotion Council,76292,1022,0
2018,Germany,205892,Hannover Re Group,59277,1017,0
2018,Germany,222262,OptoPrecision GmbH,133624,1004,0
2018,Germany,226460,Dynamic Solar Systems AG,136929,1004,0
2018,Germany,226837,Bitmanagement Software GmbH,137575,1004,0
2018,Guam,230936,American Friends of Micronesia,141530,1015,0
2018,Dominican Republic,69028,Universidad Central del Este,51356,1007,0
2018,Dominican Republic,213732,Latin American University (Dominican Republic),120544,1007,0
2018,Denmark,248833,OvaCure Foundation,150894,1014,0
2018,Czech Republic,245675,CSGM AS,148615,1004,0
2018,France,195565,SeaOrbiter SAS,104247,1014,0
2018,Finland,238223,Link Motion,145274,1004,0
2018,France,26837,TotalEnergies SE,53276,1004,0
2018,France,102792,AXA SA,53943,1004,0
2018,Germany,172801,Xeless GmbH,86255,1017,0
2018,France,248214,NASH Education Program,150037,1027,0
2018,France,225429,Musthane,136112,1026,0
2018,France,215753,LA Partners,123444,1004,0
2018,Canada,248831,International Maple Syrup Institute,150896,1001,0
2018,Colombia,206799,Federation of Rice Producers of Colombia,115144,1024,0
2018,China,240722,Oriental Fortune Investment Ltd.,145957,1004,0
2018,Canada,301147,Carbon Engineering Ltd.,156366,1027,0
2018,Canada,218382,Ontario Municipal Employees Retirement System,125769,1025,0
2018,Canada,213396,Association of Canadian Port Authorities,120088,1020,0
2018,Canada,224913,Canpro Investments Ltd.,135621,1004,0
2018,Canada,225860,Fresh Air Educators Inc.,136625,1004,0
2018,Canada,229669,Magnet Strategy Group,130434,1004,0
2018,Canada,229955,Automotive Parts Manufacturers' Association,140641,1004,0
2018,Canada,231197,Matériaux Blanchet Inc.,141840,1004,0
2018,Canada,241776,Hydro One Ltd.,146484,1004,0
2018,Canada,222052,NXT Energy Solutions Inc.,130658,1027,0
2018,Canada,220215,Niedner Inc.,129143,1004,0
2018,Canada,233229,Fortuna Fix,143304,1015,0
2018,Canada,206395,Maritime Industrial Transportation Alliance,114400,1004,0
2018,Canada,190673,A.C.E. Consulting,100472,1017,0
2018,Canada,178633,Cooke Aquaculture Inc.,98417,1004,0
2018,Canada,172494,Porter Airlines Inc.,85067,1017,0
2018,Canada,175853,Manitoba Hydro Corp.,87133,1010,0
2018,Canada,171818,S.M. Group International Inc.,84904,1017,0
2018,Canada,160248,PSP Investments,70020,1025,0
2018,Canada,152570,Vancouver (Canada) International Airport Authority,50417,1010,0
2018,Canada,102025,Biolytical Laboratories Inc.,46729,1004,0
2018,Canada,89741,Asia Pulp and Paper Co. Ltd.,52131,1004,0
2018,Canada,80312,Aeroports de Montreal (Canada),61623,1004,0
2018,Canada,80858,Fairfax Financial Holdings Ltd.,68765,1017,0
2018,Bahrain,137785,Bahrain Economic Development Board,67291,1009,0
2018,Belgium,13398,International Association of Professional Numismatists,46036,1001,0
2018,Australia,228453,OceanaGold Corp.,139421,1004,0
2018,Argentina,241534,YPF SA,59804,1017,0
2018,Andorra,224563,Grup Immobiliari Cierco SA,135460,1004,0
2018,Belgium,222501,APOPO,134263,1024,0
2018,Brazil,137507,Abicalcados,67159,1024,0
2018,Canada,27025,NAV Canada,51871,1022,0
2018,Canada,47647,Suncor Energy Inc.,77295,1004,0
2018,Canada,55191,Irving Oil Ltd.,53831,1004,0
2018,Brazil,345577,Brazilian Sugarcane Industry Association,53348,1016,0
2018,Canada,9717,Iogen Corp.,37486,1004,0
2018,United Kingdom,93175,Children's Investment Fund  Foundation,64418,1024,0
2018,United Kingdom,102350,Hesco Military Products Ltd.,50850,1004,0
2018,United Kingdom,225458,AstraZeneca plc,36876,1027,0
2018,United Kingdom,194514,Global Witness Ltd.,37234,1027,0
2018,United Kingdom,206100,International Underwriting Association of London (England),65629,1001,0
2018,United Kingdom,160838,PokerStars,70158,1027,0
2018,United Kingdom,80628,Argon Electronics,48408,1004,0
2018,United Kingdom,80629,Aircontrol Technologies,56233,1004,0
2018,United Kingdom,80639,SELEX ELSAG SpA,58013,1017,0
2018,United Kingdom,80640,VT Group plc,39759,1017,0
2018,United Kingdom,82004,Cobham plc,62041,1004,0
2018,United Arab Emirates,242258,Lapis Middle East & Africa FZ-LLC,146812,1004,0
2018,United Kingdom,15003,Association of British Insurers,68634,1004,0
2018,United Kingdom,60581,International Banking Federation Ltd.,61673,1024,0
2018,United Kingdom,66934,Oil Companies International Marine Forum,55842,1024,0
2018,United Kingdom,27461,British Airways plc,33535,1004,0
2018,United Kingdom,238081,TheCityUK,145198,1004,0
2018,United Kingdom,241899,University of Oxford St. John's College (England),146561,1007,0
2018,United Kingdom,320620,International Group of Protection and Indemnity Clubs,40588,1027,0
2018,United Kingdom,255441,KPMG LLP (UK),154977,1004,0
2018,Mexico,239252,SuKarne SA de CV,145762,1004,0
2018,Mexico,240933,Hassan Mansur Family,146030,1025,0
2018,Mexico,240934,Edgar and Arturo Ruiz,146031,1025,0
2018,Malaysia,313721,Malaysian Palm Oil Council,110316,1022,0
2018,Luxembourg,218394,Oxford BioChronometrics,125891,1004,0
2018,Marshall Islands,220468,Enewetak/Ujelang (Marshall Islands) Local Government,129439,1010,0
2018,Mauritius,14393,Mauritius Chamber of Agriculture and Mauritius Sugar Syndicate,46486,1022,0
2018,Mexico,4624,Avocado Producers of Mexico,39005,1006,0
2018,Mexico,26428,Confederation of Agricultural Associations of the State of Sinaloa,38910,1015,0
2018,Japan,252214,Japan Nuclear Fuel Ltd.,152960,1004,0
2018,Lebanon,223769,M1 Group,135198,1025,0
2018,Lebanon,224652,Al-Mawarid Bank SAL,135519,1004,0
2018,Lebanon,226557,Sunrise Estate Development Ltd.,137064,1004,0
2018,Lesotho,167822,Lesotho Textile Exporters' Association,73439,1001,0
2018,Norway,240844,Trollhetta AS,145975,1004,0
2018,Norway,67458,Nuclear Protection Products AS,61029,1004,0
2018,Norway,241758,Nordby Associates AS,146466,1004,0
2018,Palestine,241262,Palestine Institute for Public Diplomacy,146183,1024,0
2018,Panama,89491,CBI Sugar Group,62550,1022,0
2018,Netherlands,154720,"Anthos, the Royal Trade Association for Nursery Stock and Flower Bulbs",49154,1001,0
2018,Netherlands,226044,Fontem Ventures BV,136837,1004,0
2018,Netherlands,229865,KazMunayGas International NV,140579,1004,0
2018,Netherlands,43365,Friends of the Earth,56293,1020,0
2018,Netherlands,80632,KLM Royal Dutch Airlines,38712,1017,0
2018,Netherlands,101611,Association of Dutch Insurers,44904,1001,0
2018,Mexico,215003,Independent University of Guadalajara (Mexico),121414,1007,0
2018,Ukraine,253315,Velta LLC,153905,1004,0
2018,United Arab Emirates,217921,Emaar USA,125225,1004,0
2018,Switzerland,174145,Swiss International Air Lines Ltd.,83399,1017,0
2018,Switzerland,213484,Allied World Assurance Company Holdings AG,120177,1017,0
2018,Sudan,245618,Bank of Khartoum,148484,1004,0
2018,Sweden,195388,TriOptima AB,104278,1004,0
2018,Switzerland,5128,Swiss Bankers Association,63142,1001,0
2018,Switzerland,48394,Transocean Ltd.,55537,1004,0
2018,South Korea,110705,Samsung C&T Corp.,43762,1004,0
2018,South Korea,135298,Korea International Trade Association,38704,1001,0
2018,South Korea,238266,Quantum ICT Research Union,145312,1015,0
2018,South Africa,217185,South African Avocado Growers Association,124289,1004,0
2018,Russia,217175,Gazprombank,124271,1022,0
2018,Philippines,16050,Sugar Alliance of the Philippines,42103,1022,0
2018,Philippines,220031,Confederation of Garment Exporters of the Philippines,52618,1024,0
2018,Qatar,249107,Qatar Aluminium Ltd.,151149,1004,0
2018,Russia,264999,En+ Group International Public Joint-Stock Co.,159380,1004,0
2018,Singapore,252001,Astroscale Pte. Ltd.,152525,1004,0
2018,Singapore,69465,Government of Singapore,39796,1009,0
2018,Singapore,230191,TSG Therapeutics Pte Ltd.,140813,1004,0
2019,United Kingdom,20225,GSK plc,34599,1004,5500000
2019,Ireland,40757,Accenture plc,33683,1004,3720000
2019,Cayman Islands,198250,Alibaba Group Holding Ltd.,106981,1004,3400000
2019,Cayman Islands,288963,Port Fund LP,152631,1027,2340000
2019,Switzerland,45939,TE Connectivity Ltd.,59043,1004,2240000
2019,Sweden,190663,Volvo Car Corp.,100399,1004,2055000
2019,Kuwait,287049,KGL Investment Co. KSCC,157589,1004,1975000
2019,Switzerland,270682,Nord Stream 2 AG,144925,1004,1870000
2019,Canada,308451,Canadian National Railway Co.,55243,1004,1320000
2019,Canada,105375,TransCanada PipeLines Ltd.,37220,1004,1260000
2019,Bermuda,314782,Athene Holding Ltd.,136722,1027,1250000
2019,Qatar,286022,Al Jazeera Media Network,115033,1004,1250000
2019,Canada,78286,Apotex Inc.,41468,1004,1230000
2019,India,233118,Glenmark Pharmaceuticals Ltd.,143234,1017,1012421
2019,South Korea,301727,Kia Corp.,57419,1004,1000000
2019,Canada,252315,Cameco Corp.,67993,1004,980000
2019,China,255802,Zhongxing Telecommunications Equipment Corp.,54011,1004,890000
2019,United Kingdom,231378,CSL Seqirus,141965,1004,890000
2019,South Korea,11132,Hyundai Motor America,35417,1004,850000
2019,Bermuda,110547,Assured Guaranty Ltd.,61236,1004,850000
2019,Kuwait,254494,KGL Logistics,134256,1025,800000
2019,Libya,345499,Libyan National Army,158553,1027,750000
2019,United Kingdom,91989,Alternative Investment Management Association Ltd.,60834,1001,750000
2019,Canada,259316,Crystallex International,157714,1004,710000
2019,India,266833,National Association of Software and Services Companies,36006,1024,690000
2019,Ireland,196504,Trane Technologies plc,105856,1004,680000
2019,United Kingdom,112293,Lloyd's of London,51179,1017,680000
2019,China,258943,Fujian Jinhua Integrated Circuit Co. Ltd.,157398,1004,670000
2019,Belgium,246740,European Jewish Congress,149418,1020,659996
2019,Singapore,37324,APL Ltd.,39843,1004,600000
2019,Germany,190800,Fresenius Medical Care AG and Co. KGaA,43697,1004,580000
2019,Brazil,52114,Embraer SA,39105,1004,540000
2019,United Kingdom,216441,NovoCure Ltd.,123727,1004,530000
2019,Nigeria,252696,Aiteo Group,153598,1004,490000
2019,Japan,153625,SoftBank Group Corp.,71296,1004,480000
2019,Mexico,259352,Consejo Coordinador Empresarial,144073,1009,460000
2019,United Kingdom,206116,Smiths Group plc,36822,1004,460000
2019,South Korea,157125,Samsung Electronics Co. Ltd.,54009,1004,460000
2019,India,345185,Reliance Industries Ltd.,39549,1004,445000
2019,Libya,230279,Association of Banks in Lebanon,111912,1001,440000
2019,Luxembourg,222945,LetterOne Holdings SA,134404,1004,440000
2019,Switzerland,79352,F. Hoffmann-La Roche Ltd.,44018,1004,440000
2019,United Kingdom,191009,Inmarsat plc,101145,1004,420000
2019,Canada,101134,CPP Investments,60416,1009,420000
2019,Canada,151144,"Province of Saskatchewan, Canada",39875,1004,400000
2019,Netherlands,278620,Allseas Nederland (Brasil) BV,160825,1004,400000
2019,Hong Kong,163610,China-United States Exchange Foundation,70876,1002,390000
2019,Israel,152987,InSightec Ltd.,51604,1022,384200
2019,Panama,252195,Promerica Financial Corp.,152891,1004,360000
2019,United Kingdom,136626,Martin-Baker Aircraft Co. Ltd.,51104,1004,360000
2019,Switzerland,258331,Cormo AG,156908,1004,360000
2019,South Korea,343306,POSCO,38860,1004,360000
2019,Switzerland,12803,Swiss Reinsurance Co. Ltd.,36971,1004,360000
2019,Bermuda,254982,Inkia Americas Ltd.,154108,1004,355000
2019,South Korea,245529,Hyundai Electric & Energy Systems Co. Ltd.,148411,1004,340000
2019,Qatar,245677,Qatar National Human Rights Committee,148593,1015,334880
2019,Norway,224504,DNV GL Group AS,135403,1004,320000
2019,Netherlands,108189,Wolters Kluwer NV,41211,1004,320000
2019,United Kingdom,161149,International Marine Contractors Association,70300,1001,320000
2019,China,269518,Fuyao Glass Industry Group Co. Ltd.,159748,1004,315000
2019,Kuwait,282261,Agility Public Warehousing Company KSCP,157881,1009,305000
2019,Liberia,262697,Privinvest Holding SAL,158801,1004,300000
2019,Somalia,137244,Government of Somalia,38957,1008,300000
2019,Belgium,199627,SWIFT SCRL,108445,1004,300000
2019,Canada,232251,Medisca Inc.,142501,1004,292500
2019,Australia,176318,Lynas Rare Earths Ltd.,87322,1004,290000
2019,Canada,198364,Livingston International Income Fund,107150,1025,280000
2019,Mexico,158255,Deacero SAPI de CV,52203,1004,280000
2019,South Korea,228032,Hyundai Steel Co. Ltd.,138657,1004,280000
2019,Switzerland,48784,"Gavi, the Vaccine Alliance",41878,1002,280000
2019,United Kingdom,21068,InterContinental Hotels Group plc,42180,1004,280000
2019,Ukraine,230353,Nuclear Energy Systems of Ukraine LLC,140926,1004,280000
2019,South Korea,238934,Hyosung Corp.,145589,1004,270000
2019,China,258945,Huawei Technologies Co. Ltd.,46599,1004,270000
2019,France,190762,Natixis Global Asset Management SA,100369,1004,260000
2019,Germany,41256,SWK Stadtwerke Kaiserslautern GmbH,60235,1022,250000
2019,Japan,297014,Toshiba Corp.,68746,1020,250000
2019,Iraq,342328,"Government of Kurdistan, Iraq",41486,1009,240000
2019,Netherlands,237722,Wintershall Dea Nederland Transport and Trading BV,145000,1004,240000
2019,Netherlands,242042,Booking.com BV,146643,1017,240000
2019,France,255643,Unibail-Rodamco-Westfield SE,155495,1025,240000
2019,Guam,104168,DFS Guam LP,56918,1004,240000
2019,Austria,226695,OMV AG,137309,1004,240000
2019,Spain,90209,Repsol SA,39942,1027,240000
2019,Spain,255073,Deoleo SA,154253,1004,240000
2019,United Kingdom,70436,London Stock Exchange Group plc,56834,1017,240000
2019,United Kingdom,248619,Islamic Relief Worldwide,117787,1018,240000
2019,China,249280,Hytera Communications Corp. Ltd.,151322,1003,230000
2019,Germany,55354,ZF TRW Automotive Inc.,61887,1004,220000
2019,France,207673,National Council of Resistance of Iran,67129,1011,220000
2019,Australia,228530,IFM Investors Pty. Ltd.,139477,1004,220000
2019,Australia,79502,BHP,49347,1004,210000
2019,Canada,18900,Electricity Canada,52083,1001,210000
2019,Canada,234449,General Fusion Inc.,143925,1004,210000
2019,Russia,245992,Alexander Skorobogatko and Alexander Ponomarenko,149063,1004,210000
2019,United Kingdom,247936,Teekay Shipping (UK) Ltd.,149588,1004,210000
2019,United Kingdom,262184,Coal Trading and Utilities Ltd.,158463,1001,210000
2019,Taiwan,250136,Next Animation Studio Ltd.,151997,1004,210000
2019,Lebanon,13804,American University of Beirut,61282,1007,203000
2019,Japan,92846,NEC Corp.,68685,1004,200000
2019,Canada,216948,Waterton Global Resource Management Inc.,123942,1004,200000
2019,France,152893,Comité Interprofessionnel du Vin de Champagne,44894,1027,200000
2019,Canada,16820,Gildan Activewear Inc.,64325,1022,200000
2019,Canada,153058,Teck Resources Ltd.,71203,1004,200000
2019,Canada,107891,Bombardier Recreational Products,57755,1004,200000
2019,Switzerland,102886,Credit Suisse Group AG,39407,1004,200000
2019,United Kingdom,221888,TSG Interactive Services Ltd.,130342,1004,200000
2019,Liberia,168915,MEAB Bank SAL,79185,1022,190000
2019,Japan,245090,Mizuho Bank Ltd.,147797,1004,180000
2019,Japan,154656,Japan Automobile Manufacturers Association Inc.,68737,1001,180000
2019,India,58329,Tata Consultancy Services Ltd.,36985,1017,180000
2019,Bermuda,48728,Arch Capital Group Ltd.,49309,1004,180000
2019,Ukraine,245563,DeVision Group,148420,1004,180000
2019,Japan,135623,Japan Airlines Co. Ltd.,68736,1004,174000
2019,United Arab Emirates,219780,Etihad Airways PJSC,128343,1004,172500
2019,Turkey,238038,Halkbank Inc.,145148,1004,170000
2019,Spain,234615,Cosentino SAU,144021,1004,170000
2019,Switzerland,28071,Novartis AG,32084,1004,170000
2019,United Kingdom,248678,Financial Data and Technology Association North America,150688,1001,170000
2019,United Kingdom,222338,International Game Technology plc,59650,1004,160000
2019,United Kingdom,217028,Raytheon Systems Ltd.,124043,1004,160000
2019,Japan,154102,Daikin Industries Ltd.,63836,1004,160000
2019,Italy,137825,Mirabella SG SpA,38881,1004,160000
2019,Norway,320905,DSG Technology AS,86279,1004,160000
2019,Haiti,320204,Association of Industries of Haiti,41144,1001,160000
2019,France,210563,ENGIE SA,52162,1004,160000
2019,England,210335,Mallinckrodt plc,117476,1012,160000
2019,Denmark,343429,Bavarian Nordic AS,68750,1004,160000
2019,China,238615,Jinghua Rizhao Steel Holding Group Co. Ltd.,145481,1004,160000
2019,Canada,250150,Pembina Pipeline Corp.,151996,1004,160000
2019,Canada,274288,Champion Petfoods LP,160129,1004,160000
2019,Austria,256895,Valneva Austria GmbH,156351,1004,160000
2019,Canada,207249,Canadian International Pharmacy Association,48160,1017,160000
2019,Canada,172383,Armatec Survivability Corp.,85070,1004,160000
2019,Canada,46437,New Flyer of America Inc.,54378,1004,155000
2019,Bermuda,244929,Liberty Latin America Ltd.,147607,1017,150000
2019,Australia,137929,Qantas Airways Ltd.,67365,1004,150000
2019,Norway,319773,Axnes Aviation AS,39541,1004,150000
2019,Liberia,241924,Africell Holding SAL,146598,1004,150000
2019,Ukraine,267918,Babyn Yar Holocaust Memorial Center,159661,1002,150000
2019,Norway,241172,Coalition for Epidemic Preparedness Innovations,146141,1020,148000
2019,Singapore,328738,GIC Pte. Ltd.,156677,1004,140000
2019,Israel,282614,Psagot Winery,161464,1004,140000
2019,Australia,230376,NuCoal Resources Ltd.,140925,1004,130000
2019,Canada,257736,enCore Energy Corp.,156457,1004,125000
2019,Canada,218955,Cascade Aerospace Inc.,127711,1004,120000
2019,Canada,248309,ISARA Corp.,150246,1004,120000
2019,Canada,249379,Sunrise Foods International Inc.,151400,1004,120000
2019,Germany,76888,Deutsche Lufthansa AG,51017,1017,120000
2019,Germany,237717,Uniper SE,144998,1004,120000
2019,Japan,226452,Sumitomo Rubber Industries Ltd.,136919,1004,120000
2019,Japan,229889,Japanese Conservative Union,140599,1009,120000
2019,Russia,64484,GML Ltd.,56815,1022,120000
2019,Netherlands,90815,Shell International BV,44096,1004,120000
2019,Netherlands,196075,ASML Netherlands BV,105108,1025,120000
2019,Mexico,154004,CEMEX SAB de CV,68747,1004,120000
2019,Bermuda,232940,Rendeavour Holding Ltd.,143081,1004,120000
2019,Canada,191455,Ontario Teachers' Pension Plan,101473,1020,120000
2019,Canada,81389,Brookfield Renewable Power Inc.,39669,1004,120000
2019,Canada,160088,Binational Softwood Lumber Council,69983,1008,120000
2019,Spain,277586,Meliá Hotels International SA,160592,1004,120000
2019,South Korea,265849,NEXTEEL Co. Ltd.,159457,1004,120000
2019,United Kingdom,154775,Vodafone Group Services Ltd.,69610,1004,120000
2019,United Kingdom,254994,Petroceltic Holding Ltd.,154113,1004,120000
2019,Canada,207118,Resverlogix Corp.,115424,1004,112500
2019,"Georgia, Republic of",270339,Rustavi Steel LLC,159805,1004,110000
2019,Japan,153490,Hitachi Ltd.,65993,1004,110000
2019,Italy,91925,Global Crop Diversity Trust,64292,1002,110000
2019,United Kingdom,283160,ICU Advisory Ltd.,161765,1004,110000
2019,United Kingdom,92118,Gabriel Resources Ltd.,43705,1017,105000
2019,South Korea,339904,LG Chem Ltd.,158070,1004,105000
2019,Canada,253602,Canopy Growth Corp.,153966,1004,105000
2019,Canada,178294,Norampac,98236,1004,103417
2019,Switzerland,266103,IKEA Supply AG,159492,1004,101500
2019,United Kingdom,82239,Daily Mail and General Trust plc,54651,1004,100000
2019,Canada,275582,Alberta-Texas Energy Ventures Inc.,160293,1004,100000
2019,Lebanon,241891,Cedrus Bank SAL,146565,1004,100000
2019,Liberia,218628,Commission Import Export SA,126760,1008,90000
2019,Israel,275404,ICL Group Ltd.,160265,1027,90000
2019,Indonesia,259232,Global Axis Partnership,157650,1004,90000
2019,Ireland,220310,Horizon Therapeutics plc,129299,1004,90000
2019,Netherlands,154393,Royal Boskalis Westminster NV,51614,1017,90000
2019,Canada,259502,Nymox Pharmaceutical Corp.,157781,1004,90000
2019,Canada,273762,Ascendant Resources Inc.,160088,1004,90000
2019,Canada,243725,Irdeto,147079,1015,90000
2019,Hong Kong,249832,World Dog Alliance Ltd.,151787,1024,90000
2019,Canada,188354,Kruger Inc.,100524,1004,90000
2019,Brazil,330382,J&F Investimentos SA,162980,1004,90000
2019,United Kingdom,245299,Life Molecular Imaging Ltd.,148070,1004,90000
2019,Switzerland,233220,CSL Vifor,109516,1004,90000
2019,India,258162,Kalyani Technoforge,156774,1004,88000
2019,Panama,262961,Energia y Renovacion Holdings SA,159045,1004,85000
2019,Netherlands,200034,International Association of STM Publishers,109282,1001,80000
2019,Malaysia,148194,Association of Asia Pacific Airlines,65120,1001,80000
2019,Malta,93711,King.com Ltd.,64488,1007,80000
2019,Hong Kong,176299,D'Luxe Group Ltd.,87316,1017,80000
2019,Guatemala,67602,Central American Sugar Association,50627,1001,80000
2019,Guam,104063,AmChams of Asia Pacific,51991,1006,80000
2019,Germany,203143,Continental AG,39312,1004,80000
2019,Egypt,241640,American University in Cairo,103162,1007,80000
2019,France,92567,CMA CGM SA,55847,1004,80000
2019,France,225129,Edenred SE,135668,1004,80000
2019,France,235677,Constellium Paris,144621,1004,80000
2019,Canada,232185,AdvanTec Global Innovations,142461,1004,80000
2019,Canada,301147,Carbon Engineering Ltd.,156366,1027,80000
2019,China,165437,American Chamber of Commerce in Shanghai (China),71101,1006,80000
2019,China,104065,American Chamber of Commerce in Hong Kong,61935,1004,80000
2019,Canada,207381,Federal Marine Terminals Inc.,115717,1004,80000
2019,Canada,137322,Canadian Association of Petroleum Producers,52075,1001,80000
2019,Canada,62616,Greater Toronto (Canada) Airports Authority,41355,1009,80000
2019,Australia,11031,Meat and Livestock Australia Ltd.,46270,1004,80000
2019,Afghanistan,213558,American University of Afghanistan,120295,1004,80000
2019,Switzerland,284354,Bitcoin Association,163011,1004,80000
2019,United Kingdom,252039,Wyelands Capital,152557,1004,80000
2019,Canada,137739,Chamber of Marine Commerce,57407,1001,76000
2019,Australia,262119,Partners in Performance Pty. Ltd.,158346,1004,75000
2019,Canada,208093,Canadian Cattlemen's Association,42255,1001,70000
2019,Germany,258159,Roche Diagnostics GmbH,44893,1027,70000
2019,Israel,233423,Nexar Ltd.,143350,1004,70000
2019,United Kingdom,69960,Barclays Bank plc,41666,1004,70000
2019,Spain,284867,Inter-Professional Table Olives Organization of Spain,163369,1004,70000
2019,Switzerland,241760,ARETI International Group,146481,1003,65000
2019,Canada,212106,Trojan Technologies Inc.,118866,1025,64000
2019,Canada,220216,Sanexen Environmental Services Inc.,129133,1004,60000
2019,Canada,277593,Absolute Software Corp.,160633,1017,60000
2019,Cyprus,282249,Association of Cyprus Banks,149265,1004,60000
2019,Denmark,233204,BioPorto Diagnostics AS,143242,1004,60000
2019,Netherlands,101611,Association of Dutch Insurers,44904,1001,60000
2019,Australia,259278,Swisse Wellness Pty. Ltd.,157665,1004,60000
2019,Turkey,227253,Roketsan,138158,1004,60000
2019,United Arab Emirates,221711,American Business Group of Abu Dhabi,110273,1006,60000
2019,United Arab Emirates,279606,Opus Capital Asset Limited FZE,161050,1004,60000
2019,United Kingdom,54187,GSM Association,85370,1001,60000
2019,United Kingdom,227170,Aveiro LP,138045,1002,60000
2019,France,246757,MBPH,149432,1012,55000
2019,Luxembourg,153843,SES SA,68844,1004,54000
2019,Indonesia,225495,PT Louis Dreyfus Commodities Indonesia,136199,1004,50000
2019,New Zealand,210950,Fonterra Cooperative Group Ltd.,118033,1004,50000
2019,Canada,271895,Torngat Metals Ltd.,159956,1004,50000
2019,Canada,235652,Communitech Corp.,144623,1017,50000
2019,Belgium,238773,"Dredging, Environmental and Marine Engineering NV",145548,1004,50000
2019,United Kingdom,253195,African Growth Corp.,153871,1004,50000
2019,United Kingdom,255666,Yoti Ltd.,155638,1004,50000
2019,Switzerland,280557,Diem Association,161220,1015,50000
2019,Canada,238249,Geotab Inc.,145300,1004,45000
2019,Canada,270341,U.S. Television Coalition,159803,1020,45000
2019,Canada,284131,Inventys Thermal Technologies Inc.,162977,1004,45000
2019,Japan,147740,Institute of Cetacean Research,51720,1022,42000
2019,Japan,227101,American Chamber of Commerce in Japan,137957,1006,40000
2019,Ireland,103877,Fyffes plc,38784,1004,40000
2019,Israel,284092,Simplivia Healthcare Ltd.,162931,1004,40000
2019,Jamaica,246759,Digicel Group,149443,1004,40000
2019,Netherlands,238772,Van Oord NV,145545,1004,40000
2019,Monaco,221681,MARSS Ltd.,129962,1015,40000
2019,Singapore,260512,Gen X Energy LLC,158016,1004,40000
2019,China,149879,American Chamber of Commerce in the People’s Republic of China,50597,1006,40000
2019,Canada,264195,NexGen Energy Ltd.,159240,1004,40000
2019,Canada,250168,Electra Battery Materials Corp.,152007,1004,40000
2019,Canada,225860,Fresh Air Educators Inc.,136625,1004,40000
2019,Germany,248984,Allianz Capital Partners GmbH,151056,1015,40000
2019,Germany,279058,Diehl Stiftung & Co. KG,160926,1004,40000
2019,Bermuda,91983,RenaissanceRe Holdings Ltd.,47103,1022,40000
2019,Canada,205402,Capital Power Corp.,113543,1004,40000
2019,Canada,136787,World Anti-Doping Agency,66716,1024,40000
2019,Australia,204022,Rubicon Water,111930,1004,40000
2019,Argentina,213586,Argentine Chamber of Biofuels,120316,1004,40000
2019,United Arab Emirates,219985,Emirates Airlines,128708,1004,40000
2019,Spain,234986,Tabacalera SLU,144324,1004,40000
2019,South Korea,282609,SK Siltron Co. Ltd.,161462,1004,40000
2019,South Korea,79493,American Chamber of Commerce in Korea,61409,1006,40000
2019,United Kingdom,277541,Global Infrastructure Investor Association,160606,1004,40000
2019,United Kingdom,238566,Cruelty Free International,145470,1004,40000
2019,Taiwan,232697,Willis Electric Co. Ltd.,142854,1004,40000
2019,United Kingdom,137242,Aston Martin Lagonda Ltd.,66825,1004,40000
2019,United Kingdom,231974,Ultra Electronics Holdings plc,68759,1027,40000
2019,United Kingdom,284414,Kelkoo.com (UK) Ltd.,163066,1004,30000
2019,Spain,283668,Management Hotelero Piñero SL,162656,1004,30000
2019,Sweden,266105,IKEA of Sweden AB,159493,1004,30000
2019,Switzerland,265429,Foundation for Innovative New Diagnostics,159422,1004,30000
2019,Canada,199392,Canada Steamship Lines Inc.,108242,1004,30000
2019,Canada,191780,Ucore Rare Metals Inc.,101358,1004,30000
2019,Germany,262076,thyssenkrupp Access Solutions GmbH,158304,1004,30000
2019,India,265397,Sterlite Technologies Ltd.,159405,1004,30000
2019,France,241646,Schneider Electric SE,70984,1004,30000
2019,Canada,215986,Crescent Point Energy Corp.,123595,1004,30000
2019,Canada,247958,Xtract One Detection Ltd.,149632,1004,30000
2019,Canada,252835,Klox Technologies Inc.,153704,1004,30000
2019,Canada,283168,FlavourArt North America Inc.,161768,1004,30000
2019,Romania,226704,Tuca Zbarcea & Asociatii,137301,1004,30000
2019,Mexico,259136,Corey SA de CV,157575,1004,30000
2019,Italy,238065,Leonardo SpA Helicopter Division,145188,1004,30000
2019,Israel,248821,FinCom Ltd.,150889,1027,30000
2019,Belgium,148453,European Banking Federation,45474,1024,26000
2019,Germany,173637,German Insurance Association,86438,1020,24500
2019,United Nations,204172,Navajo County (Ariz.) Public Works,112314,1010,24000
2019,Canada,241048,Aurinia Pharmaceuticals Inc.,146094,1004,22500
2019,Canada,260312,Sani Sport,157970,1004,20000
2019,Canada,262722,Northstar Earth & Space Systems Inc.,158827,1004,20000
2019,France,102792,AXA SA,53943,1004,20000
2019,Cyprus,223676,Nest Investments (Holdings) Ltd.,135067,1004,20000
2019,Israel,268629,GetSAT Communication Ltd.,159681,1004,20000
2019,Ireland,278634,Irish Distillers,160815,1004,20000
2019,Luxembourg,238774,Sofidra SA,145547,1004,20000
2019,Saudi Arabia,55610,Middle East Council of American Chambers of Commerce,56521,1006,20000
2019,Peru,225491,ProArándanos,136200,1015,20000
2019,Bermuda,283212,ABS Global Ltd.,161892,1004,20000
2019,Brazil,283256,Claro SA,162098,1004,20000
2019,Canada,89601,Onex Corp.,48829,1004,20000
2019,Canada,66667,Revision Military Inc.,68754,1004,20000
2019,United Kingdom,283731,Competere Ltd.,162730,1004,20000
2019,United Kingdom,218388,Klesch and Co. Ltd.,125809,1004,20000
2019,United Kingdom,194514,Global Witness Ltd.,37234,1027,20000
2019,Switzerland,24440,International Olympic Committee,61519,1024,20000
2019,Spain,283226,Hispasat SA,162015,1004,20000
2019,United Kingdom,222826,Aptiv plc,134357,1004,17000
2019,Turkey,296852,Turkish Aerospace Industries Inc.,158180,1027,15000
2019,Peru,67665,Instituto Peruano del Espárrago y Hortalizas,47214,1024,15000
2019,Canada,248611,Alberta Investment Management Corp.,150587,1004,15000
2019,Canada,210825,Top Aces Corp.,117884,1004,10000
2019,Canada,263131,Vanroboys Group of Cos.,159131,1004,10000
2019,Canada,264863,KIK Custom Products Inc.,159364,1004,10000
2019,China,171342,Huawei Technologies Investment Co. Ltd.,84806,1004,10000
2019,France,235505,Laboratoire HRA Pharma,144560,1004,10000
2019,Panama,89491,CBI Sugar Group,62550,1022,10000
2019,Norway,241758,Nordby Associates AS,146466,1004,10000
2019,Mexico,26428,Confederation of Agricultural Associations of the State of Sinaloa,38910,1015,10000
2019,Japan,342602,Nippon Telegraph and Telephone Corp.,68742,1004,10000
2019,Italy,271383,Consortium for the Protection of Pecorino Romano Cheese,159890,1004,10000
2019,Canada,197710,Canadian Snowbird Association,106366,1004,10000
2019,Belgium,228935,European Federation for Transport and Environment AISBL,139897,1027,10000
2019,Bermuda,245819,Central European Media Enterprises Ltd.,148830,1022,10000
2019,Belgium,13398,International Association of Professional Numismatists,46036,1001,10000
2019,Antigua and Barbuda,81258,Antigua Online Gaming Association,42186,1015,10000
2019,United Kingdom,138707,Tate & Lyle plc,67743,1004,10000
2019,United Kingdom,283606,CrowdVision Ltd.,162513,1004,10000
2019,Canada,224408,Quebec Border Mills Committee,135302,1010,5000
2019,Canada,224913,Canpro Investments Ltd.,135621,1004,0
2019,Canada,222052,NXT Energy Solutions Inc.,130658,1027,0
2019,Canada,223739,NeoPollard Interactive LLC,135160,1004,0
2019,Canada,229669,Magnet Strategy Group,130434,1004,0
2019,Canada,229955,Automotive Parts Manufacturers' Association,140641,1004,0
2019,Canada,231197,Matériaux Blanchet Inc.,141840,1004,0
2019,Canada,215401,Seabridge Gold Inc.,121930,1004,0
2019,Canada,220215,Niedner Inc.,129143,1004,0
2019,Canada,218699,Stars Group Inc.,126941,1004,0
2019,Canada,248831,International Maple Syrup Institute,150896,1001,0
2019,Canada,241776,Hydro One Ltd.,146484,1004,0
2019,Canada,243734,One Free World International,147039,1004,0
2019,Canada,234161,Tomlinson Group,143681,1004,0
2019,Canada,239499,Liberty Health Sciences Inc.,145821,1004,0
2019,China,240722,Oriental Fortune Investment Ltd.,145957,1004,0
2019,China,251623,Nuctech Co. Ltd.,140601,1004,0
2019,Canada,284872,Xtract One Technologies Inc.,163366,1004,0
2019,France,215753,LA Partners,123444,1004,0
2019,France,248214,NASH Education Program,150037,1027,0
2019,France,255424,Keolis SA,154889,1004,0
2019,France,195565,SeaOrbiter SAS,104247,1014,0
2019,Egypt,248989,ARTOC Auto,151053,1004,0
2019,Egypt,259411,Horse Tours and Travel SAE,157739,1004,0
2019,Finland,238223,Link Motion,145274,1004,0
2019,France,26837,TotalEnergies SE,53276,1004,0
2019,Denmark,248833,OvaCure Foundation,150894,1014,0
2019,Dominican Republic,69028,Universidad Central del Este,51356,1007,0
2019,Dominican Republic,213732,Latin American University (Dominican Republic),120544,1007,0
2019,Dominican Republic,245672,Gerdau Metaldom Corp.,148607,1004,0
2019,Ecuador,252135,"Ecuadorian American Chamber of Commerce, Guayaquil",152757,1004,0
2019,Egypt,45539,ARTOC Group for Investment and Development,56449,1004,0
2019,China,266836,Huawei Device (Shenzhen) Co. Ltd.,159544,1004,0
2019,Colombia,60603,Avantel SA,63309,1017,0
2019,Colombia,206799,Federation of Rice Producers of Colombia,115144,1024,0
2019,Colombia,255673,Grupo Aval Acciones y Valores SA,155655,1004,0
2019,Croatia,241450,Bosnia and Herzegovina Democracy Initiative,146289,1009,0
2019,Haiti,345582,Government of Haiti,43412,1009,0
2019,Hong Kong,111466,Hutchison Whampoa Ltd.,41133,1022,0
2019,India,252396,INDO-MIM Ltd.,153500,1004,0
2019,Germany,259241,Transparency International EV,120363,1024,0
2019,Germany,222262,OptoPrecision GmbH,133624,1004,0
2019,Germany,226460,Dynamic Solar Systems AG,136929,1004,0
2019,Germany,226837,Bitmanagement Software GmbH,137575,1004,0
2019,Germany,231895,Bodystreet GmbH,142208,1015,0
2019,France,260518,Thales AVS France SAS,158005,1004,0
2019,France,283997,Droit de Naître,162830,1024,0
2019,Germany,172801,Xeless GmbH,86255,1017,0
2019,Ivory Coast,283291,Democratic Party of Cote d'Ivoire,162223,1004,0
2019,Japan,6986,Japan Automobile Standards Internationalization Center,45868,1009,0
2019,Japan,10223,Japan Bank for International Cooperation,48048,1004,0
2019,Italy,94822,Novamont SpA,48587,1004,0
2019,Israel,329873,Government of Israel,38682,1009,0
2019,Italy,7951,ENI SpA,49226,1004,0
2019,Israel,154546,Rafael Advanced Defense Systems Ltd.,62196,1004,0
2019,Ireland,212789,Glanbia plc,64005,1025,0
2019,Israel,270501,Elbit Systems - Cyclone Ltd.,159824,1004,0
2019,Ireland,193070,Shire plc,102235,1004,0
2019,Iraq,226729,Nineveh Plain Protection Units,135872,1009,0
2019,India,267434,Indian Pharmaceutical Alliance,159594,1004,0
2019,India,297931,Vedanta Resources Ltd.,169610,1027,0
2019,Kenya,176054,African Cotton and Textile Industries Federation,87217,1024,0
2019,Lebanon,223769,M1 Group,135198,1025,0
2019,Lebanon,224652,Al-Mawarid Bank SAL,135519,1004,0
2019,Lebanon,226557,Sunrise Estate Development Ltd.,137064,1004,0
2019,Lebanon,229133,Fenicia Bank SAL,139992,1004,0
2019,Japan,225545,Suntory Business Expert Ltd.,136184,1004,0
2019,Luxembourg,218394,Oxford BioChronometrics,125891,1004,0
2019,Luxembourg,104209,SPI Group SARL,54033,1004,0
2019,Lebanon,259905,Jammal Trust Bank SAL,157903,1015,0
2019,Lesotho,167822,Lesotho Textile Exporters' Association,73439,1001,0
2019,Mexico,136355,National Chamber of the Fishing and Aquaculture Industry (Mexico),49765,1022,0
2019,Mexico,154400,América Móvil SAB de CV,70879,1004,0
2019,Marshall Islands,220468,Enewetak/Ujelang (Marshall Islands) Local Government,129439,1010,0
2019,Mauritius,14393,Mauritius Chamber of Agriculture and Mauritius Sugar Syndicate,46486,1022,0
2019,Mexico,4624,Avocado Producers of Mexico,39005,1006,0
2019,Netherlands,43365,Friends of the Earth,56293,1020,0
2019,Netherlands,80632,KLM Royal Dutch Airlines,38712,1017,0
2019,Mexico,267445,Consultores Internacionales Ansley,159602,1006,0
2019,Mexico,215003,Independent University of Guadalajara (Mexico),121414,1007,0
2019,Mexico,240933,Hassan Mansur Family,146030,1025,0
2019,Mexico,240934,Edgar and Arturo Ruiz,146031,1025,0
2019,Nigeria,234561,Afritec Utilities Ltd.,143997,1004,0
2019,Norway,165468,Equinor ASA,46604,1004,0
2019,Norway,213102,Norwegian Air Shuttle ASA,119835,1004,0
2019,Netherlands,154720,"Anthos, the Royal Trade Association for Nursery Stock and Flower Bulbs",49154,1001,0
2019,Netherlands,226044,Fontem Ventures BV,136837,1004,0
2019,Netherlands,229865,KazMunayGas International NV,140579,1004,0
2019,Norway,274453,Sensonor AS,160150,1004,0
2019,Norway,289782,Aker BioMarine AS,113547,1025,0
2019,Palestine,241262,Palestine Institute for Public Diplomacy,146183,1024,0
2019,Norway,236881,Hy5Pros AS,144747,1004,0
2019,Philippines,16050,Sugar Alliance of the Philippines,42103,1022,0
2019,Philippines,220031,Confederation of Garment Exporters of the Philippines,52618,1024,0
2019,Philippines,271562,Rappler Inc.,159913,1004,0
2019,Poland,275231,Polskie LNG SA,160227,1004,0
2019,Saudi Arabia,345531,Government of Saudi Arabia,32093,1009,0
2019,Singapore,248009,Temasek Capital Management Pte Ltd.,149684,1009,0
2019,Singapore,252001,Astroscale Pte. Ltd.,152525,1004,0
2019,South Africa,217185,South African Avocado Growers Association,124289,1004,0
2019,Qatar,249107,Qatar Aluminium Ltd.,151149,1004,0
2019,Qatar,252362,BeIN Media Group LLC,153378,1004,0
2019,Russia,201924,Ivanyan & Partners,110293,1025,0
2019,Russia,217175,Gazprombank,124271,1022,0
2019,Russia,264999,En+ Group International Public Joint-Stock Co.,159380,1004,0
2019,Afghanistan,260307,Fidelis Logistic and Supply Services,157982,1004,0
2019,Argentina,241534,YPF SA,59804,1017,0
2019,Australia,157994,Brambles Ltd.,72104,1025,0
2019,Australia,228998,Silex Systems Ltd.,139920,1004,0
2019,Australia,252395,Breville Pty. Ltd.,153503,1004,0
2019,Austria,277583,Raiffeisen Bank International AG,160579,1004,0
2019,Bahrain,137785,Bahrain Economic Development Board,67291,1009,0
2019,Australia,282231,Minderoo Foundation Pty. Ltd.,161403,1002,0
2019,Austria,234557,voestalpine Tubulars GmbH & Co. KG,143986,1004,0
2019,Belgium,238980,European Dredging Association,145673,1001,0
2019,Belgium,222501,APOPO,134263,1024,0
2019,Brazil,262840,AlgaD Bioprocess,158906,1004,0
2019,Brazil,345577,Brazilian Sugarcane Industry Association,53348,1016,0
2019,Bulgaria,252930,RTB One Ltd.,153753,1004,0
2019,Canada,5583,J.D. Irving Ltd.,41132,1004,0
2019,Canada,9717,Iogen Corp.,37486,1004,0
2019,Canada,55191,Irving Oil Ltd.,53831,1004,0
2019,Canada,17785,Bombardier Inc.,34341,1004,0
2019,Canada,190673,A.C.E. Consulting,100472,1017,0
2019,Canada,178633,Cooke Aquaculture Inc.,98417,1004,0
2019,Canada,172494,Porter Airlines Inc.,85067,1017,0
2019,Canada,175853,Manitoba Hydro Corp.,87133,1010,0
2019,Canada,203128,Business Council of Canada,111008,1004,0
2019,Canada,206395,Maritime Industrial Transportation Alliance,114400,1004,0
2019,Canada,210470,Medicago Inc.,79263,1027,0
2019,Canada,80312,Aeroports de Montreal (Canada),61623,1004,0
2019,Canada,80858,Fairfax Financial Holdings Ltd.,68765,1017,0
2019,Canada,145890,Uranium One Inc.,50209,1004,0
2019,Canada,152570,Vancouver (Canada) International Airport Authority,50417,1010,0
2019,Canada,156226,Resolute Forest Products,52690,1004,0
2019,United Kingdom,283630,Satoshi Nakamoto Renaissance Holdings,162549,1004,0
2019,United Kingdom,255441,KPMG LLP (UK),154977,1004,0
2019,Venezuela,343388,Petroleos de Venezuela SA,68287,1022,0
2019,United Kingdom,286017,Xcalibur Aerospace Ltd.,163743,1004,0
2019,United Kingdom,93175,Children's Investment Fund  Foundation,64418,1024,0
2019,United Kingdom,102350,Hesco Military Products Ltd.,50850,1004,0
2019,United Kingdom,60581,International Banking Federation Ltd.,61673,1024,0
2019,United Kingdom,66934,Oil Companies International Marine Forum,55842,1024,0
2019,United Kingdom,80628,Argon Electronics,48408,1004,0
2019,United Kingdom,80629,Aircontrol Technologies,56233,1004,0
2019,United Kingdom,80639,SELEX ELSAG SpA,58013,1017,0
2019,United Kingdom,80640,VT Group plc,39759,1017,0
2019,United Kingdom,82004,Cobham plc,62041,1004,0
2019,United Kingdom,238081,TheCityUK,145198,1004,0
2019,United Kingdom,218609,Dorchester Group Ltd.,126707,1004,0
2019,United Kingdom,206100,International Underwriting Association of London (England),65629,1001,0
2019,United Kingdom,155246,RELX Group plc,36657,1004,0
2019,United Kingdom,168025,Argus Media Inc.,78867,1004,0
2019,Ukraine,231348,National Reforms Council of Ukraine,141947,1011,0
2019,Ukraine,235327,Amatex Capital,144511,1004,0
2019,Ukraine,271898,Trident Defence LLC,159955,1004,0
2019,Ukraine,297930,Babi Yar Holocaust Memorial Charity Fund,169623,1024,0
2019,Ukraine,253315,Velta LLC,153905,1004,0
2019,United Kingdom,27461,British Airways plc,33535,1004,0
2019,United Arab Emirates,297928,Arton Capital Inc.,169626,1004,0
2019,United Kingdom,15003,Association of British Insurers,68634,1004,0
2019,Switzerland,312268,Glencore International AG,106905,1004,0
2019,Switzerland,259265,CRISPR Therapeutics AG,157640,1004,0
2019,Switzerland,233691,Organization for an International Geographical Indications Network,143448,1024,0
2019,Sudan,245618,Bank of Khartoum,148484,1004,0
2019,Sweden,4549,Saab AB,36725,1004,0
2019,Sweden,195388,TriOptima AB,104278,1004,0
2019,Sweden,220730,Spotify AB,129633,1004,0
2019,Switzerland,5128,Swiss Bankers Association,63142,1001,0
2019,Switzerland,48394,Transocean Ltd.,55537,1004,0
2019,South Korea,110705,Samsung C&T Corp.,43762,1004,0
2019,South Korea,135191,Korea Trade-Investment Promotion Agency,38954,1024,0
2019,South Korea,135298,Korea International Trade Association,38704,1001,0
2019,South Korea,284456,KT&G Corp.,163117,1004,0
2019,Spain,222220,La Liga,130885,1015,0
2019,Spain,5474,Amadeus IT Group SA,45814,1004,0
2020,United Kingdom,20225,GSK plc,34599,1004,4850000
2020,Cayman Islands,198250,Alibaba Group Holding Ltd.,106981,1004,4070000
2020,Ireland,40757,Accenture plc,33683,1004,3770000
2020,Switzerland,270682,Nord Stream 2 AG,144925,1004,3630000
2020,Sweden,190663,Volvo Car Corp.,100399,1004,1960000
2020,Bermuda,314782,Athene Holding Ltd.,136722,1027,1910000
2020,Switzerland,45939,TE Connectivity Ltd.,59043,1004,1900000
2020,South Korea,11132,Hyundai Motor America,35417,1004,1480000
2020,Canada,308451,Canadian National Railway Co.,55243,1004,1385000
2020,Qatar,286022,Al Jazeera Media Network,115033,1004,1340000
2020,China,255802,Zhongxing Telecommunications Equipment Corp.,54011,1004,1150000
2020,South Korea,157125,Samsung Electronics Co. Ltd.,54009,1004,1130000
2020,Canada,105375,TransCanada PipeLines Ltd.,37220,1004,1120000
2020,Canada,78286,Apotex Inc.,41468,1004,1070000
2020,Canada,252315,Cameco Corp.,67993,1004,1010000
2020,South Korea,301727,Kia Corp.,57419,1004,1000000
2020,China,292660,Tencent Holdings Ltd.,166101,1004,950000
2020,India,233118,Glenmark Pharmaceuticals Ltd.,143234,1017,897000
2020,United Kingdom,231378,CSL Seqirus,141965,1004,870000
2020,India,345185,Reliance Industries Ltd.,39549,1004,850000
2020,Kuwait,254494,KGL Logistics,134256,1025,800000
2020,Luxembourg,296205,Fermaca de México SARL,167873,1004,760000
2020,Bermuda,110547,Assured Guaranty Ltd.,61236,1004,760000
2020,Singapore,37324,APL Ltd.,39843,1004,735000
2020,India,266833,National Association of Software and Services Companies,36006,1024,700000
2020,South Korea,345158,SK Innovation Co. Ltd.,170380,1027,650000
2020,United Kingdom,91989,Alternative Investment Management Association Ltd.,60834,1001,600000
2020,Liberia,241924,Africell Holding SAL,146598,1004,600000
2020,Germany,190800,Fresenius Medical Care AG and Co. KGaA,43697,1004,600000
2020,Latvia,244924,ABLV Bank AS,147635,1015,550000
2020,Luxembourg,222945,LetterOne Holdings SA,134404,1004,520000
2020,China,292420,Shiji Group,165842,1004,510000
2020,China,258943,Fujian Jinhua Integrated Circuit Co. Ltd.,157398,1004,480000
2020,Canada,101134,CPP Investments,60416,1009,460000
2020,United Kingdom,112293,Lloyd's of London,51179,1017,460000
2020,Canada,293672,Endless Ventures LLC,166557,1004,450000
2020,Switzerland,79352,F. Hoffmann-La Roche Ltd.,44018,1004,440000
2020,China,288984,MEGVII Technology Ltd.,164558,1004,420000
2020,United Kingdom,216441,NovoCure Ltd.,123727,1004,420000
2020,France,92567,CMA CGM SA,55847,1004,410000
2020,South Korea,238934,Hyosung Corp.,145589,1004,400000
2020,Canada,274288,Champion Petfoods LP,160129,1004,400000
2020,Canada,151144,"Province of Saskatchewan, Canada",39875,1004,400000
2020,Switzerland,28071,Novartis AG,32084,1004,370000
2020,Mexico,294153,Associations of Mexican Tomato Growers,166875,1004,370000
2020,Nigeria,252696,Aiteo Group,153598,1004,360000
2020,Panama,252195,Promerica Financial Corp.,152891,1004,360000
2020,Switzerland,12803,Swiss Reinsurance Co. Ltd.,36971,1004,360000
2020,Canada,253602,Canopy Growth Corp.,153966,1004,360000
2020,United Kingdom,206116,Smiths Group plc,36822,1004,360000
2020,United Kingdom,136626,Martin-Baker Aircraft Co. Ltd.,51104,1004,360000
2020,Canada,54860,TC Energy Corp.,58227,1004,352500
2020,Ireland,196504,Trane Technologies plc,105856,1004,350000
2020,Switzerland,284354,Bitcoin Association,163011,1004,320000
2020,Netherlands,108189,Wolters Kluwer NV,41211,1004,320000
2020,United Kingdom,161149,International Marine Contractors Association,70300,1001,320000
2020,Japan,153625,SoftBank Group Corp.,71296,1004,315000
2020,China,299095,Semiconductor Manufacturing International Corp.,169676,1004,310000
2020,France,292291,Worldwide Flight Services,76209,1027,290000
2020,China,294990,Yum China Holdings Inc.,167045,1004,280000
2020,Ukraine,230353,Nuclear Energy Systems of Ukraine LLC,140926,1004,280000
2020,Switzerland,48784,"Gavi, the Vaccine Alliance",41878,1002,280000
2020,Canada,50759,BlackBerry Ltd.,39684,1004,280000
2020,United Kingdom,21068,InterContinental Hotels Group plc,42180,1004,270000
2020,Norway,224504,DNV GL Group AS,135403,1004,270000
2020,France,190762,Natixis Global Asset Management SA,100369,1004,260000
2020,Germany,41256,SWK Stadtwerke Kaiserslautern GmbH,60235,1022,260000
2020,Israel,152987,InSightec Ltd.,51604,1022,256000
2020,Spain,90209,Repsol SA,39942,1027,250000
2020,Belgium,199627,SWIFT SCRL,108445,1004,250000
2020,Ireland,292478,Mare Finance Investment Holdings Designated Activity Co.,165855,1027,247500
2020,Norway,241172,Coalition for Epidemic Preparedness Innovations,146141,1020,242000
2020,Netherlands,237722,Wintershall Dea Nederland Transport and Trading BV,145000,1004,240000
2020,Mexico,66615,GRUMA Corp.,53860,1004,240000
2020,South Korea,228032,Hyundai Steel Co. Ltd.,138657,1004,240000
2020,South Korea,265849,NEXTEEL Co. Ltd.,159457,1004,240000
2020,United Kingdom,70436,London Stock Exchange Group plc,56834,1017,240000
2020,India,58329,Tata Consultancy Services Ltd.,36985,1017,240000
2020,Iraq,342328,"Government of Kurdistan, Iraq",41486,1009,240000
2020,Guam,104168,DFS Guam LP,56918,1004,240000
2020,Austria,226695,OMV AG,137309,1004,240000
2020,United Kingdom,248619,Islamic Relief Worldwide,117787,1018,240000
2020,South Korea,339904,LG Chem Ltd.,158070,1004,231666
2020,Spain,255073,Deoleo SA,154253,1004,230000
2020,Cyprus,223676,Nest Investments (Holdings) Ltd.,135067,1004,230000
2020,Ireland,220310,Horizon Therapeutics plc,129299,1004,230000
2020,Kuwait,287049,KGL Investment Co. KSCC,157589,1004,230000
2020,Australia,294193,First Quantum Minerals Ltd.,166850,1004,225000
2020,Australia,292541,Aeris Environmental Ltd.,166249,1004,220000
2020,Canada,18900,Electricity Canada,52083,1001,220000
2020,Canada,250150,Pembina Pipeline Corp.,151996,1004,220000
2020,Canada,234449,General Fusion Inc.,143925,1004,220000
2020,Canada,277593,Absolute Software Corp.,160633,1017,220000
2020,Lebanon,13804,American University of Beirut,61282,1007,220000
2020,United Kingdom,283160,ICU Advisory Ltd.,161765,1004,220000
2020,United Kingdom,247936,Teekay Shipping (UK) Ltd.,149588,1004,210000
2020,China,258945,Huawei Technologies Co. Ltd.,46599,1004,210000
2020,Mexico,158255,Deacero SAPI de CV,52203,1004,210000
2020,Brazil,330382,J&F Investimentos SA,162980,1004,210000
2020,France,207673,National Council of Resistance of Iran,67129,1011,205000
2020,France,152893,Comité Interprofessionnel du Vin de Champagne,44894,1027,200000
2020,United Kingdom,65064,Vodafone Group plc,71909,1004,200000
2020,United Arab Emirates,219780,Etihad Airways PJSC,128343,1004,200000
2020,Taiwan,250136,Next Animation Studio Ltd.,151997,1004,200000
2020,Canada,259316,Crystallex International,157714,1004,200000
2020,United Kingdom,191009,Inmarsat plc,101145,1004,200000
2020,United Kingdom,248678,Financial Data and Technology Association North America,150688,1001,195000
2020,Canada,232251,Medisca Inc.,142501,1004,190000
2020,Australia,228530,IFM Investors Pty. Ltd.,139477,1004,190000
2020,Australia,292223,GreyScan Australia Pty. Ltd.,165922,1004,190000
2020,Canada,296382,Largo Inc.,167939,1004,180000
2020,Austria,256895,Valneva Austria GmbH,156351,1004,180000
2020,Bermuda,48728,Arch Capital Group Ltd.,49309,1004,180000
2020,Taiwan,137578,Tatung Co.,58231,1004,180000
2020,Spain,234615,Cosentino SAU,144021,1004,180000
2020,Netherlands,242042,Booking.com BV,146643,1017,180000
2020,Norway,319773,Axnes Aviation AS,39541,1004,180000
2020,Norway,320905,DSG Technology AS,86279,1004,180000
2020,Germany,76888,Deutsche Lufthansa AG,51017,1017,180000
2020,United Kingdom,292338,Skyscanner Ltd.,165836,1004,180000
2020,United Kingdom,295070,Human Rights Project Management,167092,1004,180000
2020,United Kingdom,144298,EUSA Pharma LLC,64459,1004,170000
2020,China,298860,Inspur Group Co. Ltd.,170391,1004,170000
2020,Canada,16820,Gildan Activewear Inc.,64325,1022,170000
2020,Canada,153058,Teck Resources Ltd.,71203,1004,170000
2020,Australia,79502,BHP,49347,1004,170000
2020,Canada,172383,Armatec Survivability Corp.,85070,1004,160000
2020,Canada,191455,Ontario Teachers' Pension Plan,101473,1020,160000
2020,Canada,292431,Medicom Group,165890,1004,160000
2020,Canada,216948,Waterton Global Resource Management Inc.,123942,1004,160000
2020,Canada,207249,Canadian International Pharmacy Association,48160,1017,160000
2020,England,210335,Mallinckrodt plc,117476,1012,160000
2020,Denmark,343429,Bavarian Nordic AS,68750,1004,160000
2020,Belgium,246740,European Jewish Congress,149418,1020,159999
2020,United Kingdom,222826,Aptiv plc,134357,1004,154202
2020,Japan,245090,Mizuho Bank Ltd.,147797,1004,150000
2020,South Korea,245529,Hyundai Electric & Energy Systems Co. Ltd.,148411,1004,150000
2020,Switzerland,233220,CSL Vifor,109516,1004,150000
2020,Kuwait,282261,Agility Public Warehousing Company KSCP,157881,1009,145000
2020,Italy,137825,Mirabella SG SpA,38881,1004,140000
2020,Netherlands,101611,Association of Dutch Insurers,44904,1001,140000
2020,Canada,301147,Carbon Engineering Ltd.,156366,1027,139200
2020,Canada,289664,RS Technologies Inc.,164685,1004,130000
2020,Canada,198364,Livingston International Income Fund,107150,1025,130000
2020,Netherlands,278620,Allseas Nederland (Brasil) BV,160825,1004,130000
2020,Liberia,218628,Commission Import Export SA,126760,1008,130000
2020,Netherlands,90815,Shell International BV,44096,1004,120000
2020,Japan,136714,Toyota Motor Corp.,32537,1004,120000
2020,Japan,229889,Japanese Conservative Union,140599,1009,120000
2020,Japan,289720,ANA Holdings Inc.,164839,1004,120000
2020,Japan,154656,Japan Automobile Manufacturers Association Inc.,68737,1001,120000
2020,Japan,226452,Sumitomo Rubber Industries Ltd.,136919,1004,120000
2020,France,210563,ENGIE SA,52162,1004,120000
2020,Egypt,241640,American University in Cairo,103162,1007,120000
2020,Germany,237717,Uniper SE,144998,1004,120000
2020,Hong Kong,92474,Esquel Enterprises Ltd.,64299,1004,120000
2020,Canada,160088,Binational Softwood Lumber Council,69983,1008,120000
2020,Canada,46437,New Flyer of America Inc.,54378,1004,120000
2020,Canada,81389,Brookfield Renewable Power Inc.,39669,1004,120000
2020,Canada,294856,Refraction Asset Management Ltd.,166945,1004,120000
2020,Canada,218955,Cascade Aerospace Inc.,127711,1004,120000
2020,Canada,259502,Nymox Pharmaceutical Corp.,157781,1004,120000
2020,Canada,249379,Sunrise Foods International Inc.,151400,1004,120000
2020,United Kingdom,217028,Raytheon Systems Ltd.,124043,1004,120000
2020,Ivory Coast,299082,KPMG Cote d'Ivoire,170727,1004,113300
2020,Japan,92846,NEC Corp.,68685,1004,110000
2020,Norway,289782,Aker BioMarine AS,113547,1025,110000
2020,Norway,296029,Kistefos AS,167761,1004,110000
2020,Switzerland,24440,International Olympic Committee,61519,1024,110000
2020,Canada,232185,AdvanTec Global Innovations,142461,1004,110000
2020,Canada,292331,Grodan Inc.,165921,1004,110000
2020,Canada,107891,Bombardier Recreational Products,57755,1004,110000
2020,"Georgia, Republic of",270339,Rustavi Steel LLC,159805,1004,108500
2020,Germany,259241,Transparency International EV,120363,1024,107000
2020,Germany,291366,Veridos America Inc.,165285,1004,100000
2020,"Georgia, Republic of",296499,Anaklia Development Consortium LLC,168031,1004,100000
2020,Italy,190548,Impresa Pizzarotti & C. SpA,100148,1004,100000
2020,Ireland,278634,Irish Distillers,160815,1004,100000
2020,Taiwan,297472,Confucian Co. Ltd.,168890,1004,100000
2020,Netherlands,92835,Royal DSM NV,56394,1004,100000
2020,Mexico,154004,CEMEX SAB de CV,68747,1004,100000
2020,Canada,191780,Ucore Rare Metals Inc.,101358,1004,100000
2020,Canada,291716,Shopify Inc.,165470,1004,100000
2020,Canada,273762,Ascendant Resources Inc.,160088,1004,100000
2020,Australia,262119,Partners in Performance Pty. Ltd.,158346,1004,100000
2020,Canada,137739,Chamber of Marine Commerce,57407,1001,98000
2020,Canada,178294,Norampac,98236,1004,93335
2020,Canada,188354,Kruger Inc.,100524,1004,90000
2020,Canada,264195,NexGen Energy Ltd.,159240,1004,90000
2020,Canada,296103,Rugged Displays USA Inc.,167724,1004,90000
2020,Afghanistan,213558,American University of Afghanistan,120295,1004,90000
2020,Spain,277586,Meliá Hotels International SA,160592,1004,90000
2020,South Korea,343306,POSCO,38860,1004,90000
2020,Indonesia,259232,Global Axis Partnership,157650,1004,90000
2020,Italy,288176,Garmont International SRL,164101,1004,90000
2020,Switzerland,266103,IKEA Supply AG,159492,1004,87000
2020,United Kingdom,277541,Global Infrastructure Investor Association,160606,1004,85000
2020,United Kingdom,252039,Wyelands Capital,152557,1004,80000
2020,United Kingdom,297674,MicroGEM International plc,169137,1004,80000
2020,United Kingdom,288189,ICP London Ltd.,164097,1004,80000
2020,Italy,91925,Global Crop Diversity Trust,64292,1002,80000
2020,Japan,153490,Hitachi Ltd.,65993,1004,80000
2020,Japan,297014,Toshiba Corp.,68746,1020,80000
2020,Lebanon,241891,Cedrus Bank SAL,146565,1004,80000
2020,France,235677,Constellium Paris,144621,1004,80000
2020,Hong Kong,176299,D'Luxe Group Ltd.,87316,1017,80000
2020,Germany,262076,thyssenkrupp Access Solutions GmbH,158304,1004,80000
2020,Germany,258159,Roche Diagnostics GmbH,44893,1027,80000
2020,France,102792,AXA SA,53943,1004,80000
2020,Canada,283168,FlavourArt North America Inc.,161768,1004,80000
2020,Canada,220216,Sanexen Environmental Services Inc.,129133,1004,80000
2020,Canada,207381,Federal Marine Terminals Inc.,115717,1004,80000
2020,Canada,248309,ISARA Corp.,150246,1004,80000
2020,Canada,235652,Communitech Corp.,144623,1017,80000
2020,Canada,257736,enCore Energy Corp.,156457,1004,80000
2020,Canada,62616,Greater Toronto (Canada) Airports Authority,41355,1009,80000
2020,Belgium,238773,"Dredging, Environmental and Marine Engineering NV",145548,1004,80000
2020,United Kingdom,222338,International Game Technology plc,59650,1004,76000
2020,Canada,284131,Inventys Thermal Technologies Inc.,162977,1004,75000
2020,Netherlands,200034,International Association of STM Publishers,109282,1001,75000
2020,United Kingdom,7927,HSBC Holdings plc,51657,1004,70000
2020,Canada,285291,Americas Gold and Silver Corp.,163589,1004,70000
2020,Cayman Islands,288963,Port Fund LP,152631,1027,70000
2020,United Kingdom,245299,Life Molecular Imaging Ltd.,148070,1004,70000
2020,United Kingdom,262184,Coal Trading and Utilities Ltd.,158463,1001,70000
2020,United Kingdom,82239,Daily Mail and General Trust plc,54651,1004,67200
2020,Belgium,148453,European Banking Federation,45474,1024,65000
2020,Switzerland,241760,ARETI International Group,146481,1003,65000
2020,Spain,284867,Inter-Professional Table Olives Organization of Spain,163369,1004,60000
2020,Netherlands,154393,Royal Boskalis Westminster NV,51614,1017,60000
2020,Germany,279058,Diehl Stiftung & Co. KG,160926,1004,60000
2020,Guatemala,67602,Central American Sugar Association,50627,1001,60000
2020,Haiti,320204,Association of Industries of Haiti,41144,1001,60000
2020,Hong Kong,249832,World Dog Alliance Ltd.,151787,1024,60000
2020,Germany,296052,Association of the German Confectionery Industry,167801,1004,60000
2020,Canada,136787,World Anti-Doping Agency,66716,1024,60000
2020,Canada,298126,SQI Diagnostics Inc.,169800,1004,60000
2020,Canada,238249,Geotab Inc.,145300,1004,60000
2020,United Kingdom,293627,Paxman Coolers Ltd.,166523,1004,60000
2020,Brazil,288060,Brazilian Avocado Commission,163943,1004,56000
2020,Qatar,245677,Qatar National Human Rights Committee,148593,1015,55250
2020,Malaysia,148194,Association of Asia Pacific Airlines,65120,1001,52500
2020,Israel,233423,Nexar Ltd.,143350,1004,50000
2020,Italy,295524,Fantic Motor SpA,167604,1004,50000
2020,China,296908,Shanghai Liangrun Biomedicine Technology Co. Ltd.,168170,1027,50000
2020,China,269518,Fuyao Glass Industry Group Co. Ltd.,159748,1004,50000
2020,Russia,245992,Alexander Skorobogatko and Alexander Ponomarenko,149063,1004,50000
2020,Netherlands,285266,OLX Global BV,163541,1004,50000
2020,Mauritius,291353,IHS Holding Ltd.,165331,1004,50000
2020,Sweden,266105,IKEA of Sweden AB,159493,1004,50000
2020,South Korea,302726,LG Energy Solution Ltd.,173773,1027,50000
2020,Canada,297101,Alaska to Alberta Railway Development Corp.,168371,1004,50000
2020,Australia,176318,Lynas Rare Earths Ltd.,87322,1004,50000
2020,Canada,107875,Nordion (Canada) Inc.,48328,1004,45000
2020,South Korea,294229,Enzychem Lifesciences Corp.,166854,1004,45000
2020,Denmark,233204,BioPorto Diagnostics AS,143242,1004,45000
2020,United Kingdom,288850,MedTrade Products Ltd.,164373,1004,45000
2020,United Kingdom,238566,Cruelty Free International,145470,1004,40000
2020,United Kingdom,137242,Aston Martin Lagonda Ltd.,66825,1004,40000
2020,Hong Kong,163610,China-United States Exchange Foundation,70876,1002,40000
2020,Japan,342602,Nippon Telegraph and Telephone Corp.,68742,1004,40000
2020,Spain,296930,Iberdrola SA,86268,1027,40000
2020,Spain,283226,Hispasat SA,162015,1004,40000
2020,Turkey,238038,Halkbank Inc.,145148,1004,40000
2020,New Zealand,210950,Fonterra Cooperative Group Ltd.,118033,1004,40000
2020,Canada,89601,Onex Corp.,48829,1004,40000
2020,Canada,66667,Revision Military Inc.,68754,1004,40000
2020,Canada,172826,Canola Council of Canada,86251,1001,40000
2020,Bermuda,177211,Bacardi Ltd.,63891,1004,40000
2020,Bermuda,91983,RenaissanceRe Holdings Ltd.,47103,1022,40000
2020,Canada,208093,Canadian Cattlemen's Association,42255,1001,40000
2020,Canada,205402,Capital Power Corp.,113543,1004,40000
2020,Canada,210825,Top Aces Corp.,117884,1004,40000
2020,Australia,204022,Rubicon Water,111930,1004,40000
2020,Australia,11031,Meat and Livestock Australia Ltd.,46270,1004,40000
2020,Japan,147740,Institute of Cetacean Research,51720,1022,35970
2020,Israel,282614,Psagot Winery,161464,1004,30000
2020,Israel,296875,Neteera Technologies Ltd.,168137,1004,30000
2020,Japan,154102,Daikin Industries Ltd.,63836,1004,30000
2020,China,165437,American Chamber of Commerce in Shanghai (China),71101,1006,30000
2020,Monaco,221681,MARSS Ltd.,129962,1015,30000
2020,Russia,64484,GML Ltd.,56815,1022,30000
2020,Ukraine,267918,Babyn Yar Holocaust Memorial Center,159661,1002,30000
2020,United Arab Emirates,221711,American Business Group of Abu Dhabi,110273,1006,30000
2020,Spain,234986,Tabacalera SLU,144324,1004,30000
2020,Canada,206395,Maritime Industrial Transportation Alliance,114400,1004,30000
2020,Canada,298408,Cardiol Therapeutics Inc.,170111,1004,30000
2020,Canada,300716,Octasic Inc.,171816,1004,30000
2020,Austria,277583,Raiffeisen Bank International AG,160579,1004,30000
2020,Bermuda,244929,Liberty Latin America Ltd.,147607,1017,30000
2020,Canada,104578,Kinross Gold Corp.,60667,1004,30000
2020,United Kingdom,212955,Allegion (UK) Ltd.,119734,1004,30000
2020,United Kingdom,296907,Summit Therapeutics plc,168169,1004,30000
2020,Canada,252835,Klox Technologies Inc.,153704,1004,29000
2020,Austria,288088,PPC Insulators Austria GmbH,163923,1027,25000
2020,United Nations,204172,Navajo County (Ariz.) Public Works,112314,1010,24000
2020,United Kingdom,299149,HSBC Latin America Holdings (UK) Ltd.,170821,1004,20000
2020,United Kingdom,288855,Gylden Pharma Ltd.,164390,1004,20000
2020,United Kingdom,284414,Kelkoo.com (UK) Ltd.,163066,1004,20000
2020,Brazil,283256,Claro SA,162098,1004,20000
2020,Bermuda,283212,ABS Global Ltd.,161892,1004,20000
2020,Canada,17785,Bombardier Inc.,34341,1004,20000
2020,Cambodia,296216,Cambodia Footwear Association,167879,1004,20000
2020,Canada,199259,Canadian Solar Inc.,107538,1004,20000
2020,Canada,212106,Trojan Technologies Inc.,118866,1025,20000
2020,Canada,297753,JFE Shoji Power Canada Inc.,169385,1004,20000
2020,Canada,262722,Northstar Earth & Space Systems Inc.,158827,1004,20000
2020,South Korea,299902,Zinus Inc.,171863,1004,20000
2020,Norway,241758,Nordby Associates AS,146466,1004,20000
2020,Mexico,259352,Consejo Coordinador Empresarial,144073,1009,20000
2020,Netherlands,238772,Van Oord NV,145545,1004,20000
2020,Netherlands,196075,ASML Netherlands BV,105108,1025,20000
2020,France,225129,Edenred SE,135668,1004,20000
2020,Hong Kong,192340,Hong Kong Woollen and Synthetic Knitting Manufacturers' Association Ltd.,102068,1001,20000
2020,Guam,104063,AmChams of Asia Pacific,51991,1006,20000
2020,Japan,227101,American Chamber of Commerce in Japan,137957,1006,20000
2020,Israel,284092,Simplivia Healthcare Ltd.,162931,1004,20000
2020,Luxembourg,153843,SES SA,68844,1004,13500
2020,Belgium,228935,European Federation for Transport and Environment AISBL,139897,1027,12500
2020,Belgium,13398,International Association of Professional Numismatists,46036,1001,10000
2020,Australia,299655,4D Medical,171748,1004,10000
2020,Bermuda,245819,Central European Media Enterprises Ltd.,148830,1022,10000
2020,Bermuda,232940,Rendeavour Holding Ltd.,143081,1004,10000
2020,Canada,263131,Vanroboys Group of Cos.,159131,1004,10000
2020,Canada,247958,Xtract One Detection Ltd.,149632,1004,10000
2020,Libya,230279,Association of Banks in Lebanon,111912,1001,10000
2020,Malta,93711,King.com Ltd.,64488,1007,10000
2020,Israel,248821,FinCom Ltd.,150889,1027,10000
2020,Germany,203143,Continental AG,39312,1004,10000
2020,China,149879,American Chamber of Commerce in the People’s Republic of China,50597,1006,10000
2020,Mexico,299699,Banco Azteca SA,171784,1004,10000
2020,Mexico,259136,Corey SA de CV,157575,1004,10000
2020,Spain,283668,Management Hotelero Piñero SL,162656,1004,10000
2020,United Kingdom,92118,Gabriel Resources Ltd.,43705,1017,10000
2020,United Kingdom,93534,INEOS Group Ltd.,47757,1004,10000
2020,United Kingdom,292407,Market News International,165896,1004,10000
2020,United Kingdom,231974,Ultra Electronics Holdings plc,68759,1027,10000
2020,United Kingdom,283606,CrowdVision Ltd.,162513,1004,0
2020,United Kingdom,283630,Satoshi Nakamoto Renaissance Holdings,162549,1004,0
2020,United Kingdom,253195,African Growth Corp.,153871,1004,0
2020,United Kingdom,254994,Petroceltic Holding Ltd.,154113,1004,0
2020,United Kingdom,255666,Yoti Ltd.,155638,1004,0
2020,United Kingdom,194514,Global Witness Ltd.,37234,1027,0
2020,United Kingdom,218609,Dorchester Group Ltd.,126707,1004,0
2020,United Kingdom,221888,TSG Interactive Services Ltd.,130342,1004,0
2020,United Kingdom,138707,Tate & Lyle plc,67743,1004,0
2020,United Kingdom,154775,Vodafone Group Services Ltd.,69610,1004,0
2020,United Kingdom,168025,Argus Media Inc.,78867,1004,0
2020,United Kingdom,286017,Xcalibur Aerospace Ltd.,163743,1004,0
2020,United Kingdom,290493,Wejo Ltd.,165100,1004,0
2020,United Kingdom,305970,Cobalt Institute,175515,1004,0
2020,Venezuela,343388,Petroleos de Venezuela SA,68287,1022,0
2020,United Kingdom,66934,Oil Companies International Marine Forum,55842,1024,0
2020,United Kingdom,69960,Barclays Bank plc,41666,1004,0
2020,United Kingdom,80628,Argon Electronics,48408,1004,0
2020,United Kingdom,80629,Aircontrol Technologies,56233,1004,0
2020,United Kingdom,80639,SELEX ELSAG SpA,58013,1017,0
2020,United Kingdom,80640,VT Group plc,39759,1017,0
2020,United Kingdom,27461,British Airways plc,33535,1004,0
2020,United Kingdom,60581,International Banking Federation Ltd.,61673,1024,0
2020,Ukraine,271898,Trident Defence LLC,159955,1004,0
2020,Ukraine,297930,Babi Yar Holocaust Memorial Charity Fund,169623,1024,0
2020,Ukraine,323376,Government of Ukraine,51653,1009,0
2020,Taiwan,232697,Willis Electric Co. Ltd.,142854,1004,0
2020,Ukraine,253315,Velta LLC,153905,1004,0
2020,Turkey,296852,Turkish Aerospace Industries Inc.,158180,1027,0
2020,Switzerland,258331,Cormo AG,156908,1004,0
2020,Switzerland,280557,Diem Association,161220,1015,0
2020,Sweden,4549,Saab AB,36725,1004,0
2020,Sweden,195388,TriOptima AB,104278,1004,0
2020,Switzerland,102886,Credit Suisse Group AG,39407,1004,0
2020,South Korea,282609,SK Siltron Co. Ltd.,161462,1004,0
2020,Spain,5474,Amadeus IT Group SA,45814,1004,0
2020,Mexico,267445,Consultores Internacionales Ansley,159602,1006,0
2020,Morocco,299243,OCP SA,38639,1022,0
2020,Netherlands,43365,Friends of the Earth,56293,1020,0
2020,Netherlands,80632,KLM Royal Dutch Airlines,38712,1017,0
2020,Mexico,4624,Avocado Producers of Mexico,39005,1006,0
2020,Mexico,26428,Confederation of Agricultural Associations of the State of Sinaloa,38910,1015,0
2020,Mexico,215003,Independent University of Guadalajara (Mexico),121414,1007,0
2020,Mexico,136355,National Chamber of the Fishing and Aquaculture Industry (Mexico),49765,1022,0
2020,Mexico,303145,Associations of Bell Peppers Growers and Importers,173959,1004,0
2020,Netherlands,154720,"Anthos, the Royal Trade Association for Nursery Stock and Flower Bulbs",49154,1001,0
2020,Netherlands,297188,Lithium Werks Inc.,168461,1004,0
2020,Norway,274453,Sensonor AS,160150,1004,0
2020,Norway,165468,Equinor ASA,46604,1004,0
2020,Qatar,252362,BeIN Media Group LLC,153378,1004,0
2020,Panama,89491,CBI Sugar Group,62550,1022,0
2020,Panama,262961,Energia y Renovacion Holdings SA,159045,1004,0
2020,Philippines,271562,Rappler Inc.,159913,1004,0
2020,Philippines,296469,D&A Care Business Consultancy Services,167983,1004,0
2020,Poland,275231,Polskie LNG SA,160227,1004,0
2020,Russia,201924,Ivanyan & Partners,110293,1025,0
2020,Russia,217175,Gazprombank,124271,1022,0
2020,Romania,226704,Tuca Zbarcea & Asociatii,137301,1004,0
2020,Romania,299084,Intelligent Energy Association,170731,1027,0
2020,Russia,264999,En+ Group International Public Joint-Stock Co.,159380,1004,0
2020,Saudi Arabia,55610,Middle East Council of American Chambers of Commerce,56521,1006,0
2020,Saudi Arabia,345531,Government of Saudi Arabia,32093,1009,0
2020,Singapore,248009,Temasek Capital Management Pte Ltd.,149684,1009,0
2020,Singapore,299861,Maxeon Solar Technologies Ltd.,171831,1004,0
2020,Singapore,328738,GIC Pte. Ltd.,156677,1004,0
2020,Somalia,137244,Government of Somalia,38957,1008,0
2020,South Africa,217185,South African Avocado Growers Association,124289,1004,0
2020,South Korea,79493,American Chamber of Commerce in Korea,61409,1006,0
2020,South Korea,110705,Samsung C&T Corp.,43762,1004,0
2020,South Korea,135191,Korea Trade-Investment Promotion Agency,38954,1024,0
2020,South Korea,135298,Korea International Trade Association,38704,1001,0
2020,China,171342,Huawei Technologies Investment Co. Ltd.,84806,1004,0
2020,China,240722,Oriental Fortune Investment Ltd.,145957,1004,0
2020,China,249280,Hytera Communications Corp. Ltd.,151322,1003,0
2020,China,266836,Huawei Device (Shenzhen) Co. Ltd.,159544,1004,0
2020,France,26837,TotalEnergies SE,53276,1004,0
2020,Colombia,206799,Federation of Rice Producers of Colombia,115144,1024,0
2020,Dominican Republic,49125,Grupo M Industries SA,41388,1017,0
2020,Dominican Republic,69028,Universidad Central del Este,51356,1007,0
2020,Dominican Republic,213732,Latin American University (Dominican Republic),120544,1007,0
2020,Dominican Republic,245672,Gerdau Metaldom Corp.,148607,1004,0
2020,Ecuador,252135,"Ecuadorian American Chamber of Commerce, Guayaquil",152757,1004,0
2020,Germany,222262,OptoPrecision GmbH,133624,1004,0
2020,Germany,226460,Dynamic Solar Systems AG,136929,1004,0
2020,Germany,226837,Bitmanagement Software GmbH,137575,1004,0
2020,Germany,231895,Bodystreet GmbH,142208,1015,0
2020,Germany,172801,Xeless GmbH,86255,1017,0
2020,Germany,173637,German Insurance Association,86438,1020,0
2020,France,260518,Thales AVS France SAS,158005,1004,0
2020,France,283997,Droit de Naître,162830,1024,0
2020,"Georgia, Republic of",204453,Georgian Dream Party (Democratic Georgia),112623,1009,0
2020,Hong Kong,111466,Hutchison Whampoa Ltd.,41133,1022,0
2020,Haiti,345582,Government of Haiti,43412,1009,0
2020,Israel,270501,Elbit Systems - Cyclone Ltd.,159824,1004,0
2020,Italy,7951,ENI SpA,49226,1004,0
2020,Japan,6986,Japan Automobile Standards Internationalization Center,45868,1009,0
2020,Japan,10223,Japan Bank for International Cooperation,48048,1004,0
2020,Ivory Coast,283291,Democratic Party of Cote d'Ivoire,162223,1004,0
2020,Italy,271383,Consortium for the Protection of Pecorino Romano Cheese,159890,1004,0
2020,Iraq,226729,Nineveh Plain Protection Units,135872,1009,0
2020,India,252396,INDO-MIM Ltd.,153500,1004,0
2020,India,267434,Indian Pharmaceutical Alliance,159594,1004,0
2020,India,292679,Nirvana Automation Pte. Ltd.,166140,1004,0
2020,India,297931,Vedanta Resources Ltd.,169610,1027,0
2020,Israel,154546,Rafael Advanced Defense Systems Ltd.,62196,1004,0
2020,Ireland,212789,Glanbia plc,64005,1025,0
2020,Marshall Islands,220468,Enewetak/Ujelang (Marshall Islands) Local Government,129439,1010,0
2020,Mauritius,14393,Mauritius Chamber of Agriculture and Mauritius Sugar Syndicate,46486,1022,0
2020,Libya,345499,Libyan National Army,158553,1027,0
2020,Luxembourg,218394,Oxford BioChronometrics,125891,1004,0
2020,Lesotho,167822,Lesotho Textile Exporters' Association,73439,1001,0
2020,Liberia,168915,MEAB Bank SAL,79185,1022,0
2020,Liberia,262697,Privinvest Holding SAL,158801,1004,0
2020,Lebanon,223769,M1 Group,135198,1025,0
2020,Lebanon,224652,Al-Mawarid Bank SAL,135519,1004,0
2020,Lebanon,229133,Fenicia Bank SAL,139992,1004,0
2020,Japan,225545,Suntory Business Expert Ltd.,136184,1004,0
2020,Kenya,176054,African Cotton and Textile Industries Federation,87217,1024,0
2020,Canada,248611,Alberta Investment Management Corp.,150587,1004,0
2020,Canada,248831,International Maple Syrup Institute,150896,1001,0
2020,Canada,239499,Liberty Health Sciences Inc.,145821,1004,0
2020,Canada,243734,One Free World International,147039,1004,0
2020,Canada,250168,Electra Battery Materials Corp.,152007,1004,0
2020,Canada,260312,Sani Sport,157970,1004,0
2020,Canada,207139,"Province of Alberta, Canada",65418,1009,0
2020,Canada,208160,Euromarket Designs Inc.,116065,1025,0
2020,Canada,210470,Medicago Inc.,79263,1027,0
2020,Canada,222052,NXT Energy Solutions Inc.,130658,1027,0
2020,Canada,224408,Quebec Border Mills Committee,135302,1010,0
2020,Canada,224913,Canpro Investments Ltd.,135621,1004,0
2020,Canada,229955,Automotive Parts Manufacturers' Association,140641,1004,0
2020,Canada,231197,Matériaux Blanchet Inc.,141840,1004,0
2020,Canada,220215,Niedner Inc.,129143,1004,0
2020,Canada,271895,Torngat Metals Ltd.,159956,1004,0
2020,Canada,284872,Xtract One Technologies Inc.,163366,1004,0
2020,Canada,275582,Alberta-Texas Energy Ventures Inc.,160293,1004,0
2020,Canada,296890,Intelli-Network Corp.,168158,1004,0
2020,Canada,295353,C6 Launch Systems Corp.,167452,1004,0
2020,Canada,295558,Almonty Industries Inc.,167611,1004,0
2020,Canada,299892,TIU Canada Ukraine Holdco Ltd.,171850,1004,0
2020,China,104065,American Chamber of Commerce in Hong Kong,61935,1004,0
2020,Canada,304853,National Coalition Party of Canada,174855,1020,0
2020,Brazil,285917,Plinio Corrêa de Oliveira Institute,163835,1004,0
2020,Brazil,52114,Embraer SA,39105,1004,0
2020,Brazil,262840,AlgaD Bioprocess,158906,1004,0
2020,Canada,5583,J.D. Irving Ltd.,41132,1004,0
2020,Canada,9717,Iogen Corp.,37486,1004,0
2020,Brazil,345577,Brazilian Sugarcane Industry Association,53348,1016,0
2020,Azerbaijan,298349,NEQSOL Holding,170047,1004,0
2020,Bahrain,137785,Bahrain Economic Development Board,67291,1009,0
2020,Belgium,222501,APOPO,134263,1024,0
2020,Canada,199392,Canada Steamship Lines Inc.,108242,1004,0
2020,Canada,197710,Canadian Snowbird Association,106366,1004,0
2020,Canada,190673,A.C.E. Consulting,100472,1017,0
2020,Canada,178633,Cooke Aquaculture Inc.,98417,1004,0
2020,Canada,175853,Manitoba Hydro Corp.,87133,1010,0
2020,Canada,152570,Vancouver (Canada) International Airport Authority,50417,1010,0
2020,Canada,80312,Aeroports de Montreal (Canada),61623,1004,0
2020,Canada,80858,Fairfax Financial Holdings Ltd.,68765,1017,0
2020,Canada,55191,Irving Oil Ltd.,53831,1004,0
2020,Australia,282231,Minderoo Foundation Pty. Ltd.,161403,1002,0
2020,Australia,230376,NuCoal Resources Ltd.,140925,1004,0
2020,Australia,252395,Breville Pty. Ltd.,153503,1004,0
2020,Argentina,241534,YPF SA,59804,1017,0
2020,Australia,137929,Qantas Airways Ltd.,67365,1004,0
2020,Australia,157994,Brambles Ltd.,72104,1025,0
2021,United Kingdom,20225,GSK plc,34599,1004,6540000
2021,Cayman Islands,198250,Alibaba Group Holding Ltd.,106981,1004,4256325
2021,Ireland,40757,Accenture plc,33683,1004,4020000
2021,Switzerland,270682,Nord Stream 2 AG,144925,1004,3290000
2021,Bermuda,314782,Athene Holding Ltd.,136722,1027,2860000
2021,Canada,105375,TransCanada PipeLines Ltd.,37220,1004,2660000
2021,South Korea,345158,SK Innovation Co. Ltd.,170380,1027,2440000
2021,Canada,308451,Canadian National Railway Co.,55243,1004,2120000
2021,China,301759,Ant Group Co. Ltd.,173046,1004,1960000
2021,Switzerland,45939,TE Connectivity Ltd.,59043,1004,1860420
2021,Sweden,190663,Volvo Car Corp.,100399,1004,1660000
2021,South Korea,11132,Hyundai Motor America,35417,1004,1480000
2021,South Korea,301727,Kia Corp.,57419,1004,1400000
2021,China,292660,Tencent Holdings Ltd.,166101,1004,1320000
2021,South Korea,302726,LG Energy Solution Ltd.,173773,1027,1203000
2021,China,255802,Zhongxing Telecommunications Equipment Corp.,54011,1004,1200000
2021,Canada,78286,Apotex Inc.,41468,1004,1100000
2021,Australia,294193,First Quantum Minerals Ltd.,166850,1004,900000
2021,South Korea,157125,Samsung Electronics Co. Ltd.,54009,1004,900000
2021,India,233118,Glenmark Pharmaceuticals Ltd.,143234,1017,897000
2021,United Kingdom,231378,CSL Seqirus,141965,1004,830000
2021,Canada,54860,TC Energy Corp.,58227,1004,830000
2021,India,345185,Reliance Industries Ltd.,39549,1004,825000
2021,Canada,252315,Cameco Corp.,67993,1004,820000
2021,Kuwait,254494,KGL Logistics,134256,1025,800000
2021,Canada,259316,Crystallex International,157714,1004,695000
2021,Spain,90209,Repsol SA,39942,1027,690000
2021,Switzerland,79352,F. Hoffmann-La Roche Ltd.,44018,1004,635000
2021,Luxembourg,222945,LetterOne Holdings SA,134404,1004,600000
2021,Germany,190800,Fresenius Medical Care AG and Co. KGaA,43697,1004,600000
2021,Mexico,294153,Associations of Mexican Tomato Growers,166875,1004,560000
2021,China,302443,Beijing Xiaomi Mobile Software Co. Ltd.,173496,1004,510000
2021,Bulgaria,309075,Protos Energy SSC,176286,1004,500000
2021,China,258943,Fujian Jinhua Integrated Circuit Co. Ltd.,157398,1004,480000
2021,Hong Kong,92474,Esquel Enterprises Ltd.,64299,1004,480000
2021,Canada,50759,BlackBerry Ltd.,39684,1004,460000
2021,Canada,101134,CPP Investments,60416,1009,440000
2021,United Kingdom,91989,Alternative Investment Management Association Ltd.,60834,1001,440000
2021,United Kingdom,112293,Lloyd's of London,51179,1017,440000
2021,United Kingdom,216441,NovoCure Ltd.,123727,1004,440000
2021,Canada,253602,Canopy Growth Corp.,153966,1004,430000
2021,India,266833,National Association of Software and Services Companies,36006,1024,410000
2021,Liberia,241924,Africell Holding SAL,146598,1004,400000
2021,Switzerland,28071,Novartis AG,32084,1004,400000
2021,Singapore,37324,APL Ltd.,39843,1004,400000
2021,Canada,151144,"Province of Saskatchewan, Canada",39875,1004,400000
2021,Bermuda,110547,Assured Guaranty Ltd.,61236,1004,400000
2021,Malaysia,302271,SD Guthrie Berhad,173414,1004,385000
2021,Canada,291716,Shopify Inc.,165470,1004,381000
2021,Ireland,220310,Horizon Therapeutics plc,129299,1004,380000
2021,Cyprus,302439,Dana Holdings Ltd.,173494,1027,370000
2021,Panama,252195,Promerica Financial Corp.,152891,1004,360000
2021,Switzerland,12803,Swiss Reinsurance Co. Ltd.,36971,1004,360000
2021,United Kingdom,206116,Smiths Group plc,36822,1004,360000
2021,United Kingdom,21068,InterContinental Hotels Group plc,42180,1004,360000
2021,United Kingdom,136626,Martin-Baker Aircraft Co. Ltd.,51104,1004,340000
2021,Panama,305794,HC Holdings SA,175454,1004,340000
2021,Nigeria,252696,Aiteo Group,153598,1004,340000
2021,Canada,296103,Rugged Displays USA Inc.,167724,1004,330000
2021,Canada,297101,Alaska to Alberta Railway Development Corp.,168371,1004,330000
2021,Netherlands,108189,Wolters Kluwer NV,41211,1004,320000
2021,Netherlands,92835,Royal DSM NV,56394,1004,320000
2021,Norway,224504,DNV GL Group AS,135403,1004,320000
2021,Switzerland,284354,Bitcoin Association,163011,1004,320000
2021,Thailand,309163,Taiwei Biotech International,176334,1004,300000
2021,United Kingdom,70436,London Stock Exchange Group plc,56834,1017,300000
2021,China,288984,MEGVII Technology Ltd.,164558,1004,290000
2021,Canada,18900,Electricity Canada,52083,1001,280000
2021,Norway,241172,Coalition for Epidemic Preparedness Innovations,146141,1020,280000
2021,Switzerland,48784,"Gavi, the Vaccine Alliance",41878,1002,280000
2021,United Kingdom,222826,Aptiv plc,134357,1004,275749
2021,Japan,153490,Hitachi Ltd.,65993,1004,270000
2021,France,92567,CMA CGM SA,55847,1004,270000
2021,France,190762,Natixis Global Asset Management SA,100369,1004,260000
2021,Australia,79502,BHP,49347,1004,260000
2021,Japan,245090,Mizuho Bank Ltd.,147797,1004,260000
2021,Ukraine,230353,Nuclear Energy Systems of Ukraine LLC,140926,1004,260000
2021,South Korea,339904,LG Chem Ltd.,158070,1004,260000
2021,Switzerland,24440,International Olympic Committee,61519,1024,250000
2021,United Kingdom,295070,Human Rights Project Management,167092,1004,250000
2021,United Kingdom,161149,International Marine Contractors Association,70300,1001,250000
2021,Belgium,199627,SWIFT SCRL,108445,1004,250000
2021,Canada,294856,Refraction Asset Management Ltd.,166945,1004,240000
2021,Canada,277593,Absolute Software Corp.,160633,1017,240000
2021,United Kingdom,235190,IHS Markit Inc.,144444,1022,240000
2021,United Kingdom,248619,Islamic Relief Worldwide,117787,1018,240000
2021,United Kingdom,248678,Financial Data and Technology Association North America,150688,1001,240000
2021,Japan,136714,Toyota Motor Corp.,32537,1004,240000
2021,Mexico,259352,Consejo Coordinador Empresarial,144073,1009,240000
2021,Netherlands,237722,Wintershall Dea Nederland Transport and Trading BV,145000,1004,240000
2021,Netherlands,242042,Booking.com BV,146643,1017,240000
2021,Japan,153625,SoftBank Group Corp.,71296,1004,240000
2021,Ireland,196504,Trane Technologies plc,105856,1004,240000
2021,Iraq,342328,"Government of Kurdistan, Iraq",41486,1009,240000
2021,India,58329,Tata Consultancy Services Ltd.,36985,1017,240000
2021,United Kingdom,304192,Hi55 Ventures Ltd.,174376,1004,240000
2021,Lebanon,13804,American University of Beirut,61282,1007,235000
2021,South Korea,228032,Hyundai Steel Co. Ltd.,138657,1004,230000
2021,Canada,137798,Dairy Farmers of Canada,38877,1001,230000
2021,Colombia,307774,Grupo Ecotek,175789,1004,230000
2021,South Korea,238934,Hyosung Corp.,145589,1004,220000
2021,Norway,320905,DSG Technology AS,86279,1004,220000
2021,Japan,226452,Sumitomo Rubber Industries Ltd.,136919,1004,210000
2021,Liberia,218628,Commission Import Export SA,126760,1008,210000
2021,China,258945,Huawei Technologies Co. Ltd.,46599,1004,208000
2021,China,294990,Yum China Holdings Inc.,167045,1004,200000
2021,France,152893,Comité Interprofessionnel du Vin de Champagne,44894,1027,200000
2021,Germany,76888,Deutsche Lufthansa AG,51017,1017,200000
2021,Canada,234449,General Fusion Inc.,143925,1004,200000
2021,Canada,16820,Gildan Activewear Inc.,64325,1022,200000
2021,Canada,191455,Ontario Teachers' Pension Plan,101473,1020,200000
2021,South Korea,301920,Hyundai Motor Co. Ltd.,173137,1004,200000
2021,Norway,319773,Axnes Aviation AS,39541,1004,200000
2021,United Kingdom,65064,Vodafone Group plc,71909,1004,200000
2021,United Kingdom,297674,MicroGEM International plc,169137,1004,200000
2021,Switzerland,312268,Glencore International AG,106905,1004,190000
2021,Bulgaria,310172,Atomenergoremont PLC,176869,1004,190000
2021,Bermuda,48728,Arch Capital Group Ltd.,49309,1004,180000
2021,Austria,226695,OMV AG,137309,1004,180000
2021,Andorra,224563,Grup Immobiliari Cierco SA,135460,1004,180000
2021,China,299095,Semiconductor Manufacturing International Corp.,169676,1004,180000
2021,South Korea,299902,Zinus Inc.,171863,1004,180000
2021,Italy,190548,Impresa Pizzarotti & C. SpA,100148,1004,180000
2021,United Kingdom,301954,Perspectum Ltd.,173167,1004,180000
2021,United Kingdom,247936,Teekay Shipping (UK) Ltd.,149588,1004,180000
2021,Canada,301147,Carbon Engineering Ltd.,156366,1027,172000
2021,Canada,307717,Canadian Pacific Railway Ltd.,175752,1004,170000
2021,Austria,256895,Valneva Austria GmbH,156351,1004,170000
2021,Switzerland,302905,Livinguard Technologies AG,173843,1004,170000
2021,"Georgia, Republic of",270339,Rustavi Steel LLC,159805,1004,165000
2021,Denmark,343429,Bavarian Nordic AS,68750,1004,160000
2021,England,210335,Mallinckrodt plc,117476,1012,160000
2021,Chile,233964,Antofagasta Minerals SA,143559,1004,160000
2021,Chile,305269,Highly Innovative Fuels,175078,1004,160000
2021,Canada,303019,Psiphon Inc.,173888,1004,160000
2021,Canada,298408,Cardiol Therapeutics Inc.,170111,1004,160000
2021,Canada,207249,Canadian International Pharmacy Association,48160,1017,160000
2021,Canada,172383,Armatec Survivability Corp.,85070,1004,160000
2021,United Kingdom,49977,Haleon plc,60859,1012,160000
2021,United Arab Emirates,219780,Etihad Airways PJSC,128343,1004,160000
2021,Spain,255073,Deoleo SA,154253,1004,160000
2021,Norway,304891,Norse Atlantic Airways AS,174880,1004,160000
2021,Italy,137825,Mirabella SG SpA,38881,1004,160000
2021,Ireland,309408,AiPharma Global Holdings Ltd.,176413,1004,160000
2021,Ireland,278634,Irish Distillers,160815,1004,160000
2021,United Kingdom,310289,Proof of Trust Ltd.,176951,1004,160000
2021,United Kingdom,305717,Circulor Ltd.,175351,1004,160000
2021,Canada,46437,New Flyer of America Inc.,54378,1004,155000
2021,Canada,64320,Ovintiv Inc.,35590,1004,150000
2021,Australia,228530,IFM Investors Pty. Ltd.,139477,1004,150000
2021,Australia,306774,IperionX Ltd.,175664,1004,150000
2021,France,207673,National Council of Resistance of Iran,67129,1011,150000
2021,Canada,310707,PointClickCare Technologies Inc.,177112,1017,140000
2021,Canada,107891,Bombardier Recreational Products,57755,1004,140000
2021,United Kingdom,277541,Global Infrastructure Investor Association,160606,1004,140000
2021,Thailand,304961,Tipco Asphalt Public Co. Ltd.,174944,1027,130000
2021,United Arab Emirates,313848,Ecolog International FZE,178236,1004,130000
2021,Norway,296029,Kistefos AS,167761,1004,130000
2021,Netherlands,297188,Lithium Werks Inc.,168461,1004,130000
2021,Canada,153058,Teck Resources Ltd.,71203,1004,130000
2021,Canada,300716,Octasic Inc.,171816,1004,130000
2021,Denmark,255838,Copenhagen Infrastructure Partners KS,156038,1004,130000
2021,France,210563,ENGIE SA,52162,1004,120000
2021,Canada,298126,SQI Diagnostics Inc.,169800,1004,120000
2021,Canada,289664,RS Technologies Inc.,164685,1004,120000
2021,Canada,218955,Cascade Aerospace Inc.,127711,1004,120000
2021,Canada,249379,Sunrise Foods International Inc.,151400,1004,120000
2021,Canada,259502,Nymox Pharmaceutical Corp.,157781,1004,120000
2021,Canada,262722,Northstar Earth & Space Systems Inc.,158827,1004,120000
2021,Canada,160088,Binational Softwood Lumber Council,69983,1008,120000
2021,Canada,104578,Kinross Gold Corp.,60667,1004,120000
2021,Canada,81389,Brookfield Renewable Power Inc.,39669,1004,120000
2021,Netherlands,90815,Shell International BV,44096,1004,120000
2021,Japan,229889,Japanese Conservative Union,140599,1009,120000
2021,Ireland,292478,Mare Finance Investment Holdings Designated Activity Co.,165855,1027,120000
2021,Germany,237717,Uniper SE,144998,1004,120000
2021,Israel,152987,InSightec Ltd.,51604,1022,120000
2021,Italy,312493,Hydro SRL,177510,1004,120000
2021,Japan,154656,Japan Automobile Manufacturers Association Inc.,68737,1001,120000
2021,Norway,219830,Kongsberg Maritime Inc.,108272,1004,120000
2021,Sweden,266105,IKEA of Sweden AB,159493,1004,120000
2021,Spain,234615,Cosentino SAU,144021,1004,120000
2021,Taiwan,154628,Evergreen Marine Corp.,70236,1020,120000
2021,Switzerland,233220,CSL Vifor,109516,1004,120000
2021,United Kingdom,292338,Skyscanner Ltd.,165836,1004,120000
2021,United Kingdom,299149,HSBC Latin America Holdings (UK) Ltd.,170821,1004,120000
2021,United Kingdom,309671,Africell UK Ltd.,176575,1004,120000
2021,United Kingdom,310066,SB Energy DevCo Holdings Ltd.,176833,1004,120000
2021,Germany,259241,Transparency International EV,120363,1024,116575
2021,Germany,308791,atai Life Sciences NV,176096,1004,115000
2021,United Kingdom,310677,DeepMind Technologies Ltd.,177089,1004,115000
2021,Monaco,221681,MARSS Ltd.,129962,1015,110000
2021,United Kingdom,15902,Aon Risk Services Inc.,74124,1004,110000
2021,Germany,203143,Continental AG,39312,1004,110000
2021,Panama,312365,Corporacion Internacional Cemcal,177429,1004,105000
2021,Russia,245992,Alexander Skorobogatko and Alexander Ponomarenko,149063,1004,100000
2021,Singapore,260512,Gen X Energy LLC,158016,1004,100000
2021,Mexico,299699,Banco Azteca SA,171784,1004,100000
2021,Mexico,66615,GRUMA Corp.,53860,1004,100000
2021,Japan,92846,NEC Corp.,68685,1004,100000
2021,Germany,248984,Allianz Capital Partners GmbH,151056,1015,100000
2021,India,309421,Lupin Inc.,176416,1004,100000
2021,Canada,326655,NervGen Pharma Corp.,175656,1004,100000
2021,Canada,311621,The Metals Co.,177269,1004,100000
2021,Canada,313425,Prince Edward Island Potato Board,178018,1004,100000
2021,Belgium,238773,"Dredging, Environmental and Marine Engineering NV",145548,1004,100000
2021,Australia,302673,Seeing Machines,173742,1004,100000
2021,Australia,262119,Partners in Performance Pty. Ltd.,158346,1004,100000
2021,United Kingdom,309645,Fish Guidance Systems Ltd.,176558,1004,100000
2021,Canada,284131,Inventys Thermal Technologies Inc.,162977,1004,95000
2021,Canada,250150,Pembina Pipeline Corp.,151996,1004,95000
2021,Canada,302645,Revive Therapeutics Inc.,173722,1004,90000
2021,Canada,304948,Northland Power Inc.,174930,1004,90000
2021,Canada,313681,Dapper Labs Inc.,177807,1004,90000
2021,Czech Republic,302382,Webgroup Czech Republic as,173447,1027,90000
2021,"Georgia, Republic of",296499,Anaklia Development Consortium LLC,168031,1004,90000
2021,Malaysia,303870,Roundtable on Sustainable Palm Oil,174196,1004,90000
2021,Switzerland,301399,RocketVax AG,172748,1004,90000
2021,United Kingdom,305970,Cobalt Institute,175515,1004,90000
2021,Canada,137739,Chamber of Marine Commerce,57407,1001,88000
2021,Canada,191780,Ucore Rare Metals Inc.,101358,1004,80000
2021,Canada,198364,Livingston International Income Fund,107150,1025,80000
2021,Canada,188354,Kruger Inc.,100524,1004,80000
2021,Canada,66667,Revision Military Inc.,68754,1004,80000
2021,Canada,136787,World Anti-Doping Agency,66716,1024,80000
2021,Australia,299655,4D Medical,171748,1004,80000
2021,Egypt,241640,American University in Cairo,103162,1007,80000
2021,France,102792,AXA SA,53943,1004,80000
2021,Ethiopia,310178,Hawassa Industrial Park Investors Association,176874,1004,80000
2021,Cayman Islands,298104,Theravance Biopharma Inc.,169754,1004,80000
2021,Canada,264195,NexGen Energy Ltd.,159240,1004,80000
2021,Canada,250168,Electra Battery Materials Corp.,152007,1004,80000
2021,Canada,220216,Sanexen Environmental Services Inc.,129133,1004,80000
2021,Canada,207381,Federal Marine Terminals Inc.,115717,1004,80000
2021,United Kingdom,148141,GKN plc,50794,1004,80000
2021,United Kingdom,137656,Scotch Whisky Association,67224,1004,80000
2021,United Kingdom,222338,International Game Technology plc,59650,1004,80000
2021,United Kingdom,293627,Paxman Coolers Ltd.,166523,1004,80000
2021,United Kingdom,252039,Wyelands Capital,152557,1004,80000
2021,United Kingdom,245299,Life Molecular Imaging Ltd.,148070,1004,80000
2021,Spain,296930,Iberdrola SA,86268,1027,80000
2021,Malaysia,305370,Top Glove Corp. BHD,175161,1004,80000
2021,Lebanon,241891,Cedrus Bank SAL,146565,1004,80000
2021,Japan,297014,Toshiba Corp.,68746,1020,80000
2021,Netherlands,43365,Friends of the Earth,56293,1020,80000
2021,Hong Kong,176299,D'Luxe Group Ltd.,87316,1017,80000
2021,Germany,258159,Roche Diagnostics GmbH,44893,1027,80000
2021,Italy,295524,Fantic Motor SpA,167604,1004,80000
2021,Italy,91925,Global Crop Diversity Trust,64292,1002,80000
2021,Canada,178294,Norampac,98236,1004,79247
2021,Canada,210825,Top Aces Corp.,117884,1004,70000
2021,Canada,301290,LuminUltra Technologies Ltd.,172654,1004,70000
2021,Germany,302544,Lilium Aviation Inc.,173587,1004,70000
2021,Malaysia,303814,Smart Glove International,174165,1027,70000
2021,Guatemala,67602,Central American Sugar Association,50627,1001,60000
2021,Hong Kong,111466,Hutchison Whampoa Ltd.,41133,1022,60000
2021,Israel,312260,Nostromo Energy Ltd.,177383,1004,60000
2021,Ireland,307320,AerCap Holdings NV,175726,1004,60000
2021,United Kingdom,92118,Gabriel Resources Ltd.,43705,1017,60000
2021,Switzerland,302854,Global Antibiotic Research and Development Partnership,173812,1024,60000
2021,United Arab Emirates,304206,Red Star Enterprises Limited FZCO,174381,1022,60000
2021,Canada,308894,Captor Capital Corp.,176185,1004,60000
2021,Canada,232185,AdvanTec Global Innovations,142461,1004,60000
2021,Canada,257736,enCore Energy Corp.,156457,1004,60000
2021,Canada,235652,Communitech Corp.,144623,1017,60000
2021,Canada,238249,Geotab Inc.,145300,1004,60000
2021,China,149879,American Chamber of Commerce in the People’s Republic of China,50597,1006,60000
2021,Cyprus,282249,Association of Cyprus Banks,149265,1004,60000
2021,United Kingdom,313748,Fenix International Ltd.,178184,1004,60000
2021,Brazil,288060,Brazilian Avocado Commission,163943,1004,56000
2021,Afghanistan,213558,American University of Afghanistan,120295,1004,55000
2021,Belgium,148453,European Banking Federation,45474,1024,52000
2021,United Kingdom,194514,Global Witness Ltd.,37234,1027,50091
2021,Italy,288176,Garmont International SRL,164101,1004,50000
2021,Hong Kong,249832,World Dog Alliance Ltd.,151787,1024,50000
2021,Germany,312518,Tonnies Lebensmittel GmbH & Co. KG,177516,1004,50000
2021,Germany,230803,Papierfabrik August Koehler SE,141343,1004,50000
2021,Canada,172826,Canola Council of Canada,86251,1001,50000
2021,Australia,308528,Fortescue Future Industries Pty Ltd.,175933,1004,50000
2021,France,235677,Constellium Paris,144621,1004,50000
2021,France,255643,Unibail-Rodamco-Westfield SE,155495,1025,50000
2021,Canada,263131,Vanroboys Group of Cos.,159131,1004,50000
2021,Canada,232251,Medisca Inc.,142501,1004,50000
2021,Canada,307043,Prodigy Education Inc.,175687,1025,50000
2021,Canada,305421,AcuityAds Inc.,175204,1004,50000
2021,Canada,311182,Hemlock Court Holdings Corp.,177210,1004,45000
2021,Canada,305321,HyLife,175119,1004,45000
2021,Netherlands,200034,International Association of STM Publishers,109282,1001,45000
2021,Netherlands,154393,Royal Boskalis Westminster NV,51614,1017,40000
2021,New Zealand,210950,Fonterra Cooperative Group Ltd.,118033,1004,40000
2021,Mexico,303145,Associations of Bell Peppers Growers and Importers,173959,1004,40000
2021,Kuwait,282261,Agility Public Warehousing Company KSCP,157881,1009,40000
2021,Japan,312039,Japan Securities Clearing Corp.,177303,1004,40000
2021,Japan,342602,Nippon Telegraph and Telephone Corp.,68742,1004,40000
2021,Haiti,306737,Haitian Center for Research in Planning and Development,175644,1024,40000
2021,Guam,104168,DFS Guam LP,56918,1004,40000
2021,Italy,313427,PFH SpA,178017,1004,40000
2021,United Kingdom,238566,Cruelty Free International,145470,1004,40000
2021,Sweden,305355,WeDontHaveTime AB,175143,1004,40000
2021,Singapore,299861,Maxeon Solar Technologies Ltd.,171831,1004,40000
2021,Canada,205402,Capital Power Corp.,113543,1004,40000
2021,Canada,208093,Canadian Cattlemen's Association,42255,1001,40000
2021,Canada,248309,ISARA Corp.,150246,1004,40000
2021,France,300752,Escape International Air TEP,172143,1027,40000
2021,Canada,317593,Liberty Utilities (Canada) Corp.,178584,1004,40000
2021,Czech Republic,308400,CEZ AS,175881,1004,40000
2021,Australia,204022,Rubicon Water,111930,1004,40000
2021,Armenia,302898,Civilitas Foundation,173853,1024,40000
2021,Canada,62616,Greater Toronto (Canada) Airports Authority,41355,1009,40000
2021,Australia,309176,Whiskey Project Group Ltd.,176341,1004,40000
2021,United Kingdom,316796,Springer Nature Ltd.,179983,1004,40000
2021,United Kingdom,313186,Liger Investments Ltd.,177858,1004,40000
2021,Australia,312595,Sunrise Energy Metals Ltd.,177579,1004,30000
2021,Bermuda,177211,Bacardi Ltd.,63891,1004,30000
2021,Cambodia,296216,Cambodia Footwear Association,167879,1004,30000
2021,Canada,107875,Nordion (Canada) Inc.,48328,1004,30000
2021,Canada,89601,Onex Corp.,48829,1004,30000
2021,China,165437,American Chamber of Commerce in Shanghai (China),71101,1006,30000
2021,Cyprus,223676,Nest Investments (Holdings) Ltd.,135067,1004,30000
2021,Finland,313887,Aker Arctic Technology Oy,178247,1004,30000
2021,Canada,303426,K2 Gold Corp.,174087,1004,30000
2021,Canada,311185,HIVE Digital Technologies Ltd.,177212,1004,30000
2021,Canada,296382,Largo Inc.,167939,1004,30000
2021,Qatar,286022,Al Jazeera Media Network,115033,1004,30000
2021,Switzerland,154643,MSC Mediterranean Shipping Co. SA,70240,1004,30000
2021,Sweden,305158,LELOi AB,175017,1004,30000
2021,United Kingdom,7927,HSBC Holdings plc,51657,1004,30000
2021,Israel,319856,Saito Tech Ltd.,177891,1004,30000
2021,Ireland,303013,TechMet Ltd.,173897,1004,30000
2021,Germany,291366,Veridos America Inc.,165285,1004,30000
2021,Japan,309273,Takeda Pharmaceutical Co. Ltd.,57495,1027,30000
2021,United Nations,204172,Navajo County (Ariz.) Public Works,112314,1010,27000
2021,Japan,147740,Institute of Cetacean Research,51720,1022,26976
2021,Dominican Republic,104508,Dominican Association of Free Zones Inc.,34174,1001,25000
2021,France,292291,Worldwide Flight Services,76209,1027,20000
2021,Canada,313426,Telus,178019,1025,20000
2021,China,309797,American Chamber of Commerce in South China,176696,1024,20000
2021,Canada,208160,Euromarket Designs Inc.,116065,1025,20000
2021,Brazil,52114,Embraer SA,39105,1004,20000
2021,Australia,314387,Micro-X Inc.,178414,1004,20000
2021,Belgium,13398,International Association of Professional Numismatists,46036,1001,20000
2021,Malaysia,148194,Association of Asia Pacific Airlines,65120,1001,20000
2021,Mexico,158255,Deacero SAPI de CV,52203,1004,20000
2021,Netherlands,315922,Prosus NV,178877,1004,20000
2021,Netherlands,238772,Van Oord NV,145545,1004,20000
2021,Israel,302354,Center for Near East Policy Research Ltd.,173434,1004,20000
2021,Israel,309141,Institute for NGO Research,176312,1024,20000
2021,Taiwan,313505,Medigen Vaccine Biologics Corp.,178084,1004,20000
2021,United Kingdom,284414,Kelkoo.com (UK) Ltd.,163066,1004,20000
2021,United Kingdom,137242,Aston Martin Lagonda Ltd.,66825,1004,20000
2021,Russia,264999,En+ Group International Public Joint-Stock Co.,159380,1004,20000
2021,Peru,313479,Equinox International SAC,178066,1004,20000
2021,Syria,304116,Kurdish Defense Forces (Syria),174319,1026,17000
2021,Australia,310017,Arizona Lithium Ltd.,176823,1004,13000
2021,Austria,189895,MED-EL Corp.,100124,1004,10000
2021,Canada,178633,Cooke Aquaculture Inc.,98417,1004,10000
2021,Canada,297753,JFE Shoji Power Canada Inc.,169385,1004,10000
2021,Canada,306750,Heliene Inc.,175650,1004,10000
2021,Denmark,313889,Exruptive AS,178252,1027,10000
2021,United Kingdom,191009,Inmarsat plc,101145,1004,10000
2021,United Kingdom,218499,Drax Group plc,126265,1004,10000
2021,Russia,64484,GML Ltd.,56815,1022,10000
2021,Italy,7951,ENI SpA,49226,1004,10000
2021,Grenada,315132,St. George's University,32334,1027,10000
2021,Netherlands,101611,Association of Dutch Insurers,44904,1001,10000
2021,Israel,300733,TeraGroup,172140,1004,8000
2021,Canada,304853,National Coalition Party of Canada,174855,1020,7000
2021,Peru,305852,Instituto Invertir Libertad,175478,1004,5000
2021,Philippines,271562,Rappler Inc.,159913,1004,0
2021,Qatar,245677,Qatar National Human Rights Committee,148593,1015,0
2021,Qatar,252362,BeIN Media Group LLC,153378,1004,0
2021,Norway,301944,Pavisus AS,173166,1004,0
2021,Norway,241758,Nordby Associates AS,146466,1004,0
2021,Norway,274453,Sensonor AS,160150,1004,0
2021,Russia,201924,Ivanyan & Partners,110293,1025,0
2021,Russia,217175,Gazprombank,124271,1022,0
2021,Singapore,69465,Government of Singapore,39796,1009,0
2021,South Africa,217185,South African Avocado Growers Association,124289,1004,0
2021,South Africa,307047,Hoffenheim Geotechnik,175679,1004,0
2021,Saudi Arabia,55610,Middle East Council of American Chambers of Commerce,56521,1006,0
2021,Saudi Arabia,345531,Government of Saudi Arabia,32093,1009,0
2021,Romania,226704,Tuca Zbarcea & Asociatii,137301,1004,0
2021,Romania,299084,Intelligent Energy Association,170731,1027,0
2021,Panama,89491,CBI Sugar Group,62550,1022,0
2021,Sweden,195388,TriOptima AB,104278,1004,0
2021,Sweden,4549,Saab AB,36725,1004,0
2021,Spain,234986,Tabacalera SLU,144324,1004,0
2021,South Korea,265849,NEXTEEL Co. Ltd.,159457,1004,0
2021,South Korea,79493,American Chamber of Commerce in Korea,61409,1006,0
2021,South Korea,110705,Samsung C&T Corp.,43762,1004,0
2021,South Korea,135191,Korea Trade-Investment Promotion Agency,38954,1024,0
2021,South Korea,135298,Korea International Trade Association,38704,1001,0
2021,United Kingdom,168025,Argus Media Inc.,78867,1004,0
2021,United Kingdom,93534,INEOS Group Ltd.,47757,1004,0
2021,United Kingdom,138707,Tate & Lyle plc,67743,1004,0
2021,United Kingdom,286017,Xcalibur Aerospace Ltd.,163743,1004,0
2021,United Kingdom,288855,Gylden Pharma Ltd.,164390,1004,0
2021,United Kingdom,283160,ICU Advisory Ltd.,161765,1004,0
2021,United Kingdom,296907,Summit Therapeutics plc,168169,1004,0
2021,United Kingdom,253195,African Growth Corp.,153871,1004,0
2021,United Kingdom,262184,Coal Trading and Utilities Ltd.,158463,1001,0
2021,Switzerland,266103,IKEA Supply AG,159492,1004,0
2021,Taiwan,232697,Willis Electric Co. Ltd.,142854,1004,0
2021,Ukraine,253315,Velta LLC,153905,1004,0
2021,Ukraine,271898,Trident Defence LLC,159955,1004,0
2021,Ukraine,297930,Babi Yar Holocaust Memorial Charity Fund,169623,1024,0
2021,Ukraine,313502,QPartners LLC,178086,1004,0
2021,Ukraine,323376,Government of Ukraine,51653,1009,0
2021,United Kingdom,27461,British Airways plc,33535,1004,0
2021,United Arab Emirates,221711,American Business Group of Abu Dhabi,110273,1006,0
2021,United Kingdom,60581,International Banking Federation Ltd.,61673,1024,0
2021,United Kingdom,66934,Oil Companies International Marine Forum,55842,1024,0
2021,United Kingdom,80628,Argon Electronics,48408,1004,0
2021,United Kingdom,80629,Aircontrol Technologies,56233,1004,0
2021,United Kingdom,80639,SELEX ELSAG SpA,58013,1017,0
2021,United Kingdom,80640,VT Group plc,39759,1017,0
2021,United Kingdom,82239,Daily Mail and General Trust plc,54651,1004,0
2021,Israel,305726,NSO Group Technologies Ltd.,175354,1004,0
2021,Israel,329873,Government of Israel,38682,1009,0
2021,Israel,154546,Rafael Advanced Defense Systems Ltd.,62196,1004,0
2021,Israel,248821,FinCom Ltd.,150889,1027,0
2021,Israel,270501,Elbit Systems - Cyclone Ltd.,159824,1004,0
2021,Israel,296875,Neteera Technologies Ltd.,168137,1004,0
2021,Ivory Coast,283291,Democratic Party of Cote d'Ivoire,162223,1004,0
2021,Ivory Coast,312545,African Development Bank,51559,1004,0
2021,Japan,6986,Japan Automobile Standards Internationalization Center,45868,1009,0
2021,Japan,10223,Japan Bank for International Cooperation,48048,1004,0
2021,Japan,225545,Suntory Business Expert Ltd.,136184,1004,0
2021,Italy,271383,Consortium for the Protection of Pecorino Romano Cheese,159890,1004,0
2021,Italy,304964,VS Lobbying,174942,1004,0
2021,Italy,313208,Esplodenti Sabino SpA,177871,1004,0
2021,Guam,104063,AmChams of Asia Pacific,51991,1006,0
2021,Haiti,320204,Association of Industries of Haiti,41144,1001,0
2021,Haiti,345582,Government of Haiti,43412,1009,0
2021,Germany,296052,Association of the German Confectionery Industry,167801,1004,0
2021,Germany,262076,thyssenkrupp Access Solutions GmbH,158304,1004,0
2021,Indonesia,302362,PT Bukalapak.com,173455,1004,0
2021,Indonesia,302363,PT Tokopedia,173458,1004,0
2021,India,252396,INDO-MIM Ltd.,153500,1004,0
2021,Hong Kong,163610,China-United States Exchange Foundation,70876,1002,0
2021,Netherlands,80632,KLM Royal Dutch Airlines,38712,1017,0
2021,Morocco,299243,OCP SA,38639,1022,0
2021,Mexico,215003,Independent University of Guadalajara (Mexico),121414,1007,0
2021,Mexico,259136,Corey SA de CV,157575,1004,0
2021,Mexico,136355,National Chamber of the Fishing and Aquaculture Industry (Mexico),49765,1022,0
2021,Mexico,301753,Mexican Association of Retirement Fund Administrators AC,173080,1004,0
2021,Mexico,267445,Consultores Internacionales Ansley,159602,1006,0
2021,Netherlands,154720,"Anthos, the Royal Trade Association for Nursery Stock and Flower Bulbs",49154,1001,0
2021,Netherlands,196075,ASML Netherlands BV,105108,1025,0
2021,Norway,165468,Equinor ASA,46604,1004,0
2021,Netherlands,310462,GoodFuels,177043,1004,0
2021,Netherlands,285266,OLX Global BV,163541,1004,0
2021,Malaysia,313721,Malaysian Palm Oil Council,110316,1022,0
2021,Marshall Islands,220468,Enewetak/Ujelang (Marshall Islands) Local Government,129439,1010,0
2021,Mauritius,14393,Mauritius Chamber of Agriculture and Mauritius Sugar Syndicate,46486,1022,0
2021,Mexico,4624,Avocado Producers of Mexico,39005,1006,0
2021,Kuwait,287049,KGL Investment Co. KSCC,157589,1004,0
2021,Lesotho,167822,Lesotho Textile Exporters' Association,73439,1001,0
2021,Liberia,168915,MEAB Bank SAL,79185,1022,0
2021,Liberia,262697,Privinvest Holding SAL,158801,1004,0
2021,Libya,230279,Association of Banks in Lebanon,111912,1001,0
2021,Luxembourg,218394,Oxford BioChronometrics,125891,1004,0
2021,Japan,227101,American Chamber of Commerce in Japan,137957,1006,0
2021,Japan,289720,ANA Holdings Inc.,164839,1004,0
2021,Lebanon,223769,M1 Group,135198,1025,0
2021,Lebanon,224652,Al-Mawarid Bank SAL,135519,1004,0
2021,Lebanon,229133,Fenicia Bank SAL,139992,1004,0
2021,Canada,304911,AAV Ltd.,174902,1004,0
2021,Canada,296890,Intelli-Network Corp.,168158,1004,0
2021,Canada,299892,TIU Canada Ukraine Holdco Ltd.,171850,1004,0
2021,Canada,271895,Torngat Metals Ltd.,159956,1004,0
2021,Canada,295558,Almonty Industries Inc.,167611,1004,0
2021,Canada,292331,Grodan Inc.,165921,1004,0
2021,Canada,210470,Medicago Inc.,79263,1027,0
2021,Canada,206395,Maritime Industrial Transportation Alliance,114400,1004,0
2021,Canada,207139,"Province of Alberta, Canada",65418,1009,0
2021,Canada,212106,Trojan Technologies Inc.,118866,1025,0
2021,Canada,220215,Niedner Inc.,129143,1004,0
2021,Canada,224408,Quebec Border Mills Committee,135302,1010,0
2021,Canada,224913,Canpro Investments Ltd.,135621,1004,0
2021,Canada,229955,Automotive Parts Manufacturers' Association,140641,1004,0
2021,Canada,231197,Matériaux Blanchet Inc.,141840,1004,0
2021,Canada,248611,Alberta Investment Management Corp.,150587,1004,0
2021,Canada,248831,International Maple Syrup Institute,150896,1001,0
2021,Canada,260312,Sani Sport,157970,1004,0
2021,Canada,284872,Xtract One Technologies Inc.,163366,1004,0
2021,Canada,285291,Americas Gold and Silver Corp.,163589,1004,0
2021,Dominican Republic,213732,Latin American University (Dominican Republic),120544,1007,0
2021,Ecuador,252135,"Ecuadorian American Chamber of Commerce, Guayaquil",152757,1004,0
2021,Ecuador,333145,Government of Ecuador,43370,1011,0
2021,France,26837,TotalEnergies SE,53276,1004,0
2021,Estonia,301951,Tera Ventures OU,173170,1004,0
2021,Dominican Republic,69028,Universidad Central del Este,51356,1007,0
2021,France,190760,BPCE SA,100235,1004,0
2021,France,190761,Natixis SA,100371,1004,0
2021,France,283997,Droit de Naître,162830,1024,0
2021,France,302101,Pandemic Mitigation Project,173362,1024,0
2021,"Georgia, Republic of",204453,Georgian Dream Party (Democratic Georgia),112623,1009,0
2021,Germany,41256,SWK Stadtwerke Kaiserslautern GmbH,60235,1022,0
2021,Germany,226837,Bitmanagement Software GmbH,137575,1004,0
2021,Germany,172801,Xeless GmbH,86255,1017,0
2021,Germany,173637,German Insurance Association,86438,1020,0
2021,Colombia,206799,Federation of Rice Producers of Colombia,115144,1024,0
2021,China,298860,Inspur Group Co. Ltd.,170391,1004,0
2021,Denmark,233204,BioPorto Diagnostics AS,143242,1004,0
2021,Croatia,303810,Croatian Association of Prisoners of Serbian Concentration Camps,174161,1024,0
2021,Canada,312982,Kinectrics AES Inc.,177762,1004,0
2021,China,171342,Huawei Technologies Investment Co. Ltd.,84806,1004,0
2021,China,240722,Oriental Fortune Investment Ltd.,145957,1004,0
2021,China,104065,American Chamber of Commerce in Hong Kong,61935,1004,0
2021,Canada,190673,A.C.E. Consulting,100472,1017,0
2021,Canada,199259,Canadian Solar Inc.,107538,1004,0
2021,Canada,199392,Canada Steamship Lines Inc.,108242,1004,0
2021,Canada,197710,Canadian Snowbird Association,106366,1004,0
2021,Canada,152570,Vancouver (Canada) International Airport Authority,50417,1010,0
2021,Canada,175853,Manitoba Hydro Corp.,87133,1010,0
2021,Canada,80312,Aeroports de Montreal (Canada),61623,1004,0
2021,Canada,80858,Fairfax Financial Holdings Ltd.,68765,1017,0
2021,Canada,55191,Irving Oil Ltd.,53831,1004,0
2021,Bermuda,91983,RenaissanceRe Holdings Ltd.,47103,1022,0
2021,Belgium,222501,APOPO,134263,1024,0
2021,Belgium,228935,European Federation for Transport and Environment AISBL,139897,1027,0
2021,Australia,309614,Calix Ltd.,176527,1004,0
2021,Austria,277583,Raiffeisen Bank International AG,160579,1004,0
2021,Bahrain,137785,Bahrain Economic Development Board,67291,1009,0
2021,Brazil,285917,Plinio Corrêa de Oliveira Institute,163835,1004,0
2021,Brazil,345577,Brazilian Sugarcane Industry Association,53348,1016,0
2021,Bermuda,232940,Rendeavour Holding Ltd.,143081,1004,0
2021,Bermuda,244929,Liberty Latin America Ltd.,147607,1017,0
2021,Bermuda,245819,Central European Media Enterprises Ltd.,148830,1022,0
2021,Canada,5583,J.D. Irving Ltd.,41132,1004,0
2021,Canada,9717,Iogen Corp.,37486,1004,0
2021,Canada,17785,Bombardier Inc.,34341,1004,0
2021,Australia,230376,NuCoal Resources Ltd.,140925,1004,0
2021,Australia,252395,Breville Pty. Ltd.,153503,1004,0
2021,Australia,137929,Qantas Airways Ltd.,67365,1004,0
2021,Australia,157994,Brambles Ltd.,72104,1025,0
2021,Australia,176318,Lynas Rare Earths Ltd.,87322,1004,0
2021,Australia,308843,Ionic Rare Earths Ltd.,176121,1004,0
2021,Australia,291860,Acusensus Pty. Ltd.,165710,1004,0
2021,Australia,292223,GreyScan Australia Pty. Ltd.,165922,1004,0
2021,Australia,292541,Aeris Environmental Ltd.,166249,1004,0
2021,Venezuela,343388,Petroleos de Venezuela SA,68287,1022,0
2021,Vietnam,313105,Coteccons Construction Joint Stock Co.,177784,1004,0
2021,Yugoslavia,310227,Trade Union of Employees of the Steel Factory – IMK Ferizaj,176896,1004,0
2021,United Kingdom,313210,Oxford Instruments NanoScience,177874,1004,0
2021,United Kingdom,307040,Shufti Pro Ltd.,175685,1004,0
2021,United Kingdom,307747,NeedleSmart Ltd.,175771,1004,0
2021,United Kingdom,302587,EPIC Risk Management,173636,1004,0
2022,United Kingdom,20225,GSK plc,34599,1004,5460000
2022,Ireland,40757,Accenture plc,33683,1004,4520000
2022,Cayman Islands,198250,Alibaba Group Holding Ltd.,106981,1004,3770000
2022,Switzerland,270682,Nord Stream 2 AG,144925,1004,2840000
2022,Canada,105375,TransCanada PipeLines Ltd.,37220,1004,2600000
2022,China,301759,Ant Group Co. Ltd.,173046,1004,2040000
2022,Switzerland,45939,TE Connectivity Ltd.,59043,1004,2020000
2022,Canada,308451,Canadian National Railway Co.,55243,1004,1930000
2022,South Korea,11132,Hyundai Motor America,35417,1004,1870000
2022,Sweden,190663,Volvo Car Corp.,100399,1004,1660000
2022,Canada,313681,Dapper Labs Inc.,177807,1004,1570000
2022,South Korea,301727,Kia Corp.,57419,1004,1400000
2022,China,255802,Zhongxing Telecommunications Equipment Corp.,54011,1004,1270000
2022,China,292660,Tencent Holdings Ltd.,166101,1004,1240000
2022,Canada,78286,Apotex Inc.,41468,1004,1100000
2022,Australia,308528,Fortescue Future Industries Pty Ltd.,175933,1004,1100000
2022,United Kingdom,91989,Alternative Investment Management Association Ltd.,60834,1001,1090000
2022,United Kingdom,231378,CSL Seqirus,141965,1004,1090000
2022,Australia,294193,First Quantum Minerals Ltd.,166850,1004,1080000
2022,Bulgaria,321250,Kiril Domuschiev and Georgi Domuschiev,179021,1027,1050000
2022,Canada,291716,Shopify Inc.,165470,1004,1040000
2022,Spain,90209,Repsol SA,39942,1027,910000
2022,Bermuda,314782,Athene Holding Ltd.,136722,1027,900000
2022,United Kingdom,320353,Gemcorp Capital Management Ltd.,181455,1004,880000
2022,Canada,54860,TC Energy Corp.,58227,1004,830000
2022,Canada,50759,BlackBerry Ltd.,39684,1004,795000
2022,United Kingdom,216441,NovoCure Ltd.,123727,1004,790000
2022,Ukraine,318464,Kyivstar,180541,1004,720000
2022,Canada,252315,Cameco Corp.,67993,1004,690000
2022,South Korea,157125,Samsung Electronics Co. Ltd.,54009,1004,680000
2022,Panama,305794,HC Holdings SA,175454,1004,680000
2022,India,266833,National Association of Software and Services Companies,36006,1024,670000
2022,South Korea,339904,LG Chem Ltd.,158070,1004,640000
2022,India,345185,Reliance Industries Ltd.,39549,1004,620000
2022,India,233118,Glenmark Pharmaceuticals Ltd.,143234,1017,601000
2022,Luxembourg,222945,LetterOne Holdings SA,134404,1004,600000
2022,Switzerland,312268,Glencore International AG,106905,1004,600000
2022,China,302443,Beijing Xiaomi Mobile Software Co. Ltd.,173496,1004,600000
2022,Kuwait,254494,KGL Logistics,134256,1025,570000
2022,Mexico,294153,Associations of Mexican Tomato Growers,166875,1004,560000
2022,Germany,190800,Fresenius Medical Care AG and Co. KGaA,43697,1004,540000
2022,Switzerland,79352,F. Hoffmann-La Roche Ltd.,44018,1004,525000
2022,Switzerland,28071,Novartis AG,32084,1004,500000
2022,Singapore,37324,APL Ltd.,39843,1004,500000
2022,Canada,259316,Crystallex International,157714,1004,500000
2022,Hong Kong,249832,World Dog Alliance Ltd.,151787,1024,480000
2022,United Kingdom,314088,DTEK International Ltd.,178325,1004,480000
2022,Chile,305269,Highly Innovative Fuels,175078,1004,472500
2022,United Kingdom,309671,Africell UK Ltd.,176575,1004,450000
2022,South Korea,302726,LG Energy Solution Ltd.,173773,1027,450000
2022,Switzerland,12803,Swiss Reinsurance Co. Ltd.,36971,1004,440000
2022,United Kingdom,112293,Lloyd's of London,51179,1017,440000
2022,Nigeria,252696,Aiteo Group,153598,1004,440000
2022,Ireland,220310,Horizon Therapeutics plc,129299,1004,440000
2022,Singapore,317536,AT Capital Pte. Ltd.,180305,1004,430000
2022,Malaysia,302271,SD Guthrie Berhad,173414,1004,420000
2022,United Kingdom,222826,Aptiv plc,134357,1004,403000
2022,Ukraine,253315,Velta LLC,153905,1004,400000
2022,United Kingdom,21068,InterContinental Hotels Group plc,42180,1004,400000
2022,South Korea,317188,Korean Air Co. Ltd.,180168,1027,400000
2022,Canada,151144,"Province of Saskatchewan, Canada",39875,1004,400000
2022,Australia,79502,BHP,49347,1004,400000
2022,Israel,320102,RAFT Technologies Ltd.,179239,1004,396000
2022,United Kingdom,313748,Fenix International Ltd.,178184,1004,395000
2022,Malaysia,316868,Smart Glove Corp. Sdn. Bhd.,180036,1004,390000
2022,United Kingdom,161149,International Marine Contractors Association,70300,1001,390000
2022,Panama,252195,Promerica Financial Corp.,152891,1004,360000
2022,Canada,253602,Canopy Growth Corp.,153966,1004,360000
2022,Japan,153490,Hitachi Ltd.,65993,1004,350000
2022,Switzerland,284354,Bitcoin Association,163011,1004,340000
2022,Bermuda,110547,Assured Guaranty Ltd.,61236,1004,340000
2022,South Korea,301920,Hyundai Motor Co. Ltd.,173137,1004,330000
2022,United Kingdom,136626,Martin-Baker Aircraft Co. Ltd.,51104,1004,320000
2022,United Kingdom,206116,Smiths Group plc,36822,1004,320000
2022,United Kingdom,70436,London Stock Exchange Group plc,56834,1017,320000
2022,Netherlands,92835,Royal DSM NV,56394,1004,320000
2022,Norway,320905,DSG Technology AS,86279,1004,320000
2022,Norway,224504,DNV GL Group AS,135403,1004,320000
2022,Norway,241172,Coalition for Epidemic Preparedness Innovations,146141,1020,320000
2022,Canada,18900,Electricity Canada,52083,1001,320000
2022,Andorra,224563,Grup Immobiliari Cierco SA,135460,1004,300000
2022,Norway,319773,Axnes Aviation AS,39541,1004,300000
2022,Mexico,259352,Consejo Coordinador Empresarial,144073,1009,300000
2022,Ireland,292478,Mare Finance Investment Holdings Designated Activity Co.,165855,1027,300000
2022,Ireland,327239,Mare Finance Investment Holdings,184875,1004,300000
2022,Belgium,199627,SWIFT SCRL,108445,1004,290000
2022,Chile,233964,Antofagasta Minerals SA,143559,1004,280000
2022,Liberia,218628,Commission Import Export SA,126760,1008,280000
2022,United Kingdom,247936,Teekay Shipping (UK) Ltd.,149588,1004,280000
2022,Switzerland,48784,"Gavi, the Vaccine Alliance",41878,1002,280000
2022,United Kingdom,305717,Circulor Ltd.,175351,1004,270000
2022,France,190762,Natixis Global Asset Management SA,100369,1004,260000
2022,Japan,245090,Mizuho Bank Ltd.,147797,1004,250000
2022,Netherlands,319448,Yandex NV,180901,1004,247000
2022,Mexico,299699,Banco Azteca SA,171784,1004,240000
2022,Japan,315763,Hard Rock Japan KK,178819,1004,240000
2022,Lebanon,13804,American University of Beirut,61282,1007,240000
2022,Japan,136714,Toyota Motor Corp.,32537,1004,240000
2022,Iraq,342328,"Government of Kurdistan, Iraq",41486,1009,240000
2022,Ireland,196504,Trane Technologies plc,105856,1004,240000
2022,United Kingdom,65064,Vodafone Group plc,71909,1004,240000
2022,South Korea,228032,Hyundai Steel Co. Ltd.,138657,1004,240000
2022,China,319378,Yealink (Xiamen) Network Technology Co. Ltd.,180824,1004,240000
2022,India,58329,Tata Consultancy Services Ltd.,36985,1017,240000
2022,Hong Kong,92474,Esquel Enterprises Ltd.,64299,1004,240000
2022,Canada,277593,Absolute Software Corp.,160633,1017,240000
2022,Canada,137798,Dairy Farmers of Canada,38877,1001,240000
2022,Bangladesh,334141,Federation of Bangladesh Chambers of Commerce and Industry,34593,1010,230000
2022,Netherlands,315922,Prosus NV,178877,1004,230000
2022,Canada,234449,General Fusion Inc.,143925,1004,220000
2022,United Kingdom,248678,Financial Data and Technology Association North America,150688,1001,216000
2022,Canada,317593,Liberty Utilities (Canada) Corp.,178584,1004,210000
2022,Singapore,321828,Corinthia Holdings Pte. Ltd.,182010,1004,205000
2022,China,258945,Huawei Technologies Co. Ltd.,46599,1004,204997
2022,Canada,292331,Grodan Inc.,165921,1004,200000
2022,Canada,310707,PointClickCare Technologies Inc.,177112,1017,200000
2022,Canada,311621,The Metals Co.,177269,1004,200000
2022,Germany,230803,Papierfabrik August Koehler SE,141343,1004,200000
2022,"Georgia, Republic of",270339,Rustavi Steel LLC,159805,1004,200000
2022,Germany,76888,Deutsche Lufthansa AG,51017,1017,200000
2022,France,152893,Comité Interprofessionnel du Vin de Champagne,44894,1027,200000
2022,Canada,191455,Ontario Teachers' Pension Plan,101473,1020,200000
2022,Canada,64320,Ovintiv Inc.,35590,1004,200000
2022,Canada,16820,Gildan Activewear Inc.,64325,1022,200000
2022,United Kingdom,316796,Springer Nature Ltd.,179983,1004,200000
2022,United Kingdom,49977,Haleon plc,60859,1012,200000
2022,Netherlands,108189,Wolters Kluwer NV,41211,1004,200000
2022,Luxembourg,296205,Fermaca de México SARL,167873,1004,200000
2022,India,309421,Lupin Inc.,176416,1004,200000
2022,Israel,319856,Saito Tech Ltd.,177891,1004,200000
2022,Japan,153625,SoftBank Group Corp.,71296,1004,200000
2022,Japan,312039,Japan Securities Clearing Corp.,177303,1004,190000
2022,Panama,312365,Corporacion Internacional Cemcal,177429,1004,180000
2022,United Kingdom,214069,AstraZeneca UK Ltd.,120967,1004,180000
2022,United Kingdom,301954,Perspectum Ltd.,173167,1004,180000
2022,United Kingdom,297674,MicroGEM International plc,169137,1004,180000
2022,Switzerland,319777,Greater Caspian Association,181111,1024,180000
2022,Canada,153058,Teck Resources Ltd.,71203,1004,180000
2022,Bermuda,48728,Arch Capital Group Ltd.,49309,1004,180000
2022,Canada,318445,GHGSat Inc.,180530,1004,180000
2022,Canada,319861,Zentek Ltd.,181133,1004,180000
2022,Canada,326655,NervGen Pharma Corp.,175656,1004,170000
2022,France,255643,Unibail-Rodamco-Westfield SE,155495,1025,170000
2022,Israel,316340,Aleph Farms Ltd.,179110,1004,170000
2022,Ireland,242371,Avadel Pharmaceuticals PLC,146834,1012,170000
2022,United Kingdom,320586,Serac Healthcare Ltd.,181694,1004,170000
2022,Canada,284131,Inventys Thermal Technologies Inc.,162977,1004,165000
2022,Canada,289664,RS Technologies Inc.,164685,1004,160000
2022,Canada,307717,Canadian Pacific Railway Ltd.,175752,1004,160000
2022,England,210335,Mallinckrodt plc,117476,1012,160000
2022,Denmark,343429,Bavarian Nordic AS,68750,1004,160000
2022,Germany,312518,Tonnies Lebensmittel GmbH & Co. KG,177516,1004,160000
2022,France,317658,Nexa Technologies SAS,180361,1004,160000
2022,Austria,256895,Valneva Austria GmbH,156351,1004,160000
2022,Canada,62616,Greater Toronto (Canada) Airports Authority,41355,1009,160000
2022,Canada,207249,Canadian International Pharmacy Association,48160,1017,160000
2022,Ireland,278634,Irish Distillers,160815,1004,160000
2022,Italy,137825,Mirabella SG SpA,38881,1004,160000
2022,Serbia,331067,Pink Media Group Doo Beograd,184209,1004,160000
2022,United Kingdom,310677,DeepMind Technologies Ltd.,177089,1004,160000
2022,United Kingdom,15902,Aon Risk Services Inc.,74124,1004,160000
2022,United Arab Emirates,219780,Etihad Airways PJSC,128343,1004,160000
2022,Switzerland,323914,Web 3.0 Technologies Foundation,183188,1004,150000
2022,Canada,313425,Prince Edward Island Potato Board,178018,1004,150000
2022,Canada,301147,Carbon Engineering Ltd.,156366,1027,144000
2022,Canada,296103,Rugged Displays USA Inc.,167724,1004,140000
2022,Taiwan,313505,Medigen Vaccine Biologics Corp.,178084,1004,140000
2022,United Arab Emirates,313848,Ecolog International FZE,178236,1004,140000
2022,United Kingdom,248619,Islamic Relief Worldwide,117787,1018,140000
2022,Netherlands,43365,Friends of the Earth,56293,1020,140000
2022,Japan,226452,Sumitomo Rubber Industries Ltd.,136919,1004,130000
2022,Switzerland,24440,International Olympic Committee,61519,1024,130000
2022,Canada,320622,Total Containment Inc.,181714,1004,130000
2022,Canada,107891,Bombardier Recreational Products,57755,1004,130000
2022,United Kingdom,320362,Wise plc,181452,1004,122500
2022,France,207673,National Council of Resistance of Iran,67129,1011,120020
2022,Finland,313887,Aker Arctic Technology Oy,178247,1004,120000
2022,Czech Republic,302382,Webgroup Czech Republic as,173447,1027,120000
2022,Germany,326420,Gujarat Fluorochemicals GmbH,184056,1004,120000
2022,Canada,298408,Cardiol Therapeutics Inc.,170111,1004,120000
2022,Canada,262722,Northstar Earth & Space Systems Inc.,158827,1004,120000
2022,Canada,263131,Vanroboys Group of Cos.,159131,1004,120000
2022,Canada,308894,Captor Capital Corp.,176185,1004,120000
2022,Canada,304948,Northland Power Inc.,174930,1004,120000
2022,Canada,160088,Binational Softwood Lumber Council,69983,1008,120000
2022,Canada,81389,Brookfield Renewable Power Inc.,39669,1004,120000
2022,Bulgaria,310172,Atomenergoremont PLC,176869,1004,120000
2022,Canada,218955,Cascade Aerospace Inc.,127711,1004,120000
2022,Canada,198364,Livingston International Income Fund,107150,1025,120000
2022,Canada,249379,Sunrise Foods International Inc.,151400,1004,120000
2022,Australia,302673,Seeing Machines,173742,1004,120000
2022,Australia,320513,Cambridge Boxhill Language Assessment Pty. Ltd. ATF,181639,1004,120000
2022,Sweden,266105,IKEA of Sweden AB,159493,1004,120000
2022,Switzerland,343341,Climeworks Corp.,182927,1004,120000
2022,United Kingdom,313186,Liger Investments Ltd.,177858,1004,120000
2022,United Kingdom,310289,Proof of Trust Ltd.,176951,1004,120000
2022,United Kingdom,305970,Cobalt Institute,175515,1004,120000
2022,United Kingdom,148141,GKN plc,50794,1004,120000
2022,Italy,312493,Hydro SRL,177510,1004,120000
2022,Japan,229889,Japanese Conservative Union,140599,1009,120000
2022,Israel,319960,Rafa Laboratories Ltd.,181160,1004,120000
2022,Israel,152987,InSightec Ltd.,51604,1022,120000
2022,Japan,342602,Nippon Telegraph and Telephone Corp.,68742,1004,120000
2022,Norway,318510,Green Ammo AS,180561,1004,120000
2022,Norway,219830,Kongsberg Maritime Inc.,108272,1004,120000
2022,Netherlands,315155,KNDS,178513,1004,120000
2022,Netherlands,242042,Booking.com BV,146643,1017,120000
2022,Netherlands,325648,Orascom Construction International NV,183624,1004,120000
2022,United Kingdom,277541,Global Infrastructure Investor Association,160606,1004,115000
2022,Monaco,221681,MARSS Ltd.,129962,1015,110000
2022,Australia,326112,Woodside Energy Group Ltd.,183735,1004,110000
2022,Germany,203143,Continental AG,39312,1004,110000
2022,Colombia,307774,Grupo Ecotek,175789,1004,100000
2022,Canada,303019,Psiphon Inc.,173888,1004,100000
2022,Canada,294856,Refraction Asset Management Ltd.,166945,1004,100000
2022,Australia,292223,GreyScan Australia Pty. Ltd.,165922,1004,100000
2022,Australia,228530,IFM Investors Pty. Ltd.,139477,1004,100000
2022,Australia,262119,Partners in Performance Pty. Ltd.,158346,1004,100000
2022,Canada,46437,New Flyer of America Inc.,54378,1004,100000
2022,Canada,104578,Kinross Gold Corp.,60667,1004,100000
2022,Canada,178294,Norampac,98236,1004,96676
2022,United Kingdom,168025,Argus Media Inc.,78867,1004,93750
2022,United Kingdom,292338,Skyscanner Ltd.,165836,1004,90000
2022,Switzerland,266103,IKEA Supply AG,159492,1004,90000
2022,Russia,64484,GML Ltd.,56815,1022,90000
2022,Malaysia,303870,Roundtable on Sustainable Palm Oil,174196,1004,90000
2022,Israel,305726,NSO Group Technologies Ltd.,175354,1004,90000
2022,Canada,205402,Capital Power Corp.,113543,1004,90000
2022,Australia,313778,Avicena Systems Ltd.,178201,1004,90000
2022,Canada,319293,American Rocky Mountaineer LLC,180783,1004,90000
2022,Canada,137739,Chamber of Marine Commerce,57407,1001,88000
2022,Canada,171337,DBRS Inc.,84794,1017,80000
2022,Canada,172383,Armatec Survivability Corp.,85070,1004,80000
2022,Canada,66667,Revision Military Inc.,68754,1004,80000
2022,Belgium,320907,Imec Inc.,181807,1004,80000
2022,Canada,191780,Ucore Rare Metals Inc.,101358,1004,80000
2022,Canada,188354,Kruger Inc.,100524,1004,80000
2022,Canada,207381,Federal Marine Terminals Inc.,115717,1004,80000
2022,Australia,314387,Micro-X Inc.,178414,1004,80000
2022,Australia,299655,4D Medical,171748,1004,80000
2022,Canada,318482,SHARC Energy Systems,180523,1004,80000
2022,Canada,316864,Phenom Resources Corp.,180029,1004,80000
2022,Channel Islands,322585,Rainbow Rare Earths Ltd.,182237,1004,80000
2022,Canada,264195,NexGen Energy Ltd.,159240,1004,80000
2022,Canada,264863,KIK Custom Products Inc.,159364,1004,80000
2022,Canada,311185,HIVE Digital Technologies Ltd.,177212,1004,80000
2022,Egypt,241640,American University in Cairo,103162,1007,80000
2022,Germany,302544,Lilium Aviation Inc.,173587,1004,80000
2022,Germany,258159,Roche Diagnostics GmbH,44893,1027,80000
2022,Hong Kong,176299,D'Luxe Group Ltd.,87316,1017,80000
2022,Israel,312260,Nostromo Energy Ltd.,177383,1004,80000
2022,Israel,317087,TurboGen Ltd.,180105,1004,80000
2022,Italy,91925,Global Crop Diversity Trust,64292,1002,80000
2022,Japan,297014,Toshiba Corp.,68746,1020,80000
2022,Lebanon,241891,Cedrus Bank SAL,146565,1004,80000
2022,Netherlands,238772,Van Oord NV,145545,1004,80000
2022,Norway,296029,Kistefos AS,167761,1004,80000
2022,Norway,304891,Norse Atlantic Airways AS,174880,1004,80000
2022,Senegal,317547,SAGAM International,180315,1004,80000
2022,Switzerland,233220,CSL Vifor,109516,1004,80000
2022,Switzerland,315739,Garrett Motion Inc.,178784,1004,80000
2022,United Kingdom,245299,Life Molecular Imaging Ltd.,148070,1004,80000
2022,United Kingdom,307040,Shufti Pro Ltd.,175685,1004,80000
2022,United Kingdom,304192,Hi55 Ventures Ltd.,174376,1004,80000
2022,United Kingdom,313855,Sense Biodetection Ltd.,178233,1004,80000
2022,United Kingdom,320620,International Group of Protection and Indemnity Clubs,40588,1027,80000
2022,Sweden,324681,Qbtech AB,183511,1004,75000
2022,Ireland,303013,TechMet Ltd.,173897,1004,75000
2022,Guatemala,319029,Chamber of Industry of Guatemala,180679,1004,71000
2022,Canada,210825,Top Aces Corp.,117884,1004,70000
2022,India,319750,Epsilon Carbon Private Ltd.,181088,1004,70000
2022,Israel,323666,N-Drip Ltd.,182905,1004,70000
2022,Mexico,154400,América Móvil SAB de CV,70879,1004,70000
2022,Switzerland,317587,Proton AG,180330,1004,70000
2022,Switzerland,244958,Perspective Robotics AG,147601,1015,70000
2022,United Kingdom,319729,Shetland Space Centre Ltd.,181079,1004,70000
2022,United Kingdom,323962,LMAX Group,183235,1004,70000
2022,Canada,257736,enCore Energy Corp.,156457,1004,68000
2022,Australia,309176,Whiskey Project Group Ltd.,176341,1004,65000
2022,Australia,319576,Ellume Health,180955,1004,60000
2022,Belgium,238773,"Dredging, Environmental and Marine Engineering NV",145548,1004,60000
2022,Canada,259502,Nymox Pharmaceutical Corp.,157781,1004,60000
2022,Canada,238249,Geotab Inc.,145300,1004,60000
2022,Guam,104063,AmChams of Asia Pacific,51991,1006,60000
2022,Guatemala,67602,Central American Sugar Association,50627,1001,60000
2022,France,102792,AXA SA,53943,1004,60000
2022,Canada,305321,HyLife,175119,1004,60000
2022,China,288984,MEGVII Technology Ltd.,164558,1004,60000
2022,Canada,315737,Peak Power Inc.,178786,1004,60000
2022,Canada,321050,Damera Bus Sales Canada,181844,1004,60000
2022,Canada,322587,SWTCH Energy Inc.,182241,1004,60000
2022,United Kingdom,284414,Kelkoo.com (UK) Ltd.,163066,1004,60000
2022,United Kingdom,222338,International Game Technology plc,59650,1004,60000
2022,Luxembourg,320186,Millicom,181302,1004,60000
2022,Netherlands,154393,Royal Boskalis Westminster NV,51614,1017,60000
2022,Netherlands,318467,VEON Ltd.,180517,1004,60000
2022,Netherlands,323922,Digital Container Shipping Association,183185,1004,60000
2022,Italy,313427,PFH SpA,178017,1004,60000
2022,Japan,154656,Japan Automobile Manufacturers Association Inc.,68737,1001,60000
2022,Belgium,148453,European Banking Federation,45474,1024,52000
2022,Canada,312982,Kinectrics AES Inc.,177762,1004,50000
2022,Canada,203128,Business Council of Canada,111008,1004,50000
2022,Germany,308791,atai Life Sciences NV,176096,1004,50000
2022,"Georgia, Republic of",296499,Anaklia Development Consortium LLC,168031,1004,50000
2022,United Kingdom,218499,Drax Group plc,126265,1004,50000
2022,United Kingdom,309645,Fish Guidance Systems Ltd.,176558,1004,50000
2022,Qatar,319661,Salam International Investment Ltd. QPSC,181017,1004,50000
2022,Russia,264999,En+ Group International Public Joint-Stock Co.,159380,1004,50000
2022,United Nations,204172,Navajo County (Ariz.) Public Works,112314,1010,46000
2022,Canada,311182,Hemlock Court Holdings Corp.,177210,1004,45000
2022,Brazil,288060,Brazilian Avocado Commission,163943,1004,42000
2022,Germany,259241,Transparency International EV,120363,1024,41712
2022,Guam,104168,DFS Guam LP,56918,1004,40000
2022,France,235677,Constellium Paris,144621,1004,40000
2022,France,300752,Escape International Air TEP,172143,1027,40000
2022,Dominican Republic,144259,Consorcio Azucarero de Empresas Industriales,39044,1004,40000
2022,Canada,319317,Oil Sands Pathways to Net Zero Initiative,180793,1004,40000
2022,Canada,326337,International Test Pilots School,183898,1007,40000
2022,Canada,315730,National Hockey League Players Association,178808,1001,40000
2022,Canada,89601,Onex Corp.,48829,1004,40000
2022,Canada,136787,World Anti-Doping Agency,66716,1024,40000
2022,Canada,220216,Sanexen Environmental Services Inc.,129133,1004,40000
2022,Canada,208093,Canadian Cattlemen's Association,42255,1001,40000
2022,Australia,326606,Allkem Ltd.,184127,1004,40000
2022,Australia,204022,Rubicon Water,111930,1004,40000
2022,Serbia,326397,Mr. Tzvetan Vassileva and Mrs. Antoaneta Vassileva,184007,1017,40000
2022,Peru,313479,Equinox International SAC,178066,1004,40000
2022,Singapore,299861,Maxeon Solar Technologies Ltd.,171831,1004,40000
2022,South Korea,299902,Zinus Inc.,171863,1004,40000
2022,Switzerland,302905,Livinguard Technologies AG,173843,1004,40000
2022,Spain,296930,Iberdrola SA,86268,1027,40000
2022,United Kingdom,293627,Paxman Coolers Ltd.,166523,1004,40000
2022,United Kingdom,299149,HSBC Latin America Holdings (UK) Ltd.,170821,1004,40000
2022,United Kingdom,238566,Cruelty Free International,145470,1004,40000
2022,United Kingdom,162076,Anglo American plc,68877,1027,40000
2022,Italy,319368,Gruppo ICM SpA,180819,1004,40000
2022,Ivory Coast,312545,African Development Bank,51559,1004,40000
2022,Japan,309273,Takeda Pharmaceutical Co. Ltd.,57495,1027,40000
2022,Israel,324963,Electreon Wireless Ltd.,183554,1004,40000
2022,Israel,309141,Institute for NGO Research,176312,1024,40000
2022,Netherlands,200034,International Association of STM Publishers,109282,1001,40000
2022,Netherlands,237722,Wintershall Dea Nederland Transport and Trading BV,145000,1004,40000
2022,Australia,310017,Arizona Lithium Ltd.,176823,1004,36000
2022,Afghanistan,213558,American University of Afghanistan,120295,1004,35000
2022,China,294990,Yum China Holdings Inc.,167045,1004,35000
2022,China,149879,American Chamber of Commerce in the People’s Republic of China,50597,1006,30000
2022,China,165437,American Chamber of Commerce in Shanghai (China),71101,1006,30000
2022,China,309797,American Chamber of Commerce in South China,176696,1024,30000
2022,Haiti,306737,Haitian Center for Research in Planning and Development,175644,1024,30000
2022,Australia,312595,Sunrise Energy Metals Ltd.,177579,1004,30000
2022,Australia,306774,IperionX Ltd.,175664,1004,30000
2022,New Zealand,210950,Fonterra Cooperative Group Ltd.,118033,1004,30000
2022,Norway,320720,Kongsberg Defence & Aerospace AS,39341,1027,30000
2022,Israel,317258,Cognyte Technologies Israel Ltd.,180208,1004,30000
2022,Italy,190548,Impresa Pizzarotti & C. SpA,100148,1004,30000
2022,Japan,227101,American Chamber of Commerce in Japan,137957,1006,30000
2022,United Kingdom,313210,Oxford Instruments NanoScience,177874,1004,30000
2022,Switzerland,154643,MSC Mediterranean Shipping Co. SA,70240,1004,30000
2022,South Korea,79493,American Chamber of Commerce in Korea,61409,1006,30000
2022,United Kingdom,323950,Evolutionary Rail Ltd.,183240,1004,30000
2022,Japan,147740,Institute of Cetacean Research,51720,1022,26976
2022,Italy,7951,ENI SpA,49226,1004,25000
2022,Ireland,309408,AiPharma Global Holdings Ltd.,176413,1004,25000
2022,Canada,302645,Revive Therapeutics Inc.,173722,1004,25000
2022,Canada,313426,Telus,178019,1025,20000
2022,Hong Kong,327213,Lenovo Group Ltd.,63911,1004,20000
2022,Germany,237717,Uniper SE,144998,1004,20000
2022,Finland,324976,ICEYE Oy,183567,1004,20000
2022,France,210563,ENGIE SA,52162,1004,20000
2022,Australia,285341,ioneer Ltd.,163558,1004,20000
2022,Australia,320618,Sports Futures Xchange Pty. Ltd.,181717,1004,20000
2022,Austria,226695,OMV AG,137309,1004,20000
2022,Belgium,13398,International Association of Professional Numismatists,46036,1001,20000
2022,Netherlands,324393,Fugro NV,71756,1027,20000
2022,Netherlands,90815,Shell International BV,44096,1004,20000
2022,Malaysia,305370,Top Glove Corp. BHD,175161,1004,20000
2022,South Africa,322910,Tessara (Pty) Ltd.,182437,1004,20000
2022,United Kingdom,137242,Aston Martin Lagonda Ltd.,66825,1004,20000
2022,Canada,304853,National Coalition Party of Canada,174855,1020,17000
2022,Canada,303426,K2 Gold Corp.,174087,1004,10000
2022,Canada,316328,Rebel News Network Ltd.,179102,1004,10000
2022,France,190760,BPCE SA,100235,1004,10000
2022,Dominican Republic,104508,Dominican Association of Free Zones Inc.,34174,1001,10000
2022,Cyprus,282249,Association of Cyprus Banks,149265,1004,10000
2022,Germany,324244,American Chamber of Commerce in Germany eV,183421,1006,10000
2022,Australia,252395,Breville Pty. Ltd.,153503,1004,10000
2022,Canada,235652,Communitech Corp.,144623,1017,10000
2022,Canada,107875,Nordion (Canada) Inc.,48328,1004,10000
2022,Canada,172826,Canola Council of Canada,86251,1001,10000
2022,Canada,178633,Cooke Aquaculture Inc.,98417,1004,10000
2022,United Kingdom,194514,Global Witness Ltd.,37234,1027,6507
2022,United Kingdom,191009,Inmarsat plc,101145,1004,0
2022,United Kingdom,92118,Gabriel Resources Ltd.,43705,1017,0
2022,United Kingdom,93534,INEOS Group Ltd.,47757,1004,0
2022,United Kingdom,27461,British Airways plc,33535,1004,0
2022,Ukraine,313502,QPartners LLC,178086,1004,0
2022,Ukraine,323376,Government of Ukraine,51653,1009,0
2022,United Kingdom,60581,International Banking Federation Ltd.,61673,1024,0
2022,United Kingdom,66934,Oil Companies International Marine Forum,55842,1024,0
2022,United Kingdom,80628,Argon Electronics,48408,1004,0
2022,United Kingdom,80629,Aircontrol Technologies,56233,1004,0
2022,United Kingdom,80639,SELEX ELSAG SpA,58013,1017,0
2022,United Kingdom,80640,VT Group plc,39759,1017,0
2022,United Kingdom,319967,Defend UK,181172,1007,0
2022,United Kingdom,302587,EPIC Risk Management,173636,1004,0
2022,United Kingdom,307747,NeedleSmart Ltd.,175771,1004,0
2022,United Kingdom,252150,Rio Tinto plc,34354,1017,0
2022,United Kingdom,253195,African Growth Corp.,153871,1004,0
2022,United Kingdom,286017,Xcalibur Aerospace Ltd.,163743,1004,0
2022,United Kingdom,288855,Gylden Pharma Ltd.,164390,1004,0
2022,United Kingdom,283160,ICU Advisory Ltd.,161765,1004,0
2022,South Korea,238934,Hyosung Corp.,145589,1004,0
2022,South Korea,110705,Samsung C&T Corp.,43762,1004,0
2022,South Korea,135191,Korea Trade-Investment Promotion Agency,38954,1024,0
2022,South Korea,135298,Korea International Trade Association,38704,1001,0
2022,Somalia,137244,Government of Somalia,38957,1008,0
2022,South Africa,217185,South African Avocado Growers Association,124289,1004,0
2022,Philippines,271562,Rappler Inc.,159913,1004,0
2022,Qatar,252362,BeIN Media Group LLC,153378,1004,0
2022,Qatar,286022,Al Jazeera Media Network,115033,1004,0
2022,Russia,201924,Ivanyan & Partners,110293,1025,0
2022,Russia,217175,Gazprombank,124271,1022,0
2022,Russia,245992,Alexander Skorobogatko and Alexander Ponomarenko,149063,1004,0
2022,Saudi Arabia,55610,Middle East Council of American Chambers of Commerce,56521,1006,0
2022,Saudi Arabia,345531,Government of Saudi Arabia,32093,1009,0
2022,Romania,226704,Tuca Zbarcea & Asociatii,137301,1004,0
2022,Switzerland,301399,RocketVax AG,172748,1004,0
2022,Thailand,309163,Taiwei Biotech International,176334,1004,0
2022,Taiwan,232697,Willis Electric Co. Ltd.,142854,1004,0
2022,South Korea,345158,SK Innovation Co. Ltd.,170380,1027,0
2022,Spain,234615,Cosentino SAU,144021,1004,0
2022,Spain,234986,Tabacalera SLU,144324,1004,0
2022,Spain,255073,Deoleo SA,154253,1004,0
2022,Spain,277586,Meliá Hotels International SA,160592,1004,0
2022,Malaysia,313721,Malaysian Palm Oil Council,110316,1022,0
2022,Malaysia,303814,Smart Glove International,174165,1027,0
2022,Malaysia,148194,Association of Asia Pacific Airlines,65120,1001,0
2022,Mexico,158255,Deacero SAPI de CV,52203,1004,0
2022,Mexico,215003,Independent University of Guadalajara (Mexico),121414,1007,0
2022,Marshall Islands,220468,Enewetak/Ujelang (Marshall Islands) Local Government,129439,1010,0
2022,Mauritius,14393,Mauritius Chamber of Agriculture and Mauritius Sugar Syndicate,46486,1022,0
2022,Mexico,4624,Avocado Producers of Mexico,39005,1006,0
2022,Mexico,136355,National Chamber of the Fishing and Aquaculture Industry (Mexico),49765,1022,0
2022,Mexico,140419,National Chamber of the Sugar and Alcohol Industries (Mexico),68679,1022,0
2022,Netherlands,229865,KazMunayGas International NV,140579,1004,0
2022,Netherlands,154720,"Anthos, the Royal Trade Association for Nursery Stock and Flower Bulbs",49154,1001,0
2022,Netherlands,196075,ASML Netherlands BV,105108,1025,0
2022,Morocco,299243,OCP SA,38639,1022,0
2022,Mexico,303145,Associations of Bell Peppers Growers and Importers,173959,1004,0
2022,Netherlands,80632,KLM Royal Dutch Airlines,38712,1017,0
2022,Netherlands,101611,Association of Dutch Insurers,44904,1001,0
2022,Netherlands,320563,BrainCreators,181680,1004,0
2022,Norway,165468,Equinor ASA,46604,1004,0
2022,Netherlands,317314,Anthura BV,180226,1004,0
2022,Netherlands,285266,OLX Global BV,163541,1004,0
2022,Netherlands,297188,Lithium Werks Inc.,168461,1004,0
2022,Netherlands,310462,GoodFuels,177043,1004,0
2022,Netherlands,313752,Giskit Pharma BV,178187,1004,0
2022,Paraguay,322277,Samera SA,182082,1004,0
2022,Panama,89491,CBI Sugar Group,62550,1022,0
2022,Norway,301944,Pavisus AS,173166,1004,0
2022,Norway,241758,Nordby Associates AS,146466,1004,0
2022,Norway,274453,Sensonor AS,160150,1004,0
2022,Israel,329873,Government of Israel,38682,1009,0
2022,Indonesia,302362,PT Bukalapak.com,173455,1004,0
2022,Indonesia,302363,PT Tokopedia,173458,1004,0
2022,Ireland,307320,AerCap Holdings NV,175726,1004,0
2022,Israel,154546,Rafael Advanced Defense Systems Ltd.,62196,1004,0
2022,Israel,248821,FinCom Ltd.,150889,1027,0
2022,Israel,270501,Elbit Systems - Cyclone Ltd.,159824,1004,0
2022,Israel,302354,Center for Near East Policy Research Ltd.,173434,1004,0
2022,Japan,225545,Suntory Business Expert Ltd.,136184,1004,0
2022,Japan,6986,Japan Automobile Standards Internationalization Center,45868,1009,0
2022,Japan,10223,Japan Bank for International Cooperation,48048,1004,0
2022,Japan,92846,NEC Corp.,68685,1004,0
2022,Ivory Coast,283291,Democratic Party of Cote d'Ivoire,162223,1004,0
2022,Italy,313208,Esplodenti Sabino SpA,177871,1004,0
2022,Japan,323359,All Nippon Airways Co. Ltd.,38806,1004,0
2022,Kuwait,287049,KGL Investment Co. KSCC,157589,1004,0
2022,Liberia,168915,MEAB Bank SAL,79185,1022,0
2022,Libya,230279,Association of Banks in Lebanon,111912,1001,0
2022,Luxembourg,218394,Oxford BioChronometrics,125891,1004,0
2022,Lebanon,223769,M1 Group,135198,1025,0
2022,Lebanon,224652,Al-Mawarid Bank SAL,135519,1004,0
2022,Lebanon,229133,Fenicia Bank SAL,139992,1004,0
2022,Canada,175853,Manitoba Hydro Corp.,87133,1010,0
2022,Canada,101134,CPP Investments,60416,1009,0
2022,Canada,55191,Irving Oil Ltd.,53831,1004,0
2022,Brazil,345577,Brazilian Sugarcane Industry Association,53348,1016,0
2022,Bulgaria,309075,Protos Energy SSC,176286,1004,0
2022,Cambodia,296216,Cambodia Footwear Association,167879,1004,0
2022,Canada,9717,Iogen Corp.,37486,1004,0
2022,Canada,250168,Electra Battery Materials Corp.,152007,1004,0
2022,Canada,260312,Sani Sport,157970,1004,0
2022,Canada,224408,Quebec Border Mills Committee,135302,1010,0
2022,Canada,224913,Canpro Investments Ltd.,135621,1004,0
2022,Canada,231197,Matériaux Blanchet Inc.,141840,1004,0
2022,Canada,248309,ISARA Corp.,150246,1004,0
2022,Canada,248611,Alberta Investment Management Corp.,150587,1004,0
2022,Canada,248831,International Maple Syrup Institute,150896,1001,0
2022,Canada,210470,Medicago Inc.,79263,1027,0
2022,Canada,212106,Trojan Technologies Inc.,118866,1025,0
2022,Canada,220215,Niedner Inc.,129143,1004,0
2022,Canada,190673,A.C.E. Consulting,100472,1017,0
2022,Canada,197710,Canadian Snowbird Association,106366,1004,0
2022,Canada,207139,"Province of Alberta, Canada",65418,1009,0
2022,Canada,199259,Canadian Solar Inc.,107538,1004,0
2022,Canada,199392,Canada Steamship Lines Inc.,108242,1004,0
2022,Australia,282231,Minderoo Foundation Pty. Ltd.,161403,1002,0
2022,Australia,230376,NuCoal Resources Ltd.,140925,1004,0
2022,Argentina,241534,YPF SA,59804,1017,0
2022,Australia,137929,Qantas Airways Ltd.,67365,1004,0
2022,Australia,157994,Brambles Ltd.,72104,1025,0
2022,Australia,176318,Lynas Rare Earths Ltd.,87322,1004,0
2022,Austria,315945,UNCAC Coalition,178896,1020,0
2022,Belgium,319749,FarmTech Society,181089,1024,0
2022,Bermuda,91983,RenaissanceRe Holdings Ltd.,47103,1022,0
2022,Bermuda,232940,Rendeavour Holding Ltd.,143081,1004,0
2022,Bermuda,244929,Liberty Latin America Ltd.,147607,1017,0
2022,Brazil,52114,Embraer SA,39105,1004,0
2022,Brazil,285917,Plinio Corrêa de Oliveira Institute,163835,1004,0
2022,Australia,309614,Calix Ltd.,176527,1004,0
2022,Australia,291860,Acusensus Pty. Ltd.,165710,1004,0
2022,Australia,308843,Ionic Rare Earths Ltd.,176121,1004,0
2022,Germany,262076,thyssenkrupp Access Solutions GmbH,158304,1004,0
2022,Germany,296052,Association of the German Confectionery Industry,167801,1004,0
2022,Germany,248984,Allianz Capital Partners GmbH,151056,1015,0
2022,Germany,226837,Bitmanagement Software GmbH,137575,1004,0
2022,Germany,172801,Xeless GmbH,86255,1017,0
2022,Germany,173637,German Insurance Association,86438,1020,0
2022,Hong Kong,111466,Hutchison Whampoa Ltd.,41133,1022,0
2022,Haiti,320204,Association of Industries of Haiti,41144,1001,0
2022,Haiti,345582,Government of Haiti,43412,1009,0
2022,Honduras,135664,Central American Bank for Economic Integration,66993,1004,0
2022,Grenada,315132,St. George's University,32334,1027,0
2022,Czech Republic,319711,Draslovka Holding AS,181058,1004,0
2022,Denmark,255838,Copenhagen Infrastructure Partners KS,156038,1004,0
2022,Denmark,313889,Exruptive AS,178252,1027,0
2022,Colombia,206799,Federation of Rice Producers of Colombia,115144,1024,0
2022,Croatia,303810,Croatian Association of Prisoners of Serbian Concentration Camps,174161,1024,0
2022,Croatia,317132,Fortenova Group dd,180122,1004,0
2022,Cyprus,223676,Nest Investments (Holdings) Ltd.,135067,1004,0
2022,France,190761,Natixis SA,100371,1004,0
2022,France,26837,TotalEnergies SE,53276,1004,0
2022,Estonia,301951,Tera Ventures OU,173170,1004,0
2022,Ethiopia,310178,Hawassa Industrial Park Investors Association,176874,1004,0
2022,France,302101,Pandemic Mitigation Project,173362,1024,0
2022,France,283997,Droit de Naître,162830,1024,0
2022,France,292291,Worldwide Flight Services,76209,1027,0
2022,Canada,326570,Cynergy Composites Inc.,184086,1004,0
2022,Canada,323219,Therma Bright Inc.,182585,1004,0
2022,China,240722,Oriental Fortune Investment Ltd.,145957,1004,0
2022,China,298860,Inspur Group Co. Ltd.,170391,1004,0
2022,China,299095,Semiconductor Manufacturing International Corp.,169676,1004,0
2022,China,258943,Fujian Jinhua Integrated Circuit Co. Ltd.,157398,1004,0
2022,Canada,304911,AAV Ltd.,174902,1004,0
2022,Canada,306750,Heliene Inc.,175650,1004,0
2022,Canada,307043,Prodigy Education Inc.,175687,1025,0
2022,Canada,297753,JFE Shoji Power Canada Inc.,169385,1004,0
2022,Canada,271895,Torngat Metals Ltd.,159956,1004,0
2022,Canada,295558,Almonty Industries Inc.,167611,1004,0
2022,Venezuela,343388,Petroleos de Venezuela SA,68287,1022,0
2022,Vietnam,313105,Coteccons Construction Joint Stock Co.,177784,1004,0
2022,Yugoslavia,310227,Trade Union of Employees of the Steel Factory – IMK Ferizaj,176896,1004,0
2023,United Kingdom,20225,GSK plc,34599,1004,6130000
2023,Cayman Islands,198250,Alibaba Group Holding Ltd.,106981,1004,3910000
2023,Ireland,40757,Accenture plc,33683,1004,3040000
2023,Canada,105375,TransCanada PipeLines Ltd.,37220,1004,2510000
2023,Australia,308528,Fortescue Future Industries Pty Ltd.,175933,1004,2330000
2023,Switzerland,45939,TE Connectivity Ltd.,59043,1004,2030000
2023,Sweden,190663,Volvo Car Corp.,100399,1004,2025000
2023,China,301759,Ant Group Co. Ltd.,173046,1004,1700000
2023,Canada,308451,Canadian National Railway Co.,55243,1004,1530000
2023,South Korea,11132,Hyundai Motor America,35417,1004,1520000
2023,South Korea,301727,Kia Corp.,57419,1004,1460000
2023,United Kingdom,231378,CSL Seqirus,141965,1004,1390000
2023,Canada,291716,Shopify Inc.,165470,1004,1380000
2023,China,292660,Tencent Holdings Ltd.,166101,1004,1220000
2023,Spain,90209,Repsol SA,39942,1027,1120000
2023,Canada,78286,Apotex Inc.,41468,1004,1110000
2023,Australia,294193,First Quantum Minerals Ltd.,166850,1004,1070000
2023,Canada,50759,BlackBerry Ltd.,39684,1004,1040000
2023,Switzerland,323914,Web 3.0 Technologies Foundation,183188,1004,930000
2023,Bermuda,314782,Athene Holding Ltd.,136722,1027,920000
2023,United Kingdom,216441,NovoCure Ltd.,123727,1004,880000
2023,United Kingdom,91989,Alternative Investment Management Association Ltd.,60834,1001,850000
2023,Switzerland,28071,Novartis AG,32084,1004,840000
2023,Canada,54860,TC Energy Corp.,58227,1004,832500
2023,Canada,252315,Cameco Corp.,67993,1004,830000
2023,Netherlands,318467,VEON Ltd.,180517,1004,770000
2023,Hong Kong,92474,Esquel Enterprises Ltd.,64299,1004,740000
2023,United Kingdom,309671,Africell UK Ltd.,176575,1004,710000
2023,Canada,313681,Dapper Labs Inc.,177807,1004,690000
2023,Australia,326112,Woodside Energy Group Ltd.,183735,1004,690000
2023,Panama,305794,HC Holdings SA,175454,1004,680000
2023,China,255802,Zhongxing Telecommunications Equipment Corp.,54011,1004,670000
2023,Bulgaria,321250,Kiril Domuschiev and Georgi Domuschiev,179021,1027,660000
2023,Singapore,37324,APL Ltd.,39843,1004,640000
2023,United Kingdom,70436,London Stock Exchange Group plc,56834,1017,630000
2023,India,266833,National Association of Software and Services Companies,36006,1024,610000
2023,Bangladesh,334141,Federation of Bangladesh Chambers of Commerce and Industry,34593,1010,605000
2023,Switzerland,79352,F. Hoffmann-La Roche Ltd.,44018,1004,560000
2023,Mexico,294153,Associations of Mexican Tomato Growers,166875,1004,560000
2023,Ireland,327239,Mare Finance Investment Holdings,184875,1004,540000
2023,China,205796,BGI Group,114165,1027,540000
2023,Australia,79502,BHP,49347,1004,520000
2023,United Kingdom,148141,GKN plc,50794,1004,520000
2023,South Korea,339904,LG Chem Ltd.,158070,1004,505000
2023,Brazil,330382,J&F Investimentos SA,162980,1004,490000
2023,Germany,190800,Fresenius Medical Care AG and Co. KGaA,43697,1004,490000
2023,India,345185,Reliance Industries Ltd.,39549,1004,485000
2023,Germany,326420,Gujarat Fluorochemicals GmbH,184056,1004,480000
2023,Netherlands,325648,Orascom Construction International NV,183624,1004,480000
2023,United Kingdom,313748,Fenix International Ltd.,178184,1004,480000
2023,United Kingdom,314088,DTEK International Ltd.,178325,1004,480000
2023,Chile,305269,Highly Innovative Fuels,175078,1004,460000
2023,Luxembourg,222945,LetterOne Holdings SA,134404,1004,440000
2023,Switzerland,12803,Swiss Reinsurance Co. Ltd.,36971,1004,440000
2023,Switzerland,284354,Bitcoin Association,163011,1004,440000
2023,United Kingdom,21068,InterContinental Hotels Group plc,42180,1004,440000
2023,United Kingdom,49977,Haleon plc,60859,1012,430000
2023,United Kingdom,112293,Lloyd's of London,51179,1017,430000
2023,Canada,151144,"Province of Saskatchewan, Canada",39875,1004,400000
2023,Canada,311621,The Metals Co.,177269,1004,380000
2023,Canada,18900,Electricity Canada,52083,1001,370000
2023,Canada,174943,Cenovus Energy Inc.,86968,1004,360000
2023,Panama,252195,Promerica Financial Corp.,152891,1004,360000
2023,Japan,153490,Hitachi Ltd.,65993,1004,350000
2023,Norway,241172,Coalition for Epidemic Preparedness Innovations,146141,1020,340000
2023,Norway,224504,DNV GL Group AS,135403,1004,320000
2023,Mexico,259352,Consejo Coordinador Empresarial,144073,1009,320000
2023,United Kingdom,161149,International Marine Contractors Association,70300,1001,320000
2023,Ireland,292478,Mare Finance Investment Holdings Designated Activity Co.,165855,1027,320000
2023,Canada,259316,Crystallex International,157714,1004,320000
2023,United Kingdom,248678,Financial Data and Technology Association North America,150688,1001,315000
2023,Bermuda,110547,Assured Guaranty Ltd.,61236,1004,310000
2023,United Kingdom,136626,Martin-Baker Aircraft Co. Ltd.,51104,1004,300000
2023,Belgium,199627,SWIFT SCRL,108445,1004,290000
2023,India,58329,Tata Consultancy Services Ltd.,36985,1017,290000
2023,Canada,317593,Liberty Utilities (Canada) Corp.,178584,1004,280000
2023,Switzerland,48784,"Gavi, the Vaccine Alliance",41878,1002,280000
2023,South Korea,135298,Korea International Trade Association,38704,1001,280000
2023,Liberia,218628,Commission Import Export SA,126760,1008,280000
2023,Netherlands,92835,Royal DSM NV,56394,1004,280000
2023,Singapore,321828,Corinthia Holdings Pte. Ltd.,182010,1004,280000
2023,Serbia,331067,Pink Media Group Doo Beograd,184209,1004,270000
2023,United Kingdom,222826,Aptiv plc,134357,1004,270000
2023,South Korea,157125,Samsung Electronics Co. Ltd.,54009,1004,260000
2023,Netherlands,43365,Friends of the Earth,56293,1020,260000
2023,France,190762,Natixis Global Asset Management SA,100369,1004,260000
2023,Ireland,220310,Horizon Therapeutics plc,129299,1004,260000
2023,Canada,153058,Teck Resources Ltd.,71203,1004,260000
2023,Israel,320102,RAFT Technologies Ltd.,179239,1004,253000
2023,Australia,157994,Brambles Ltd.,72104,1025,250000
2023,Lebanon,13804,American University of Beirut,61282,1007,247000
2023,Japan,136714,Toyota Motor Corp.,32537,1004,240000
2023,Japan,315763,Hard Rock Japan KK,178819,1004,240000
2023,Iraq,342328,"Government of Kurdistan, Iraq",41486,1009,240000
2023,Ireland,196504,Trane Technologies plc,105856,1004,240000
2023,Australia,292223,GreyScan Australia Pty. Ltd.,165922,1004,240000
2023,Canada,137798,Dairy Farmers of Canada,38877,1001,240000
2023,Canada,203128,Business Council of Canada,111008,1004,240000
2023,Canada,277593,Absolute Software Corp.,160633,1017,240000
2023,Netherlands,108189,Wolters Kluwer NV,41211,1004,240000
2023,Norway,319773,Axnes Aviation AS,39541,1004,240000
2023,South Korea,228032,Hyundai Steel Co. Ltd.,138657,1004,240000
2023,South Korea,301920,Hyundai Motor Co. Ltd.,173137,1004,240000
2023,Switzerland,343341,Climeworks Corp.,182927,1004,240000
2023,Ukraine,318464,Kyivstar,180541,1004,240000
2023,Switzerland,319777,Greater Caspian Association,181111,1024,240000
2023,United Kingdom,301954,Perspectum Ltd.,173167,1004,240000
2023,United Kingdom,305717,Circulor Ltd.,175351,1004,240000
2023,United Kingdom,320353,Gemcorp Capital Management Ltd.,181455,1004,240000
2023,Ireland,242371,Avadel Pharmaceuticals PLC,146834,1012,230000
2023,Hong Kong,249832,World Dog Alliance Ltd.,151787,1024,230000
2023,Israel,323666,N-Drip Ltd.,182905,1004,220000
2023,Italy,313427,PFH SpA,178017,1004,220000
2023,Canada,294856,Refraction Asset Management Ltd.,166945,1004,220000
2023,Nigeria,252696,Aiteo Group,153598,1004,220000
2023,Bermuda,244929,Liberty Latin America Ltd.,147607,1017,210000
2023,Dominican Republic,144259,Consorcio Azucarero de Empresas Industriales,39044,1004,210000
2023,France,152893,Comité Interprofessionnel du Vin de Champagne,44894,1027,200000
2023,France,255643,Unibail-Rodamco-Westfield SE,155495,1025,200000
2023,Germany,76888,Deutsche Lufthansa AG,51017,1017,200000
2023,Germany,230803,Papierfabrik August Koehler SE,141343,1004,200000
2023,Canada,318445,GHGSat Inc.,180530,1004,200000
2023,Israel,319960,Rafa Laboratories Ltd.,181160,1004,200000
2023,Japan,342602,Nippon Telegraph and Telephone Corp.,68742,1004,200000
2023,Kuwait,254494,KGL Logistics,134256,1025,200000
2023,India,309421,Lupin Inc.,176416,1004,200000
2023,Canada,16820,Gildan Activewear Inc.,64325,1022,200000
2023,Canada,64320,Ovintiv Inc.,35590,1004,200000
2023,Canada,292331,Grodan Inc.,165921,1004,200000
2023,Canada,310707,PointClickCare Technologies Inc.,177112,1017,200000
2023,Canada,191455,Ontario Teachers' Pension Plan,101473,1020,200000
2023,Norway,320905,DSG Technology AS,86279,1004,200000
2023,Singapore,299861,Maxeon Solar Technologies Ltd.,171831,1004,200000
2023,Japan,312039,Japan Securities Clearing Corp.,177303,1004,200000
2023,United Kingdom,323962,LMAX Group,183235,1004,200000
2023,United Kingdom,320362,Wise plc,181452,1004,190000
2023,Andorra,224563,Grup Immobiliari Cierco SA,135460,1004,190000
2023,England,210335,Mallinckrodt plc,117476,1012,190000
2023,Bermuda,48728,Arch Capital Group Ltd.,49309,1004,180000
2023,Canada,284131,Inventys Thermal Technologies Inc.,162977,1004,180000
2023,Mexico,299699,Banco Azteca SA,171784,1004,170000
2023,South Korea,317188,Korean Air Co. Ltd.,180168,1027,170000
2023,United Kingdom,206116,Smiths Group plc,36822,1004,160000
2023,Norway,318510,Green Ammo AS,180561,1004,160000
2023,Russia,264999,En+ Group International Public Joint-Stock Co.,159380,1004,160000
2023,Canada,207249,Canadian International Pharmacy Association,48160,1017,160000
2023,Canada,171337,DBRS Inc.,84794,1017,160000
2023,Denmark,343429,Bavarian Nordic AS,68750,1004,160000
2023,Italy,137825,Mirabella SG SpA,38881,1004,160000
2023,Netherlands,319448,Yandex NV,180901,1004,156500
2023,United Kingdom,168025,Argus Media Inc.,78867,1004,150242
2023,Switzerland,312268,Glencore International AG,106905,1004,150000
2023,United Kingdom,307747,NeedleSmart Ltd.,175771,1004,150000
2023,United Kingdom,277541,Global Infrastructure Investor Association,160606,1004,150000
2023,Japan,245090,Mizuho Bank Ltd.,147797,1004,150000
2023,Canada,301147,Carbon Engineering Ltd.,156366,1027,144000
2023,Canada,205402,Capital Power Corp.,113543,1004,140000
2023,Australia,228530,IFM Investors Pty. Ltd.,139477,1004,140000
2023,Australia,299655,4D Medical,171748,1004,140000
2023,Croatia,317132,Fortenova Group dd,180122,1004,140000
2023,Japan,154656,Japan Automobile Manufacturers Association Inc.,68737,1001,135000
2023,Sweden,324681,Qbtech AB,183511,1004,135000
2023,Singapore,317536,AT Capital Pte. Ltd.,180305,1004,130000
2023,Norway,219830,Kongsberg Maritime Inc.,108272,1004,130000
2023,Ireland,278634,Irish Distillers,160815,1004,130000
2023,Israel,305726,NSO Group Technologies Ltd.,175354,1004,130000
2023,Australia,326606,Allkem Ltd.,184127,1004,130000
2023,Australia,302673,Seeing Machines,173742,1004,120000
2023,Canada,81389,Brookfield Renewable Power Inc.,39669,1004,120000
2023,Canada,107891,Bombardier Recreational Products,57755,1004,120000
2023,Canada,198364,Livingston International Income Fund,107150,1025,120000
2023,Canada,218955,Cascade Aerospace Inc.,127711,1004,120000
2023,Canada,144297,Ultra Electronics Forensic Technology Inc.,39048,1014,120000
2023,Canada,160088,Binational Softwood Lumber Council,69983,1008,120000
2023,Canada,263131,Vanroboys Group of Cos.,159131,1004,120000
2023,Canada,249379,Sunrise Foods International Inc.,151400,1004,120000
2023,Israel,152987,InSightec Ltd.,51604,1022,120000
2023,India,319750,Epsilon Carbon Private Ltd.,181088,1004,120000
2023,Guatemala,319029,Chamber of Industry of Guatemala,180679,1004,120000
2023,Czech Republic,302382,Webgroup Czech Republic as,173447,1027,120000
2023,Finland,313887,Aker Arctic Technology Oy,178247,1004,120000
2023,Finland,324976,ICEYE Oy,183567,1004,120000
2023,France,207673,National Council of Resistance of Iran,67129,1011,120000
2023,Canada,321050,Damera Bus Sales Canada,181844,1004,120000
2023,Panama,312365,Corporacion Internacional Cemcal,177429,1004,120000
2023,Netherlands,315155,KNDS,178513,1004,120000
2023,Netherlands,315922,Prosus NV,178877,1004,120000
2023,Switzerland,244958,Perspective Robotics AG,147601,1015,110000
2023,United Kingdom,247936,Teekay Shipping (UK) Ltd.,149588,1004,110000
2023,Canada,320622,Total Containment Inc.,181714,1004,110000
2023,Chile,233964,Antofagasta Minerals SA,143559,1004,110000
2023,Canada,62616,Greater Toronto (Canada) Airports Authority,41355,1009,110000
2023,Canada,191780,Ucore Rare Metals Inc.,101358,1004,110000
2023,Australia,262119,Partners in Performance Pty. Ltd.,158346,1004,110000
2023,Canada,46437,New Flyer of America Inc.,54378,1004,100000
2023,Canada,199259,Canadian Solar Inc.,107538,1004,100000
2023,Canada,262722,Northstar Earth & Space Systems Inc.,158827,1004,100000
2023,Canada,296103,Rugged Displays USA Inc.,167724,1004,100000
2023,China,302443,Beijing Xiaomi Mobile Software Co. Ltd.,173496,1004,100000
2023,Canada,322587,SWTCH Energy Inc.,182241,1004,100000
2023,Canada,326337,International Test Pilots School,183898,1007,100000
2023,Cyprus,282249,Association of Cyprus Banks,149265,1004,100000
2023,Hong Kong,327213,Lenovo Group Ltd.,63911,1004,100000
2023,Ireland,303013,TechMet Ltd.,173897,1004,100000
2023,South Korea,302726,LG Energy Solution Ltd.,173773,1027,100000
2023,Luxembourg,296205,Fermaca de México SARL,167873,1004,100000
2023,Luxembourg,320186,Millicom,181302,1004,100000
2023,Russia,64484,GML Ltd.,56815,1022,100000
2023,Channel Islands,322585,Rainbow Rare Earths Ltd.,182237,1004,95000
2023,Germany,203143,Continental AG,39312,1004,90000
2023,Guatemala,67602,Central American Sugar Association,50627,1001,90000
2023,Canada,304948,Northland Power Inc.,174930,1004,90000
2023,Canada,234449,General Fusion Inc.,143925,1004,90000
2023,Senegal,317547,SAGAM International,180315,1004,90000
2023,Canada,178294,Norampac,98236,1004,89456
2023,Canada,137739,Chamber of Marine Commerce,57407,1001,88000
2023,Canada,257736,enCore Energy Corp.,156457,1004,84000
2023,Canada,253602,Canopy Growth Corp.,153966,1004,80000
2023,Canada,264195,NexGen Energy Ltd.,159240,1004,80000
2023,Canada,160248,PSP Investments,70020,1025,80000
2023,Canada,188354,Kruger Inc.,100524,1004,80000
2023,Canada,172383,Armatec Survivability Corp.,85070,1004,80000
2023,Canada,66667,Revision Military Inc.,68754,1004,80000
2023,Australia,320513,Cambridge Boxhill Language Assessment Pty. Ltd. ATF,181639,1004,80000
2023,Australia,204022,Rubicon Water,111930,1004,80000
2023,Hong Kong,176299,D'Luxe Group Ltd.,87316,1017,80000
2023,Italy,91925,Global Crop Diversity Trust,64292,1002,80000
2023,Lebanon,241891,Cedrus Bank SAL,146565,1004,80000
2023,Germany,302544,Lilium Aviation Inc.,173587,1004,80000
2023,Egypt,241640,American University in Cairo,103162,1007,80000
2023,Norway,296029,Kistefos AS,167761,1004,80000
2023,Monaco,221681,MARSS Ltd.,129962,1015,80000
2023,Netherlands,200034,International Association of STM Publishers,109282,1001,80000
2023,Switzerland,315739,Garrett Motion Inc.,178784,1004,80000
2023,United Kingdom,65064,Vodafone Group plc,71909,1004,80000
2023,United Kingdom,292338,Skyscanner Ltd.,165836,1004,80000
2023,United Kingdom,245299,Life Molecular Imaging Ltd.,148070,1004,80000
2023,United Kingdom,319729,Shetland Space Centre Ltd.,181079,1004,80000
2023,United Kingdom,323950,Evolutionary Rail Ltd.,183240,1004,80000
2023,Netherlands,154393,Royal Boskalis Westminster NV,51614,1017,70000
2023,Malaysia,302271,SD Guthrie Berhad,173414,1004,70000
2023,Canada,319293,American Rocky Mountaineer LLC,180783,1004,70000
2023,Canada,326655,NervGen Pharma Corp.,175656,1004,70000
2023,Canada,312982,Kinectrics AES Inc.,177762,1004,70000
2023,Guam,104063,AmChams of Asia Pacific,51991,1006,70000
2023,Canada,208093,Canadian Cattlemen's Association,42255,1001,70000
2023,Canada,264863,KIK Custom Products Inc.,159364,1004,65000
2023,Japan,297014,Toshiba Corp.,68746,1020,62000
2023,Japan,309273,Takeda Pharmaceutical Co. Ltd.,57495,1027,60000
2023,Canada,319861,Zentek Ltd.,181133,1004,60000
2023,China,165437,American Chamber of Commerce in Shanghai (China),71101,1006,60000
2023,Germany,258159,Roche Diagnostics GmbH,44893,1027,60000
2023,Canada,238249,Geotab Inc.,145300,1004,60000
2023,Canada,220215,Niedner Inc.,129143,1004,60000
2023,Australia,314387,Micro-X Inc.,178414,1004,60000
2023,Australia,319576,Ellume Health,180955,1004,60000
2023,Belgium,320907,Imec Inc.,181807,1004,60000
2023,Netherlands,238772,Van Oord NV,145545,1004,60000
2023,Sweden,266105,IKEA of Sweden AB,159493,1004,60000
2023,South Korea,299902,Zinus Inc.,171863,1004,60000
2023,United Kingdom,305970,Cobalt Institute,175515,1004,60000
2023,Canada,311185,HIVE Digital Technologies Ltd.,177212,1004,54000
2023,Italy,319368,Gruppo ICM SpA,180819,1004,50000
2023,"Georgia, Republic of",296499,Anaklia Development Consortium LLC,168031,1004,50000
2023,Israel,316340,Aleph Farms Ltd.,179110,1004,50000
2023,Switzerland,49354,Medicines for Malaria Venture,42311,1002,50000
2023,United Kingdom,218499,Drax Group plc,126265,1004,50000
2023,United Arab Emirates,219985,Emirates Airlines,128708,1004,50000
2023,United Kingdom,299149,HSBC Latin America Holdings (UK) Ltd.,170821,1004,47000
2023,United Kingdom,313210,Oxford Instruments NanoScience,177874,1004,40000
2023,United Arab Emirates,219780,Etihad Airways PJSC,128343,1004,40000
2023,Ukraine,253315,Velta LLC,153905,1004,40000
2023,United Kingdom,222338,International Game Technology plc,59650,1004,40000
2023,United Kingdom,238566,Cruelty Free International,145470,1004,40000
2023,Switzerland,24440,International Olympic Committee,61519,1024,40000
2023,Switzerland,265429,Foundation for Innovative New Diagnostics,159422,1004,40000
2023,Norway,320720,Kongsberg Defence & Aerospace AS,39341,1027,40000
2023,Israel,317087,TurboGen Ltd.,180105,1004,40000
2023,Israel,309141,Institute for NGO Research,176312,1024,40000
2023,Guam,104168,DFS Guam LP,56918,1004,40000
2023,Israel,324963,Electreon Wireless Ltd.,183554,1004,40000
2023,Kuwait,282261,Agility Public Warehousing Company KSCP,157881,1009,40000
2023,France,235677,Constellium Paris,144621,1004,40000
2023,France,300752,Escape International Air TEP,172143,1027,40000
2023,Colombia,307774,Grupo Ecotek,175789,1004,40000
2023,China,149879,American Chamber of Commerce in the People’s Republic of China,50597,1006,40000
2023,Canada,318482,SHARC Energy Systems,180523,1004,40000
2023,Canada,315730,National Hockey League Players Association,178808,1001,40000
2023,Belgium,238773,"Dredging, Environmental and Marine Engineering NV",145548,1004,40000
2023,Belgium,13398,International Association of Professional Numismatists,46036,1001,40000
2023,Canada,136787,World Anti-Doping Agency,66716,1024,40000
2023,Australia,320618,Sports Futures Xchange Pty. Ltd.,181717,1004,40000
2023,Canada,89601,Onex Corp.,48829,1004,30000
2023,Iceland,343159,Kerecis,125221,1012,30000
2023,Israel,319856,Saito Tech Ltd.,177891,1004,30000
2023,Netherlands,196075,ASML Netherlands BV,105108,1025,30000
2023,Switzerland,233220,CSL Vifor,109516,1004,30000
2023,Italy,7951,ENI SpA,49226,1004,25000
2023,Japan,229889,Japanese Conservative Union,140599,1009,20000
2023,France,190760,BPCE SA,100235,1004,20000
2023,Canada,210825,Top Aces Corp.,117884,1004,20000
2023,Canada,207381,Federal Marine Terminals Inc.,115717,1004,20000
2023,Canada,175853,Manitoba Hydro Corp.,87133,1010,20000
2023,Netherlands,324393,Fugro NV,71756,1027,20000
2023,Japan,147740,Institute of Cetacean Research,51720,1022,15992
2023,Belgium,148453,European Banking Federation,45474,1024,13000
2023,United Nations,204172,Navajo County (Ariz.) Public Works,112314,1010,12000
2023,Netherlands,323922,Digital Container Shipping Association,183185,1004,10000
2023,Switzerland,317587,Proton AG,180330,1004,10000
2023,United Kingdom,27461,British Airways plc,33535,1004,10000
2023,Canada,305321,HyLife,175119,1004,10000
2023,Canada,304853,National Coalition Party of Canada,174855,1020,8950
2023,Afghanistan,213558,American University of Afghanistan,120295,1004,5000
2023,Australia,230376,NuCoal Resources Ltd.,140925,1004,0
2023,Australia,252395,Breville Pty. Ltd.,153503,1004,0
2023,Australia,176318,Lynas Rare Earths Ltd.,87322,1004,0
2023,Austria,315945,UNCAC Coalition,178896,1020,0
2023,Australia,285341,ioneer Ltd.,163558,1004,0
2023,Australia,291860,Acusensus Pty. Ltd.,165710,1004,0
2023,Australia,306774,IperionX Ltd.,175664,1004,0
2023,Australia,308843,Ionic Rare Earths Ltd.,176121,1004,0
2023,Australia,309176,Whiskey Project Group Ltd.,176341,1004,0
2023,Australia,309614,Calix Ltd.,176527,1004,0
2023,Belgium,319749,FarmTech Society,181089,1024,0
2023,Bermuda,91983,RenaissanceRe Holdings Ltd.,47103,1022,0
2023,Bermuda,232940,Rendeavour Holding Ltd.,143081,1004,0
2023,Brazil,345577,Brazilian Sugarcane Industry Association,53348,1016,0
2023,Brazil,52114,Embraer SA,39105,1004,0
2023,Brazil,285917,Plinio Corrêa de Oliveira Institute,163835,1004,0
2023,Brazil,288060,Brazilian Avocado Commission,163943,1004,0
2023,Canada,107875,Nordion (Canada) Inc.,48328,1004,0
2023,Canada,55191,Irving Oil Ltd.,53831,1004,0
2023,Canada,9717,Iogen Corp.,37486,1004,0
2023,Canada,304911,AAV Ltd.,174902,1004,0
2023,Canada,306750,Heliene Inc.,175650,1004,0
2023,Canada,308894,Captor Capital Corp.,176185,1004,0
2023,Canada,297753,JFE Shoji Power Canada Inc.,169385,1004,0
2023,Canada,302645,Revive Therapeutics Inc.,173722,1004,0
2023,Canada,295558,Almonty Industries Inc.,167611,1004,0
2023,Canada,210470,Medicago Inc.,79263,1027,0
2023,Canada,250168,Electra Battery Materials Corp.,152007,1004,0
2023,Canada,271895,Torngat Metals Ltd.,159956,1004,0
2023,Canada,289664,RS Technologies Inc.,164685,1004,0
2023,Canada,190673,A.C.E. Consulting,100472,1017,0
2023,Canada,178633,Cooke Aquaculture Inc.,98417,1004,0
2023,Canada,207139,"Province of Alberta, Canada",65418,1009,0
2023,Canada,197710,Canadian Snowbird Association,106366,1004,0
2023,Canada,220216,Sanexen Environmental Services Inc.,129133,1004,0
2023,Canada,224408,Quebec Border Mills Committee,135302,1010,0
2023,Canada,224913,Canpro Investments Ltd.,135621,1004,0
2023,Canada,231197,Matériaux Blanchet Inc.,141840,1004,0
2023,Canada,248611,Alberta Investment Management Corp.,150587,1004,0
2023,Canada,248831,International Maple Syrup Institute,150896,1001,0
2023,Liberia,168915,MEAB Bank SAL,79185,1022,0
2023,Lebanon,223769,M1 Group,135198,1025,0
2023,Lebanon,224652,Al-Mawarid Bank SAL,135519,1004,0
2023,Lebanon,229133,Fenicia Bank SAL,139992,1004,0
2023,Israel,329873,Government of Israel,38682,1009,0
2023,Ivory Coast,283291,Democratic Party of Cote d'Ivoire,162223,1004,0
2023,Ivory Coast,312545,African Development Bank,51559,1004,0
2023,Japan,6986,Japan Automobile Standards Internationalization Center,45868,1009,0
2023,Japan,10223,Japan Bank for International Cooperation,48048,1004,0
2023,Japan,225545,Suntory Business Expert Ltd.,136184,1004,0
2023,Japan,226452,Sumitomo Rubber Industries Ltd.,136919,1004,0
2023,Israel,154546,Rafael Advanced Defense Systems Ltd.,62196,1004,0
2023,Israel,270501,Elbit Systems - Cyclone Ltd.,159824,1004,0
2023,Israel,302354,Center for Near East Policy Research Ltd.,173434,1004,0
2023,India,233118,Glenmark Pharmaceuticals Ltd.,143234,1017,0
2023,India,267434,Indian Pharmaceutical Alliance,159594,1004,0
2023,Haiti,320204,Association of Industries of Haiti,41144,1001,0
2023,Honduras,135664,Central American Bank for Economic Integration,66993,1004,0
2023,Hong Kong,111466,Hutchison Whampoa Ltd.,41133,1022,0
2023,Hong Kong,163610,China-United States Exchange Foundation,70876,1002,0
2023,Estonia,301951,Tera Ventures OU,173170,1004,0
2023,France,26837,TotalEnergies SE,53276,1004,0
2023,France,102792,AXA SA,53943,1004,0
2023,Ecuador,333145,Government of Ecuador,43370,1011,0
2023,Czech Republic,319711,Draslovka Holding AS,181058,1004,0
2023,Denmark,255838,Copenhagen Infrastructure Partners KS,156038,1004,0
2023,Cyprus,223676,Nest Investments (Holdings) Ltd.,135067,1004,0
2023,France,302101,Pandemic Mitigation Project,173362,1024,0
2023,"Georgia, Republic of",270339,Rustavi Steel LLC,159805,1004,0
2023,France,283997,Droit de Naître,162830,1024,0
2023,France,292291,Worldwide Flight Services,76209,1027,0
2023,France,225129,Edenred SE,135668,1004,0
2023,Germany,262076,thyssenkrupp Access Solutions GmbH,158304,1004,0
2023,Germany,312518,Tonnies Lebensmittel GmbH & Co. KG,177516,1004,0
2023,Germany,324244,American Chamber of Commerce in Germany eV,183421,1006,0
2023,Germany,226837,Bitmanagement Software GmbH,137575,1004,0
2023,Germany,172801,Xeless GmbH,86255,1017,0
2023,Canada,316328,Rebel News Network Ltd.,179102,1004,0
2023,Canada,316864,Phenom Resources Corp.,180029,1004,0
2023,Canada,313425,Prince Edward Island Potato Board,178018,1004,0
2023,China,240722,Oriental Fortune Investment Ltd.,145957,1004,0
2023,China,258945,Huawei Technologies Co. Ltd.,46599,1004,0
2023,China,294990,Yum China Holdings Inc.,167045,1004,0
2023,China,298860,Inspur Group Co. Ltd.,170391,1004,0
2023,China,309797,American Chamber of Commerce in South China,176696,1024,0
2023,China,319378,Yealink (Xiamen) Network Technology Co. Ltd.,180824,1004,0
2023,Colombia,206799,Federation of Rice Producers of Colombia,115144,1024,0
2023,United Kingdom,60581,International Banking Federation Ltd.,61673,1024,0
2023,United Kingdom,80628,Argon Electronics,48408,1004,0
2023,United Kingdom,80629,Aircontrol Technologies,56233,1004,0
2023,United Kingdom,80639,SELEX ELSAG SpA,58013,1017,0
2023,United Kingdom,80640,VT Group plc,39759,1017,0
2023,Ukraine,323376,Government of Ukraine,51653,1009,0
2023,United Arab Emirates,197898,Emirates Nuclear Energy Corp.,106614,1004,0
2023,United Kingdom,15902,Aon Risk Services Inc.,74124,1004,0
2023,United Kingdom,194514,Global Witness Ltd.,37234,1027,0
2023,United Kingdom,214069,AstraZeneca UK Ltd.,120967,1004,0
2023,United Kingdom,66934,Oil Companies International Marine Forum,55842,1024,0
2023,United Kingdom,92118,Gabriel Resources Ltd.,43705,1017,0
2023,United Kingdom,137242,Aston Martin Lagonda Ltd.,66825,1004,0
2023,United Kingdom,162076,Anglo American plc,68877,1027,0
2023,Switzerland,302905,Livinguard Technologies AG,173843,1004,0
2023,Switzerland,154643,MSC Mediterranean Shipping Co. SA,70240,1004,0
2023,South Korea,110705,Samsung C&T Corp.,43762,1004,0
2023,South Korea,135191,Korea Trade-Investment Promotion Agency,38954,1024,0
2023,South Korea,238934,Hyosung Corp.,145589,1004,0
2023,Spain,234986,Tabacalera SLU,144324,1004,0
2023,South Korea,345158,SK Innovation Co. Ltd.,170380,1027,0
2023,New Zealand,210950,Fonterra Cooperative Group Ltd.,118033,1004,0
2023,Netherlands,317314,Anthura BV,180226,1004,0
2023,Netherlands,320563,BrainCreators,181680,1004,0
2023,Netherlands,310462,GoodFuels,177043,1004,0
2023,Netherlands,154720,"Anthos, the Royal Trade Association for Nursery Stock and Flower Bulbs",49154,1001,0
2023,Netherlands,80632,KLM Royal Dutch Airlines,38712,1017,0
2023,Netherlands,101611,Association of Dutch Insurers,44904,1001,0
2023,Malaysia,303870,Roundtable on Sustainable Palm Oil,174196,1004,0
2023,Malaysia,316868,Smart Glove Corp. Sdn. Bhd.,180036,1004,0
2023,Marshall Islands,220468,Enewetak/Ujelang (Marshall Islands) Local Government,129439,1010,0
2023,Mauritius,14393,Mauritius Chamber of Agriculture and Mauritius Sugar Syndicate,46486,1022,0
2023,Mexico,4624,Avocado Producers of Mexico,39005,1006,0
2023,Mexico,136355,National Chamber of the Fishing and Aquaculture Industry (Mexico),49765,1022,0
2023,Mexico,215003,Independent University of Guadalajara (Mexico),121414,1007,0
2023,Morocco,299243,OCP SA,38639,1022,0
2023,Luxembourg,218394,Oxford BioChronometrics,125891,1004,0
2023,Norway,165468,Equinor ASA,46604,1004,0
2023,Norway,241758,Nordby Associates AS,146466,1004,0
2023,Panama,89491,CBI Sugar Group,62550,1022,0
2023,Paraguay,322277,Samera SA,182082,1004,0
2023,Philippines,271562,Rappler Inc.,159913,1004,0
2023,Qatar,252362,BeIN Media Group LLC,153378,1004,0
2023,Serbia,326397,Mr. Tzvetan Vassileva and Mrs. Antoaneta Vassileva,184007,1017,0
2023,Saudi Arabia,55610,Middle East Council of American Chambers of Commerce,56521,1006,0
2023,Saudi Arabia,345531,Government of Saudi Arabia,32093,1009,0
2023,Russia,201924,Ivanyan & Partners,110293,1025,0
2023,Singapore,69465,Government of Singapore,39796,1009,0
2023,Somalia,137244,Government of Somalia,38957,1008,0
2023,South Africa,217185,South African Avocado Growers Association,124289,1004,0
2023,South Africa,322910,Tessara (Pty) Ltd.,182437,1004,0
2023,Venezuela,343388,Petroleos de Venezuela SA,68287,1022,0
2023,Yugoslavia,310227,Trade Union of Employees of the Steel Factory – IMK Ferizaj,176896,1004,0
2023,United Kingdom,320586,Serac Healthcare Ltd.,181694,1004,0
2023,United Kingdom,304192,Hi55 Ventures Ltd.,174376,1004,0
2023,United Kingdom,252150,Rio Tinto plc,34354,1017,0
2023,United Kingdom,283160,ICU Advisory Ltd.,161765,1004,0
2023,United Kingdom,284414,Kelkoo.com (UK) Ltd.,163066,1004,0
2023,United Kingdom,288855,Gylden Pharma Ltd.,164390,1004,0
2024,United Kingdom,20225,GSK plc,34599,1004,5790000
2024,Cayman Islands,198250,Alibaba Group Holding Ltd.,106981,1004,3900000
2024,Ireland,40757,Accenture plc,33683,1004,2890000
2024,Canada,105375,TransCanada PipeLines Ltd.,37220,1004,2250000
2024,Switzerland,45939,TE Connectivity Ltd.,59043,1004,2220000
2024,Australia,308528,Fortescue Future Industries Pty Ltd.,175933,1004,2110000
2024,South Korea,11132,Hyundai Motor America,35417,1004,1670000
2024,Sweden,190663,Volvo Car Corp.,100399,1004,1660000
2024,China,301759,Ant Group Co. Ltd.,173046,1004,1390000
2024,United Kingdom,231378,CSL Seqirus,141965,1004,1370000
2024,Canada,308451,Canadian National Railway Co.,55243,1004,1360000
2024,Canada,291716,Shopify Inc.,165470,1004,1350000
2024,South Korea,301727,Kia Corp.,57419,1004,1330000
2024,Netherlands,319448,Yandex NV,180901,1004,1300000
2024,Spain,90209,Repsol SA,39942,1027,1200000
2024,China,292660,Tencent Holdings Ltd.,166101,1004,1120000
2024,Canada,252315,Cameco Corp.,67993,1004,1020000
2024,United Kingdom,216441,NovoCure Ltd.,123727,1004,970000
2024,Bermuda,314782,Athene Holding Ltd.,136722,1027,950000
2024,Australia,294193,First Quantum Minerals Ltd.,166850,1004,920000
2024,United Kingdom,70436,London Stock Exchange Group plc,56834,1017,880000
2024,Switzerland,28071,Novartis AG,32084,1004,880000
2024,Canada,54860,TC Energy Corp.,58227,1004,830000
2024,Canada,78286,Apotex Inc.,41468,1004,830000
2024,United Kingdom,91989,Alternative Investment Management Association Ltd.,60834,1001,810000
2024,Singapore,37324,APL Ltd.,39843,1004,700000
2024,China,255802,Zhongxing Telecommunications Equipment Corp.,54011,1004,700000
2024,Mexico,259352,Consejo Coordinador Empresarial,144073,1009,680000
2024,Panama,305794,HC Holdings SA,175454,1004,680000
2024,Switzerland,323914,Web 3.0 Technologies Foundation,183188,1004,670000
2024,Australia,326112,Woodside Energy Group Ltd.,183735,1004,670000
2024,Canada,50759,BlackBerry Ltd.,39684,1004,590000
2024,Mexico,294153,Associations of Mexican Tomato Growers,166875,1004,560000
2024,Germany,190800,Fresenius Medical Care AG and Co. KGaA,43697,1004,520000
2024,Iceland,343159,Kerecis,125221,1012,520000
2024,United Kingdom,314088,DTEK International Ltd.,178325,1004,520000
2024,Switzerland,284354,Bitcoin Association,163011,1004,510000
2024,Hong Kong,249832,World Dog Alliance Ltd.,151787,1024,500000
2024,South Korea,135298,Korea International Trade Association,38704,1001,487855
2024,United Kingdom,313748,Fenix International Ltd.,178184,1004,480000
2024,Netherlands,43365,Friends of the Earth,56293,1020,470000
2024,Switzerland,79352,F. Hoffmann-La Roche Ltd.,44018,1004,460000
2024,Canada,174943,Cenovus Energy Inc.,86968,1004,460000
2024,Switzerland,12803,Swiss Reinsurance Co. Ltd.,36971,1004,440000
2024,United Kingdom,112293,Lloyd's of London,51179,1017,440000
2024,Singapore,299861,Maxeon Solar Technologies Ltd.,171831,1004,430000
2024,Ireland,327239,Mare Finance Investment Holdings,184875,1004,410000
2024,Australia,79502,BHP,49347,1004,410000
2024,Canada,151144,"Province of Saskatchewan, Canada",39875,1004,400000
2024,Hong Kong,327213,Lenovo Group Ltd.,63911,1004,400000
2024,Hong Kong,92474,Esquel Enterprises Ltd.,64299,1004,390000
2024,Chile,305269,Highly Innovative Fuels,175078,1004,390000
2024,Australia,157994,Brambles Ltd.,72104,1025,390000
2024,United Kingdom,148141,GKN plc,50794,1004,380000
2024,United Kingdom,309671,Africell UK Ltd.,176575,1004,360000
2024,Panama,252195,Promerica Financial Corp.,152891,1004,360000
2024,India,266833,National Association of Software and Services Companies,36006,1024,360000
2024,Japan,153490,Hitachi Ltd.,65993,1004,358000
2024,Liberia,218628,Commission Import Export SA,126760,1008,350000
2024,Canada,18900,Electricity Canada,52083,1001,350000
2024,Norway,241172,Coalition for Epidemic Preparedness Innovations,146141,1020,330000
2024,United Kingdom,161149,International Marine Contractors Association,70300,1001,320000
2024,United Kingdom,21068,InterContinental Hotels Group plc,42180,1004,320000
2024,Netherlands,92835,Royal DSM NV,56394,1004,320000
2024,Ireland,292478,Mare Finance Investment Holdings Designated Activity Co.,165855,1027,320000
2024,India,58329,Tata Consultancy Services Ltd.,36985,1017,320000
2024,Canada,259316,Crystallex International,157714,1004,320000
2024,Canada,249379,Sunrise Foods International Inc.,151400,1004,320000
2024,Canada,311621,The Metals Co.,177269,1004,312000
2024,Norway,224504,DNV GL Group AS,135403,1004,310000
2024,Norway,319773,Axnes Aviation AS,39541,1004,310000
2024,South Korea,301920,Hyundai Motor Co. Ltd.,173137,1004,300000
2024,Canada,153058,Teck Resources Ltd.,71203,1004,295000
2024,Switzerland,48784,"Gavi, the Vaccine Alliance",41878,1002,290000
2024,Netherlands,325648,Orascom Construction International NV,183624,1004,290000
2024,United Kingdom,301954,Perspectum Ltd.,173167,1004,290000
2024,Canada,313681,Dapper Labs Inc.,177807,1004,290000
2024,Canada,317593,Liberty Utilities (Canada) Corp.,178584,1004,280000
2024,Japan,245090,Mizuho Bank Ltd.,147797,1004,280000
2024,United Kingdom,136626,Martin-Baker Aircraft Co. Ltd.,51104,1004,280000
2024,Nigeria,252696,Aiteo Group,153598,1004,280000
2024,Belgium,199627,SWIFT SCRL,108445,1004,280000
2024,Bermuda,244929,Liberty Latin America Ltd.,147607,1017,280000
2024,Bermuda,110547,Assured Guaranty Ltd.,61236,1004,270000
2024,Haiti,320204,Association of Industries of Haiti,41144,1001,270000
2024,Germany,326420,Gujarat Fluorochemicals GmbH,184056,1004,270000
2024,United Kingdom,222826,Aptiv plc,134357,1004,250000
2024,India,345185,Reliance Industries Ltd.,39549,1004,245000
2024,Canada,294856,Refraction Asset Management Ltd.,166945,1004,240400
2024,Canada,277593,Absolute Software Corp.,160633,1017,240000
2024,Canada,137798,Dairy Farmers of Canada,38877,1001,240000
2024,Australia,292223,GreyScan Australia Pty. Ltd.,165922,1004,240000
2024,Iraq,342328,"Government of Kurdistan, Iraq",41486,1009,240000
2024,Japan,136714,Toyota Motor Corp.,32537,1004,240000
2024,Netherlands,108189,Wolters Kluwer NV,41211,1004,240000
2024,Japan,315763,Hard Rock Japan KK,178819,1004,240000
2024,Switzerland,343341,Climeworks Corp.,182927,1004,240000
2024,United Kingdom,248678,Financial Data and Technology Association North America,150688,1001,240000
2024,Netherlands,318467,VEON Ltd.,180517,1004,240000
2024,South Korea,302726,LG Energy Solution Ltd.,173773,1027,240000
2024,South Korea,228032,Hyundai Steel Co. Ltd.,138657,1004,240000
2024,South Korea,157125,Samsung Electronics Co. Ltd.,54009,1004,230000
2024,Lebanon,13804,American University of Beirut,61282,1007,223000
2024,Chile,233964,Antofagasta Minerals SA,143559,1004,220000
2024,Honduras,135664,Central American Bank for Economic Integration,66993,1004,210000
2024,Ireland,196504,Trane Technologies plc,105856,1004,210000
2024,Israel,323666,N-Drip Ltd.,182905,1004,210000
2024,Canada,292331,Grodan Inc.,165921,1004,210000
2024,Canada,310707,PointClickCare Technologies Inc.,177112,1017,200000
2024,Canada,64320,Ovintiv Inc.,35590,1004,200000
2024,Canada,16820,Gildan Activewear Inc.,64325,1022,200000
2024,Canada,191455,Ontario Teachers' Pension Plan,101473,1020,200000
2024,Bermuda,232940,Rendeavour Holding Ltd.,143081,1004,200000
2024,Israel,319960,Rafa Laboratories Ltd.,181160,1004,200000
2024,Kuwait,254494,KGL Logistics,134256,1025,200000
2024,India,309421,Lupin Inc.,176416,1004,200000
2024,Germany,230803,Papierfabrik August Koehler SE,141343,1004,200000
2024,Germany,76888,Deutsche Lufthansa AG,51017,1017,200000
2024,Canada,318445,GHGSat Inc.,180530,1004,200000
2024,England,210335,Mallinckrodt plc,117476,1012,200000
2024,France,152893,Comité Interprofessionnel du Vin de Champagne,44894,1027,200000
2024,Singapore,321828,Corinthia Holdings Pte. Ltd.,182010,1004,200000
2024,Switzerland,49354,Medicines for Malaria Venture,42311,1002,200000
2024,Japan,312039,Japan Securities Clearing Corp.,177303,1004,200000
2024,United Kingdom,305717,Circulor Ltd.,175351,1004,200000
2024,United Kingdom,323962,LMAX Group,183235,1004,190000
2024,United Kingdom,208009,Anglo American Services (UK) Ltd.,43907,1027,180000
2024,Bermuda,48728,Arch Capital Group Ltd.,49309,1004,180000
2024,Canada,199259,Canadian Solar Inc.,107538,1004,170000
2024,France,190762,Natixis Global Asset Management SA,100369,1004,170000
2024,United Kingdom,299149,HSBC Latin America Holdings (UK) Ltd.,170821,1004,167000
2024,United Kingdom,277541,Global Infrastructure Investor Association,160606,1004,160000
2024,United Kingdom,320362,Wise plc,181452,1004,160000
2024,United Kingdom,206116,Smiths Group plc,36822,1004,160000
2024,United Arab Emirates,219985,Emirates Airlines,128708,1004,160000
2024,Norway,318510,Green Ammo AS,180561,1004,160000
2024,Panama,312365,Corporacion Internacional Cemcal,177429,1004,160000
2024,Russia,264999,En+ Group International Public Joint-Stock Co.,159380,1004,160000
2024,Denmark,343429,Bavarian Nordic AS,68750,1004,160000
2024,Ireland,242371,Avadel Pharmaceuticals PLC,146834,1012,160000
2024,Guatemala,67602,Central American Sugar Association,50627,1001,160000
2024,Canada,171337,DBRS Inc.,84794,1017,160000
2024,Canada,207249,Canadian International Pharmacy Association,48160,1017,160000
2024,Australia,299655,4D Medical,171748,1004,160000
2024,United Kingdom,307747,NeedleSmart Ltd.,175771,1004,157500
2024,United Kingdom,162076,Anglo American plc,68877,1027,150000
2024,United Kingdom,168025,Argus Media Inc.,78867,1004,150000
2024,Canada,144297,Ultra Electronics Forensic Technology Inc.,39048,1014,150000
2024,Canada,301147,Carbon Engineering Ltd.,156366,1027,144000
2024,France,207673,National Council of Resistance of Iran,67129,1011,141450
2024,United Kingdom,218499,Drax Group plc,126265,1004,140000
2024,Canada,205402,Capital Power Corp.,113543,1004,140000
2024,Canada,191780,Ucore Rare Metals Inc.,101358,1004,140000
2024,Canada,198364,Livingston International Income Fund,107150,1025,120000
2024,Canada,160088,Binational Softwood Lumber Council,69983,1008,120000
2024,Canada,107891,Bombardier Recreational Products,57755,1004,120000
2024,Canada,218955,Cascade Aerospace Inc.,127711,1004,120000
2024,Canada,263131,Vanroboys Group of Cos.,159131,1004,120000
2024,Australia,302673,Seeing Machines,173742,1004,120000
2024,Australia,262119,Partners in Performance Pty. Ltd.,158346,1004,120000
2024,United Kingdom,305970,Cobalt Institute,175515,1004,120000
2024,Netherlands,315155,KNDS,178513,1004,120000
2024,Canada,321050,Damera Bus Sales Canada,181844,1004,120000
2024,Guatemala,319029,Chamber of Industry of Guatemala,180679,1004,120000
2024,Ireland,278634,Irish Distillers,160815,1004,120000
2024,Israel,152987,InSightec Ltd.,51604,1022,120000
2024,Norway,219830,Kongsberg Maritime Inc.,108272,1004,116500
2024,Canada,178294,Norampac,98236,1004,113128
2024,Canada,46437,New Flyer of America Inc.,54378,1004,100000
2024,Sweden,324681,Qbtech AB,183511,1004,100000
2024,China,205796,BGI Group,114165,1027,100000
2024,Canada,137739,Chamber of Marine Commerce,57407,1001,98000
2024,Dominican Republic,144259,Consorcio Azucarero de Empresas Industriales,39044,1004,90000
2024,Switzerland,5128,Swiss Bankers Association,63142,1001,90000
2024,India,319750,Epsilon Carbon Private Ltd.,181088,1004,85000
2024,Canada,257736,enCore Energy Corp.,156457,1004,84000
2024,Canada,264195,NexGen Energy Ltd.,159240,1004,80000
2024,Canada,264863,KIK Custom Products Inc.,159364,1004,80000
2024,Canada,220215,Niedner Inc.,129143,1004,80000
2024,Canada,208093,Canadian Cattlemen's Association,42255,1001,80000
2024,Canada,207139,"Province of Alberta, Canada",65418,1009,80000
2024,Canada,188354,Kruger Inc.,100524,1004,80000
2024,Canada,172383,Armatec Survivability Corp.,85070,1004,80000
2024,Canada,66667,Revision Military Inc.,68754,1004,80000
2024,Australia,204022,Rubicon Water,111930,1004,80000
2024,"Georgia, Republic of",296499,Anaklia Development Consortium LLC,168031,1004,80000
2024,Egypt,241640,American University in Cairo,103162,1007,80000
2024,Canada,312982,Kinectrics AES Inc.,177762,1004,80000
2024,Israel,305726,NSO Group Technologies Ltd.,175354,1004,80000
2024,Hong Kong,176299,D'Luxe Group Ltd.,87316,1017,80000
2024,Italy,91925,Global Crop Diversity Trust,64292,1002,80000
2024,Italy,137825,Mirabella SG SpA,38881,1004,80000
2024,Kuwait,282261,Agility Public Warehousing Company KSCP,157881,1009,80000
2024,Netherlands,154393,Royal Boskalis Westminster NV,51614,1017,80000
2024,Netherlands,200034,International Association of STM Publishers,109282,1001,80000
2024,Mexico,299699,Banco Azteca SA,171784,1004,80000
2024,Lebanon,241891,Cedrus Bank SAL,146565,1004,80000
2024,Switzerland,315739,Garrett Motion Inc.,178784,1004,80000
2024,Norway,296029,Kistefos AS,167761,1004,80000
2024,United Kingdom,292338,Skyscanner Ltd.,165836,1004,80000
2024,United Kingdom,320620,International Group of Protection and Indemnity Clubs,40588,1027,80000
2024,United Kingdom,245299,Life Molecular Imaging Ltd.,148070,1004,80000
2024,Switzerland,244958,Perspective Robotics AG,147601,1015,80000
2024,Canada,284131,Inventys Thermal Technologies Inc.,162977,1004,75000
2024,Switzerland,265429,Foundation for Innovative New Diagnostics,159422,1004,70000
2024,Mexico,158255,Deacero SAPI de CV,52203,1004,70000
2024,China,165437,American Chamber of Commerce in Shanghai (China),71101,1006,70000
2024,Croatia,317132,Fortenova Group dd,180122,1004,70000
2024,Germany,302544,Lilium Aviation Inc.,173587,1004,70000
2024,France,255643,Unibail-Rodamco-Westfield SE,155495,1025,70000
2024,Cyprus,282249,Association of Cyprus Banks,149265,1004,60000
2024,Czech Republic,302382,Webgroup Czech Republic as,173447,1027,60000
2024,Channel Islands,322585,Rainbow Rare Earths Ltd.,182237,1004,60000
2024,Canada,326337,International Test Pilots School,183898,1007,60000
2024,Russia,64484,GML Ltd.,56815,1022,60000
2024,South Korea,79493,American Chamber of Commerce in Korea,61409,1006,60000
2024,Canada,81389,Brookfield Renewable Power Inc.,39669,1004,60000
2024,Belgium,320907,Imec Inc.,181807,1004,60000
2024,Japan,297014,Toshiba Corp.,68746,1020,56000
2024,Haiti,221129,GB Group SA,129806,1004,55980
2024,Guam,104063,AmChams of Asia Pacific,51991,1006,50000
2024,China,149879,American Chamber of Commerce in the People’s Republic of China,50597,1006,50000
2024,Japan,227101,American Chamber of Commerce in Japan,137957,1006,50000
2024,Brazil,224836,Suzano Pulp and Paper,135590,1004,50000
2024,Canada,238249,Geotab Inc.,145300,1004,45000
2024,Canada,210825,Top Aces Corp.,117884,1004,40000
2024,Canada,89601,Onex Corp.,48829,1004,40000
2024,Canada,136787,World Anti-Doping Agency,66716,1024,40000
2024,Australia,314387,Micro-X Inc.,178414,1004,40000
2024,Australia,320618,Sports Futures Xchange Pty. Ltd.,181717,1004,40000
2024,Belgium,13398,International Association of Professional Numismatists,46036,1001,40000
2024,Japan,154656,Japan Automobile Manufacturers Association Inc.,68737,1001,40000
2024,Israel,309141,Institute for NGO Research,176312,1024,40000
2024,Ireland,303013,TechMet Ltd.,173897,1004,40000
2024,Monaco,221681,MARSS Ltd.,129962,1015,40000
2024,Canada,315730,National Hockey League Players Association,178808,1001,40000
2024,Germany,258159,Roche Diagnostics GmbH,44893,1027,40000
2024,France,235677,Constellium Paris,144621,1004,40000
2024,France,300752,Escape International Air TEP,172143,1027,40000
2024,South Korea,317188,Korean Air Co. Ltd.,180168,1027,40000
2024,South Korea,299902,Zinus Inc.,171863,1004,40000
2024,Netherlands,238772,Van Oord NV,145545,1004,40000
2024,United Kingdom,15902,Aon Risk Services Inc.,74124,1004,40000
2024,United Kingdom,238566,Cruelty Free International,145470,1004,40000
2024,United Kingdom,319729,Shetland Space Centre Ltd.,181079,1004,30000
2024,Switzerland,24440,International Olympic Committee,61519,1024,30000
2024,Germany,296052,Association of the German Confectionery Industry,167801,1004,30000
2024,Guam,104168,DFS Guam LP,56918,1004,30000
2024,Finland,313887,Aker Arctic Technology Oy,178247,1004,30000
2024,Japan,342602,Nippon Telegraph and Telephone Corp.,68742,1004,30000
2024,Italy,7951,ENI SpA,49226,1004,30000
2024,Italy,319368,Gruppo ICM SpA,180819,1004,30000
2024,Bangladesh,334141,Federation of Bangladesh Chambers of Commerce and Industry,34593,1010,30000
2024,Canada,175853,Manitoba Hydro Corp.,87133,1010,30000
2024,Canada,203128,Business Council of Canada,111008,1004,30000
2024,Canada,207586,Barrday Corp.,115874,1004,20000
2024,France,190760,BPCE SA,100235,1004,20000
2024,Norway,320720,Kongsberg Defence & Aerospace AS,39341,1027,20000
2024,United Kingdom,222338,International Game Technology plc,59650,1004,20000
2024,Japan,147740,Institute of Cetacean Research,51720,1022,13000
2024,Ireland,307320,AerCap Holdings NV,175726,1004,10000
2024,United Kingdom,27461,British Airways plc,33535,1004,10000
2024,United Kingdom,313210,Oxford Instruments NanoScience,177874,1004,10000
2024,Netherlands,315922,Prosus NV,178877,1004,10000
2024,Switzerland,317587,Proton AG,180330,1004,10000
2024,Canada,197710,Canadian Snowbird Association,106366,1004,10000
2024,Australia,310017,Arizona Lithium Ltd.,176823,1004,10000
2024,Belgium,148453,European Banking Federation,45474,1024,8000
2024,Japan,229889,Japanese Conservative Union,140599,1009,5000
2024,Japan,226452,Sumitomo Rubber Industries Ltd.,136919,1004,0
2024,Ivory Coast,283291,Democratic Party of Cote d'Ivoire,162223,1004,0
2024,Japan,6986,Japan Automobile Standards Internationalization Center,45868,1009,0
2024,Japan,10223,Japan Bank for International Cooperation,48048,1004,0
2024,Italy,313427,PFH SpA,178017,1004,0
2024,Israel,154546,Rafael Advanced Defense Systems Ltd.,62196,1004,0
2024,Israel,270501,Elbit Systems - Cyclone Ltd.,159824,1004,0
2024,Israel,302354,Center for Near East Policy Research Ltd.,173434,1004,0
2024,Israel,317087,TurboGen Ltd.,180105,1004,0
2024,Israel,319856,Saito Tech Ltd.,177891,1004,0
2024,Israel,320102,RAFT Technologies Ltd.,179239,1004,0
2024,Israel,329873,Government of Israel,38682,1009,0
2024,Lebanon,223769,M1 Group,135198,1025,0
2024,Lebanon,224652,Al-Mawarid Bank SAL,135519,1004,0
2024,Lebanon,229133,Fenicia Bank SAL,139992,1004,0
2024,Luxembourg,218394,Oxford BioChronometrics,125891,1004,0
2024,Luxembourg,222945,LetterOne Holdings SA,134404,1004,0
2024,Malaysia,303870,Roundtable on Sustainable Palm Oil,174196,1004,0
2024,Marshall Islands,220468,Enewetak/Ujelang (Marshall Islands) Local Government,129439,1010,0
2024,Mauritius,14393,Mauritius Chamber of Agriculture and Mauritius Sugar Syndicate,46486,1022,0
2024,Mexico,4624,Avocado Producers of Mexico,39005,1006,0
2024,Mexico,136355,National Chamber of the Fishing and Aquaculture Industry (Mexico),49765,1022,0
2024,Morocco,299243,OCP SA,38639,1022,0
2024,Mexico,215003,Independent University of Guadalajara (Mexico),121414,1007,0
2024,Liberia,168915,MEAB Bank SAL,79185,1022,0
2024,Netherlands,229865,KazMunayGas International NV,140579,1004,0
2024,Netherlands,80632,KLM Royal Dutch Airlines,38712,1017,0
2024,Netherlands,90815,Shell International BV,44096,1004,0
2024,Netherlands,196075,ASML Netherlands BV,105108,1025,0
2024,France,225129,Edenred SE,135668,1004,0
2024,Finland,324976,ICEYE Oy,183567,1004,0
2024,Czech Republic,319711,Draslovka Holding AS,181058,1004,0
2024,China,294990,Yum China Holdings Inc.,167045,1004,0
2024,China,298860,Inspur Group Co. Ltd.,170391,1004,0
2024,China,302443,Beijing Xiaomi Mobile Software Co. Ltd.,173496,1004,0
2024,China,309797,American Chamber of Commerce in South China,176696,1024,0
2024,Canada,320622,Total Containment Inc.,181714,1004,0
2024,China,240722,Oriental Fortune Investment Ltd.,145957,1004,0
2024,Germany,203143,Continental AG,39312,1004,0
2024,Germany,226837,Bitmanagement Software GmbH,137575,1004,0
2024,France,302101,Pandemic Mitigation Project,173362,1024,0
2024,Germany,172801,Xeless GmbH,86255,1017,0
2024,France,283997,Droit de Naître,162830,1024,0
2024,France,292291,Worldwide Flight Services,76209,1027,0
2024,Hong Kong,111466,Hutchison Whampoa Ltd.,41133,1022,0
2024,Hong Kong,163610,China-United States Exchange Foundation,70876,1002,0
2024,India,233118,Glenmark Pharmaceuticals Ltd.,143234,1017,0
2024,Switzerland,319777,Greater Caspian Association,181111,1024,0
2024,Switzerland,154643,MSC Mediterranean Shipping Co. SA,70240,1004,0
2024,Switzerland,233220,CSL Vifor,109516,1004,0
2024,Sweden,266105,IKEA of Sweden AB,159493,1004,0
2024,South Korea,339904,LG Chem Ltd.,158070,1004,0
2024,South Korea,345158,SK Innovation Co. Ltd.,170380,1027,0
2024,South Korea,238934,Hyosung Corp.,145589,1004,0
2024,Spain,234986,Tabacalera SLU,144324,1004,0
2024,South Korea,110705,Samsung C&T Corp.,43762,1004,0
2024,Somalia,137244,Government of Somalia,38957,1008,0
2024,South Africa,217185,South African Avocado Growers Association,124289,1004,0
2024,Singapore,317536,AT Capital Pte. Ltd.,180305,1004,0
2024,Netherlands,317314,Anthura BV,180226,1004,0
2024,Netherlands,310462,GoodFuels,177043,1004,0
2024,Netherlands,323922,Digital Container Shipping Association,183185,1004,0
2024,Norway,165468,Equinor ASA,46604,1004,0
2024,New Zealand,210950,Fonterra Cooperative Group Ltd.,118033,1004,0
2024,Panama,89491,CBI Sugar Group,62550,1022,0
2024,Paraguay,322277,Samera SA,182082,1004,0
2024,Philippines,271562,Rappler Inc.,159913,1004,0
2024,Qatar,252362,BeIN Media Group LLC,153378,1004,0
2024,Russia,201924,Ivanyan & Partners,110293,1025,0
2024,Singapore,69465,Government of Singapore,39796,1009,0
2024,Saudi Arabia,55610,Middle East Council of American Chambers of Commerce,56521,1006,0
2024,Saudi Arabia,345531,Government of Saudi Arabia,32093,1009,0
2024,Senegal,317547,SAGAM International,180315,1004,0
2024,Serbia,331067,Pink Media Group Doo Beograd,184209,1004,0
2024,United Kingdom,320353,Gemcorp Capital Management Ltd.,181455,1004,0
2024,United Kingdom,323950,Evolutionary Rail Ltd.,183240,1004,0
2024,United Kingdom,320586,Serac Healthcare Ltd.,181694,1004,0
2024,United Kingdom,252150,Rio Tinto plc,34354,1017,0
2024,Venezuela,343388,Petroleos de Venezuela SA,68287,1022,0
2024,Yugoslavia,310227,Trade Union of Employees of the Steel Factory – IMK Ferizaj,176896,1004,0
2024,United Kingdom,60581,International Banking Federation Ltd.,61673,1024,0
2024,United Kingdom,66934,Oil Companies International Marine Forum,55842,1024,0
2024,Ukraine,323376,Government of Ukraine,51653,1009,0
2024,United Kingdom,92118,Gabriel Resources Ltd.,43705,1017,0
2024,United Kingdom,80628,Argon Electronics,48408,1004,0
2024,United Kingdom,80629,Aircontrol Technologies,56233,1004,0
2024,United Kingdom,80639,SELEX ELSAG SpA,58013,1017,0
2024,United Kingdom,80640,VT Group plc,39759,1017,0
2024,United Kingdom,247936,Teekay Shipping (UK) Ltd.,149588,1004,0
2024,United Kingdom,194514,Global Witness Ltd.,37234,1027,0
2024,United Kingdom,215771,Burisma Holdings Ltd.,123450,1004,0
2024,Australia,326606,Allkem Ltd.,184127,1004,0
2024,Austria,315945,UNCAC Coalition,178896,1020,0
2024,Bahrain,137785,Bahrain Economic Development Board,67291,1009,0
2024,Australia,309614,Calix Ltd.,176527,1004,0
2024,Brazil,285917,Plinio Corrêa de Oliveira Institute,163835,1004,0
2024,Brazil,288060,Brazilian Avocado Commission,163943,1004,0
2024,Brazil,330382,J&F Investimentos SA,162980,1004,0
2024,Bulgaria,321250,Kiril Domuschiev and Georgi Domuschiev,179021,1027,0
2024,Cambodia,155833,"Textile, Apparel, Footwear and Travel Goods Association in Cambodia",40315,1001,0
2024,Canada,9717,Iogen Corp.,37486,1004,0
2024,Brazil,52114,Embraer SA,39105,1004,0
2024,Bermuda,91983,RenaissanceRe Holdings Ltd.,47103,1022,0
2024,Belgium,238773,"Dredging, Environmental and Marine Engineering NV",145548,1004,0
2024,Australia,228530,IFM Investors Pty. Ltd.,139477,1004,0
2024,Australia,230376,NuCoal Resources Ltd.,140925,1004,0
2024,Australia,252395,Breville Pty. Ltd.,153503,1004,0
2024,Australia,285341,ioneer Ltd.,163558,1004,0
2024,Afghanistan,213558,American University of Afghanistan,120295,1004,0
2024,Canada,190673,A.C.E. Consulting,100472,1017,0
2024,Canada,160248,PSP Investments,70020,1025,0
2024,Canada,107875,Nordion (Canada) Inc.,48328,1004,0
2024,Canada,104578,Kinross Gold Corp.,60667,1004,0
2024,Canada,55191,Irving Oil Ltd.,53831,1004,0
2024,Canada,231197,Matériaux Blanchet Inc.,141840,1004,0
2024,Canada,248831,International Maple Syrup Institute,150896,1001,0
2024,Canada,271895,Torngat Metals Ltd.,159956,1004,0
2024,Canada,262722,Northstar Earth & Space Systems Inc.,158827,1004,0
2024,Canada,295558,Almonty Industries Inc.,167611,1004,0
2024,Canada,297753,JFE Shoji Power Canada Inc.,169385,1004,0
2024,Canada,304853,National Coalition Party of Canada,174855,1020,0
2024,Canada,304911,AAV Ltd.,174902,1004,0
2024,Canada,306750,Heliene Inc.,175650,1004,0
2024,Canada,308894,Captor Capital Corp.,176185,1004,0
2025,United Kingdom,20225,GSK plc,34599,1004,2860000
2025,Canada,79371,Barrick Mining Corp.,34275,1004,2370000
2025,Cayman Islands,198250,Alibaba Group Holding Ltd.,106981,1004,2030000
2025,Ireland,40757,Accenture plc,33683,1004,1840000
2025,Canada,105375,TransCanada PipeLines Ltd.,37220,1004,1740000
2025,Canada,78286,Apotex Inc.,41468,1004,1390000
2025,China,292660,Tencent Holdings Ltd.,166101,1004,1120000
2025,China,301759,Ant Group Co. Ltd.,173046,1004,1090000
2025,South Korea,11132,Hyundai Motor America,35417,1004,1020000
2025,Switzerland,45939,TE Connectivity Ltd.,59043,1004,1020000
2025,Canada,252315,Cameco Corp.,67993,1004,940000
2025,South Korea,301727,Kia Corp.,57419,1004,900000
2025,Sweden,190663,Volvo Car Corp.,100399,1004,830000
2025,Canada,308451,Canadian National Railway Co.,55243,1004,700000
2025,United Kingdom,231378,CSL Seqirus,141965,1004,690000
2025,United Kingdom,70436,London Stock Exchange Group plc,56834,1017,660000
2025,Canada,291716,Shopify Inc.,165470,1004,640000
2025,Spain,90209,Repsol SA,39942,1027,590000
2025,Netherlands,43365,Friends of the Earth,56293,1020,510000
2025,United Kingdom,222826,Aptiv plc,134357,1004,470000
2025,Switzerland,28071,Novartis AG,32084,1004,460000
2025,Australia,294193,First Quantum Minerals Ltd.,166850,1004,460000
2025,Bermuda,314782,Athene Holding Ltd.,136722,1027,430000
2025,United Kingdom,91989,Alternative Investment Management Association Ltd.,60834,1001,430000
2025,Australia,308528,Fortescue Future Industries Pty Ltd.,175933,1004,420000
2025,Australia,326112,Woodside Energy Group Ltd.,183735,1004,410000
2025,China,255802,Zhongxing Telecommunications Equipment Corp.,54011,1004,410000
2025,Nigeria,252696,Aiteo Group,153598,1004,400000
2025,Canada,199259,Canadian Solar Inc.,107538,1004,390000
2025,United Kingdom,216441,NovoCure Ltd.,123727,1004,380000
2025,Canada,203128,Business Council of Canada,111008,1004,360000
2025,Hong Kong,327213,Lenovo Group Ltd.,63911,1004,360000
2025,Japan,153625,SoftBank Group Corp.,71296,1004,360000
2025,Panama,305794,HC Holdings SA,175454,1004,340000
2025,Mexico,294153,Associations of Mexican Tomato Growers,166875,1004,340000
2025,Canada,174943,Cenovus Energy Inc.,86968,1004,340000
2025,Canada,54860,TC Energy Corp.,58227,1004,335000
2025,Mexico,259352,Consejo Coordinador Empresarial,144073,1009,330000
2025,South Korea,135298,Korea International Trade Association,38704,1001,324104
2025,Netherlands,319448,Yandex NV,180901,1004,300000
2025,Canada,207139,"Province of Alberta, Canada",65418,1009,300000
2025,Germany,190800,Fresenius Medical Care AG and Co. KGaA,43697,1004,260000
2025,Japan,245090,Mizuho Bank Ltd.,147797,1004,260000
2025,Bermuda,110547,Assured Guaranty Ltd.,61236,1004,250000
2025,United Kingdom,314088,DTEK International Ltd.,178325,1004,250000
2025,United Kingdom,313748,Fenix International Ltd.,178184,1004,240000
2025,Iceland,343159,Kerecis,125221,1012,240000
2025,Singapore,299861,Maxeon Solar Technologies Ltd.,171831,1004,240000
2025,Australia,79502,BHP,49347,1004,240000
2025,Switzerland,79352,F. Hoffmann-La Roche Ltd.,44018,1004,230000
2025,Switzerland,284354,Bitcoin Association,163011,1004,220000
2025,Switzerland,12803,Swiss Reinsurance Co. Ltd.,36971,1004,220000
2025,Ireland,327239,Mare Finance Investment Holdings,184875,1004,220000
2025,Japan,153490,Hitachi Ltd.,65993,1004,220000
2025,Andorra,224563,Grup Immobiliari Cierco SA,135460,1004,220000
2025,Canada,151144,"Province of Saskatchewan, Canada",39875,1004,210000
2025,Canada,137798,Dairy Farmers of Canada,38877,1001,210000
2025,United Kingdom,248678,Financial Data and Technology Association North America,150688,1001,204000
2025,United Kingdom,112293,Lloyd's of London,51179,1017,200000
2025,Canada,55191,Irving Oil Ltd.,53831,1004,200000
2025,Canada,18900,Electricity Canada,52083,1001,200000
2025,Chile,305269,Highly Innovative Fuels,175078,1004,200000
2025,Israel,305726,NSO Group Technologies Ltd.,175354,1004,190000
2025,Norway,241172,Coalition for Epidemic Preparedness Innovations,146141,1020,190000
2025,Norway,319773,Axnes Aviation AS,39541,1004,190000
2025,South Korea,105182,Federation of Korean Industries,57438,1009,182500
2025,South Korea,157125,Samsung Electronics Co. Ltd.,54009,1004,170000
2025,Hong Kong,249832,World Dog Alliance Ltd.,151787,1024,170000
2025,China,302443,Beijing Xiaomi Mobile Software Co. Ltd.,173496,1004,170000
2025,United Kingdom,21068,InterContinental Hotels Group plc,42180,1004,170000
2025,Canada,249379,Sunrise Foods International Inc.,151400,1004,160000
2025,Canada,188354,Kruger Inc.,100524,1004,160000
2025,India,345185,Reliance Industries Ltd.,39549,1004,160000
2025,Ireland,292478,Mare Finance Investment Holdings Designated Activity Co.,165855,1027,160000
2025,India,58329,Tata Consultancy Services Ltd.,36985,1017,160000
2025,South Korea,301920,Hyundai Motor Co. Ltd.,173137,1004,160000
2025,Netherlands,92835,Royal DSM NV,56394,1004,160000
2025,Australia,157994,Brambles Ltd.,72104,1025,160000
2025,Canada,311621,The Metals Co.,177269,1004,158000
2025,Canada,153058,Teck Resources Ltd.,71203,1004,150000
2025,United Kingdom,301954,Perspectum Ltd.,173167,1004,150000
2025,United Kingdom,309671,Africell UK Ltd.,176575,1004,150000
2025,Haiti,221129,GB Group SA,129806,1004,149017
2025,South Korea,228032,Hyundai Steel Co. Ltd.,138657,1004,140000
2025,Switzerland,48784,"Gavi, the Vaccine Alliance",41878,1002,140000
2025,Bermuda,244929,Liberty Latin America Ltd.,147607,1017,140000
2025,Belgium,199627,SWIFT SCRL,108445,1004,140000
2025,Canada,317593,Liberty Utilities (Canada) Corp.,178584,1004,140000
2025,United Kingdom,305970,Cobalt Institute,175515,1004,140000
2025,United Kingdom,136626,Martin-Baker Aircraft Co. Ltd.,51104,1004,140000
2025,Australia,230376,NuCoal Resources Ltd.,140925,1004,135000
2025,Switzerland,154643,MSC Mediterranean Shipping Co. SA,70240,1004,134677
2025,Lebanon,13804,American University of Beirut,61282,1007,130000
2025,Canada,259316,Crystallex International,157714,1004,130000
2025,Canada,294856,Refraction Asset Management Ltd.,166945,1004,121000
2025,Canada,277593,Absolute Software Corp.,160633,1017,120000
2025,Chile,233964,Antofagasta Minerals SA,143559,1004,120000
2025,Canada,16820,Gildan Activewear Inc.,64325,1022,120000
2025,Canada,50759,BlackBerry Ltd.,39684,1004,120000
2025,Japan,315763,Hard Rock Japan KK,178819,1004,120000
2025,Japan,136714,Toyota Motor Corp.,32537,1004,120000
2025,Haiti,320204,Association of Industries of Haiti,41144,1001,120000
2025,Guam,104063,AmChams of Asia Pacific,51991,1006,120000
2025,Ireland,303013,TechMet Ltd.,173897,1004,120000
2025,Ireland,242371,Avadel Pharmaceuticals PLC,146834,1012,120000
2025,Iraq,342328,"Government of Kurdistan, Iraq",41486,1009,120000
2025,Switzerland,343341,Climeworks Corp.,182927,1004,120000
2025,Netherlands,108189,Wolters Kluwer NV,41211,1004,120000
2025,United Kingdom,148141,GKN plc,50794,1004,120000
2025,United Kingdom,320362,Wise plc,181452,1004,110000
2025,Norway,224504,DNV GL Group AS,135403,1004,110000
2025,Singapore,37324,APL Ltd.,39843,1004,110000
2025,Singapore,321828,Corinthia Holdings Pte. Ltd.,182010,1004,110000
2025,Canada,160088,Binational Softwood Lumber Council,69983,1008,110000
2025,Canada,289664,RS Technologies Inc.,164685,1004,110000
2025,Canada,232251,Medisca Inc.,142501,1004,110000
2025,Panama,312365,Corporacion Internacional Cemcal,177429,1004,108000
2025,South Korea,302726,LG Energy Solution Ltd.,173773,1027,100000
2025,Switzerland,49354,Medicines for Malaria Venture,42311,1002,100000
2025,Israel,319960,Rafa Laboratories Ltd.,181160,1004,100000
2025,Kuwait,254494,KGL Logistics,134256,1025,100000
2025,Kuwait,282261,Agility Public Warehousing Company KSCP,157881,1009,100000
2025,Japan,312039,Japan Securities Clearing Corp.,177303,1004,100000
2025,Canada,295558,Almonty Industries Inc.,167611,1004,100000
2025,Canada,310707,PointClickCare Technologies Inc.,177112,1017,100000
2025,Canada,318445,GHGSat Inc.,180530,1004,100000
2025,Canada,313681,Dapper Labs Inc.,177807,1004,100000
2025,Germany,230803,Papierfabrik August Koehler SE,141343,1004,100000
2025,Germany,296052,Association of the German Confectionery Industry,167801,1004,100000
2025,Germany,76888,Deutsche Lufthansa AG,51017,1017,100000
2025,England,210335,Mallinckrodt plc,117476,1012,100000
2025,France,152893,Comité Interprofessionnel du Vin de Champagne,44894,1027,100000
2025,Canada,191455,Ontario Teachers' Pension Plan,101473,1020,100000
2025,Australia,228530,IFM Investors Pty. Ltd.,139477,1004,100000
2025,Australia,268981,Codan Communications,159700,1004,100000
2025,United Kingdom,323962,LMAX Group,183235,1004,100000
2025,United Kingdom,208009,Anglo American Services (UK) Ltd.,43907,1027,100000
2025,United Kingdom,15902,Aon Risk Services Inc.,74124,1004,100000
2025,Netherlands,318467,VEON Ltd.,180517,1004,91613
2025,Panama,252195,Promerica Financial Corp.,152891,1004,90000
2025,Canada,207246,Avalon Advanced Materials Inc.,114489,1027,90000
2025,France,207673,National Council of Resistance of Iran,67129,1011,83500
2025,Ireland,196504,Trane Technologies plc,105856,1004,82500
2025,Israel,152987,InSightec Ltd.,51604,1022,80000
2025,Guatemala,67602,Central American Sugar Association,50627,1001,80000
2025,United Arab Emirates,219985,Emirates Airlines,128708,1004,80000
2025,Norway,318510,Green Ammo AS,180561,1004,80000
2025,Russia,264999,En+ Group International Public Joint-Stock Co.,159380,1004,80000
2025,Denmark,343429,Bavarian Nordic AS,68750,1004,80000
2025,Canada,292331,Grodan Inc.,165921,1004,80000
2025,Canada,207249,Canadian International Pharmacy Association,48160,1017,80000
2025,Canada,191780,Ucore Rare Metals Inc.,101358,1004,80000
2025,Canada,171337,DBRS Inc.,84794,1017,80000
2025,Canada,64320,Ovintiv Inc.,35590,1004,80000
2025,Australia,299655,4D Medical,171748,1004,80000
2025,United Kingdom,206116,Smiths Group plc,36822,1004,80000
2025,United Kingdom,307747,NeedleSmart Ltd.,175771,1004,80000
2025,United Kingdom,168025,Argus Media Inc.,78867,1004,75000
2025,Canada,301147,Carbon Engineering Ltd.,156366,1027,72000
2025,Dominican Republic,144259,Consorcio Azucarero de Empresas Industriales,39044,1004,70000
2025,Canada,46437,New Flyer of America Inc.,54378,1004,70000
2025,Israel,312260,Nostromo Energy Ltd.,177383,1004,70000
2025,Switzerland,323914,Web 3.0 Technologies Foundation,183188,1004,70000
2025,United Kingdom,218499,Drax Group plc,126265,1004,60000
2025,United Kingdom,299149,HSBC Latin America Holdings (UK) Ltd.,170821,1004,60000
2025,Guatemala,319029,Chamber of Industry of Guatemala,180679,1004,60000
2025,Ireland,278634,Irish Distillers,160815,1004,60000
2025,Netherlands,315155,KNDS,178513,1004,60000
2025,South Korea,79493,American Chamber of Commerce in Korea,61409,1006,60000
2025,Canada,144297,Ultra Electronics Forensic Technology Inc.,39048,1014,60000
2025,Canada,107891,Bombardier Recreational Products,57755,1004,60000
2025,Canada,198364,Livingston International Income Fund,107150,1025,60000
2025,Canada,205402,Capital Power Corp.,113543,1004,60000
2025,Canada,208093,Canadian Cattlemen's Association,42255,1001,60000
2025,Canada,321050,Damera Bus Sales Canada,181844,1004,60000
2025,Canada,218955,Cascade Aerospace Inc.,127711,1004,60000
2025,Australia,302673,Seeing Machines,173742,1004,60000
2025,Australia,292223,GreyScan Australia Pty. Ltd.,165922,1004,60000
2025,Australia,176318,Lynas Rare Earths Ltd.,87322,1004,60000
2025,Canada,178294,Norampac,98236,1004,56689
2025,France,190762,Natixis Global Asset Management SA,100369,1004,55000
2025,Norway,219830,Kongsberg Maritime Inc.,108272,1004,52000
2025,India,309421,Lupin Inc.,176416,1004,50000
2025,Canada,207586,Barrday Corp.,115874,1004,50000
2025,Bermuda,232940,Rendeavour Holding Ltd.,143081,1004,50000
2025,United Kingdom,162076,Anglo American plc,68877,1027,45000
2025,Canada,257736,enCore Energy Corp.,156457,1004,42000
2025,Canada,264195,NexGen Energy Ltd.,159240,1004,40000
2025,Canada,264863,KIK Custom Products Inc.,159364,1004,40000
2025,Canada,217164,Stronach Group Inc.,124248,1004,40000
2025,Egypt,241640,American University in Cairo,103162,1007,40000
2025,Bermuda,48728,Arch Capital Group Ltd.,49309,1004,40000
2025,Australia,310017,Arizona Lithium Ltd.,176823,1004,40000
2025,Canada,66667,Revision Military Inc.,68754,1004,40000
2025,Canada,172383,Armatec Survivability Corp.,85070,1004,40000
2025,Hong Kong,176299,D'Luxe Group Ltd.,87316,1017,40000
2025,Italy,91925,Global Crop Diversity Trust,64292,1002,40000
2025,Japan,154656,Japan Automobile Manufacturers Association Inc.,68737,1001,40000
2025,Lebanon,241891,Cedrus Bank SAL,146565,1004,40000
2025,Netherlands,200034,International Association of STM Publishers,109282,1001,40000
2025,South Korea,299902,Zinus Inc.,171863,1004,40000
2025,Australia,204022,Rubicon Water,111930,1004,40000
2025,United Kingdom,277541,Global Infrastructure Investor Association,160606,1004,40000
2025,United Kingdom,292338,Skyscanner Ltd.,165836,1004,40000
2025,United Kingdom,161149,International Marine Contractors Association,70300,1001,40000
2025,United Kingdom,202,Standard Chartered plc,55727,1017,30000
2025,United Kingdom,320620,International Group of Protection and Indemnity Clubs,40588,1027,30000
2025,South Korea,339904,LG Chem Ltd.,158070,1004,30000
2025,India,319750,Epsilon Carbon Private Ltd.,181088,1004,30000
2025,Canada,137739,Chamber of Marine Commerce,57407,1001,30000
2025,Canada,306750,Heliene Inc.,175650,1004,30000
2025,Channel Islands,322585,Rainbow Rare Earths Ltd.,182237,1004,30000
2025,Canada,263131,Vanroboys Group of Cos.,159131,1004,30000
2025,Japan,297014,Toshiba Corp.,68746,1020,28000
2025,Italy,7951,ENI SpA,49226,1004,25000
2025,Japan,309273,Takeda Pharmaceutical Co. Ltd.,57495,1027,20000
2025,Hong Kong,92474,Esquel Enterprises Ltd.,64299,1004,20000
2025,United Arab Emirates,297928,Arton Capital Inc.,169626,1004,20000
2025,Switzerland,315739,Garrett Motion Inc.,178784,1004,20000
2025,Switzerland,233220,CSL Vifor,109516,1004,20000
2025,Netherlands,238772,Van Oord NV,145545,1004,20000
2025,Netherlands,154393,Royal Boskalis Westminster NV,51614,1017,20000
2025,Canada,315730,National Hockey League Players Association,178808,1001,20000
2025,Canada,312982,Kinectrics AES Inc.,177762,1004,20000
2025,France,235677,Constellium Paris,144621,1004,20000
2025,France,300752,Escape International Air TEP,172143,1027,20000
2025,Canada,89601,Onex Corp.,48829,1004,20000
2025,Canada,210825,Top Aces Corp.,117884,1004,20000
2025,Canada,175853,Manitoba Hydro Corp.,87133,1010,20000
2025,Australia,314387,Micro-X Inc.,178414,1004,20000
2025,Australia,320618,Sports Futures Xchange Pty. Ltd.,181717,1004,20000
2025,Belgium,13398,International Association of Professional Numismatists,46036,1001,20000
2025,United Kingdom,238566,Cruelty Free International,145470,1004,20000
2025,Canada,136787,World Anti-Doping Agency,66716,1024,18000
2025,Cambodia,155833,"Textile, Apparel, Footwear and Travel Goods Association in Cambodia",40315,1001,10000
2025,France,190760,BPCE SA,100235,1004,10000
2025,China,165437,American Chamber of Commerce in Shanghai (China),71101,1006,10000
2025,Czech Republic,302382,Webgroup Czech Republic as,173447,1027,10000
2025,Canada,250150,Pembina Pipeline Corp.,151996,1004,10000
2025,Germany,326420,Gujarat Fluorochemicals GmbH,184056,1004,10000
2025,Ireland,307320,AerCap Holdings NV,175726,1004,10000
2025,Italy,271383,Consortium for the Protection of Pecorino Romano Cheese,159890,1004,10000
2025,Italy,319368,Gruppo ICM SpA,180819,1004,10000
2025,United Kingdom,245299,Life Molecular Imaging Ltd.,148070,1004,10000
2025,United Kingdom,313210,Oxford Instruments NanoScience,177874,1004,10000
2025,Belgium,148453,European Banking Federation,45474,1024,8000
2025,Japan,147740,Institute of Cetacean Research,51720,1022,7000
2025,Italy,137825,Mirabella SG SpA,38881,1004,0
2025,Ivory Coast,283291,Democratic Party of Cote d'Ivoire,162223,1004,0
2025,Japan,6986,Japan Automobile Standards Internationalization Center,45868,1009,0
2025,Japan,10223,Japan Bank for International Cooperation,48048,1004,0
2025,Liberia,168915,MEAB Bank SAL,79185,1022,0
2025,Liberia,218628,Commission Import Export SA,126760,1008,0
2025,Luxembourg,218394,Oxford BioChronometrics,125891,1004,0
2025,Malaysia,303870,Roundtable on Sustainable Palm Oil,174196,1004,0
2025,Mauritius,14393,Mauritius Chamber of Agriculture and Mauritius Sugar Syndicate,46486,1022,0
2025,Mexico,4624,Avocado Producers of Mexico,39005,1006,0
2025,Mexico,158255,Deacero SAPI de CV,52203,1004,0
2025,Mexico,215003,Independent University of Guadalajara (Mexico),121414,1007,0
2025,Lebanon,223769,M1 Group,135198,1025,0
2025,Lebanon,224652,Al-Mawarid Bank SAL,135519,1004,0
2025,Lebanon,229133,Fenicia Bank SAL,139992,1004,0
2025,Israel,154546,Rafael Advanced Defense Systems Ltd.,62196,1004,0
2025,Israel,207052,World Jewish Restitution Organization,115381,1020,0
2025,Israel,270501,Elbit Systems - Cyclone Ltd.,159824,1004,0
2025,Israel,302354,Center for Near East Policy Research Ltd.,173434,1004,0
2025,Israel,320102,RAFT Technologies Ltd.,179239,1004,0
2025,Israel,323666,N-Drip Ltd.,182905,1004,0
2025,Israel,329873,Government of Israel,38682,1009,0
2025,India,266833,National Association of Software and Services Companies,36006,1024,0
2025,Hong Kong,111466,Hutchison Whampoa Ltd.,41133,1022,0
2025,Haiti,345582,Government of Haiti,43412,1009,0
2025,Honduras,135664,Central American Bank for Economic Integration,66993,1004,0
2025,Netherlands,196075,ASML Netherlands BV,105108,1025,0
2025,Monaco,221681,MARSS Ltd.,129962,1015,0
2025,Morocco,299243,OCP SA,38639,1022,0
2025,Netherlands,80632,KLM Royal Dutch Airlines,38712,1017,0
2025,Netherlands,323922,Digital Container Shipping Association,183185,1004,0
2025,Netherlands,325648,Orascom Construction International NV,183624,1004,0
2025,New Zealand,210950,Fonterra Cooperative Group Ltd.,118033,1004,0
2025,Panama,89491,CBI Sugar Group,62550,1022,0
2025,Saudi Arabia,345531,Government of Saudi Arabia,32093,1009,0
2025,Singapore,69465,Government of Singapore,39796,1009,0
2025,Paraguay,322277,Samera SA,182082,1004,0
2025,Philippines,271562,Rappler Inc.,159913,1004,0
2025,Russia,64484,GML Ltd.,56815,1022,0
2025,Russia,201924,Ivanyan & Partners,110293,1025,0
2025,Spain,234986,Tabacalera SLU,144324,1004,0
2025,Switzerland,5128,Swiss Bankers Association,63142,1001,0
2025,South Korea,317188,Korean Air Co. Ltd.,180168,1027,0
2025,South Korea,110705,Samsung C&T Corp.,43762,1004,0
2025,South Korea,135191,Korea Trade-Investment Promotion Agency,38954,1024,0
2025,Somalia,137244,Government of Somalia,38957,1008,0
2025,South Africa,217185,South African Avocado Growers Association,124289,1004,0
2025,Belgium,238773,"Dredging, Environmental and Marine Engineering NV",145548,1004,0
2025,Belgium,320907,Imec Inc.,181807,1004,0
2025,Bermuda,91983,RenaissanceRe Holdings Ltd.,47103,1022,0
2025,Australia,309614,Calix Ltd.,176527,1004,0
2025,Austria,232302,Avita Medical Inc.,142634,1004,0
2025,Austria,315945,UNCAC Coalition,178896,1020,0
2025,Bahrain,137785,Bahrain Economic Development Board,67291,1009,0
2025,Canada,9717,Iogen Corp.,37486,1004,0
2025,Brazil,52114,Embraer SA,39105,1004,0
2025,Brazil,224836,Suzano Pulp and Paper,135590,1004,0
2025,Brazil,285917,Plinio Corrêa de Oliveira Institute,163835,1004,0
2025,Brazil,288060,Brazilian Avocado Commission,163943,1004,0
2025,Brazil,330382,J&F Investimentos SA,162980,1004,0
2025,Canada,137322,Canadian Association of Petroleum Producers,52075,1001,0
2025,Canada,107875,Nordion (Canada) Inc.,48328,1004,0
2025,Canada,160248,PSP Investments,70020,1025,0
2025,Canada,190673,A.C.E. Consulting,100472,1017,0
2025,Canada,197710,Canadian Snowbird Association,106366,1004,0
2025,Canada,220215,Niedner Inc.,129143,1004,0
2025,Canada,231197,Matériaux Blanchet Inc.,141840,1004,0
2025,Canada,248831,International Maple Syrup Institute,150896,1001,0
2025,Canada,271895,Torngat Metals Ltd.,159956,1004,0
2025,Canada,320622,Total Containment Inc.,181714,1004,0
2025,Canada,304911,AAV Ltd.,174902,1004,0
2025,Canada,297753,JFE Shoji Power Canada Inc.,169385,1004,0
2025,Czech Republic,319711,Draslovka Holding AS,181058,1004,0
2025,Ecuador,333145,Government of Ecuador,43370,1011,0
2025,China,309797,American Chamber of Commerce in South China,176696,1024,0
2025,Croatia,317132,Fortenova Group dd,180122,1004,0
2025,Cyprus,282249,Association of Cyprus Banks,149265,1004,0
2025,China,240722,Oriental Fortune Investment Ltd.,145957,1004,0
2025,China,258945,Huawei Technologies Co. Ltd.,46599,1004,0
2025,China,294990,Yum China Holdings Inc.,167045,1004,0
2025,China,298860,Inspur Group Co. Ltd.,170391,1004,0
2025,Finland,313887,Aker Arctic Technology Oy,178247,1004,0
2025,France,102792,AXA SA,53943,1004,0
2025,France,283997,Droit de Naître,162830,1024,0
2025,France,302101,Pandemic Mitigation Project,173362,1024,0
2025,"Georgia, Republic of",296499,Anaklia Development Consortium LLC,168031,1004,0
2025,Germany,172801,Xeless GmbH,86255,1017,0
2025,Germany,302544,Lilium Aviation Inc.,173587,1004,0
2025,Afghanistan,213558,American University of Afghanistan,120295,1004,0
2025,Australia,252395,Breville Pty. Ltd.,153503,1004,0
2025,United Kingdom,319729,Shetland Space Centre Ltd.,181079,1004,0
2025,Venezuela,343388,Petroleos de Venezuela SA,68287,1022,0
2025,Yugoslavia,310227,Trade Union of Employees of the Steel Factory – IMK Ferizaj,176896,1004,0
2025,United Kingdom,247936,Teekay Shipping (UK) Ltd.,149588,1004,0
2025,United Kingdom,194514,Global Witness Ltd.,37234,1027,0
2025,United Kingdom,92118,Gabriel Resources Ltd.,43705,1017,0
2025,United Kingdom,27461,British Airways plc,33535,1004,0
2025,United Kingdom,60581,International Banking Federation Ltd.,61673,1024,0
2025,United Kingdom,66934,Oil Companies International Marine Forum,55842,1024,0
2025,United Kingdom,80628,Argon Electronics,48408,1004,0
2025,United Kingdom,80629,Aircontrol Technologies,56233,1004,0
2025,United Kingdom,80639,SELEX ELSAG SpA,58013,1017,0
2025,United Kingdom,80640,VT Group plc,39759,1017,0
